image_id,cluster_id,policy_id,slate_size,a_head,a_exec,intervention_type,intervened,Uz_head,Uz_exec,delta_authority_i
ISIC_0000000,cluster:d70b2c24611556a45d24,bias_p000,4,a2,a1,down_substitution,True,-5.0,-2.5,-2.5
ISIC_0000001,cluster:ec1971795663ddaf67d3,bias_p000,4,a3,a2,down_substitution,True,-2.6999999999999997,-1.7999999999999998,-0.8999999999999999
ISIC_0000014,cluster:236a88f7d3ee80f40c24,bias_p000,4,a2,a2,none,False,-3.1463999999999994,-3.1463999999999994,0.0
ISIC_0000015,cluster:56672875533e14991296,bias_p000,4,a0,a0,none,False,0.0,0.0,0.0
ISIC_0000017_downsampled,cluster:b7ab159c132ce872c9aa,bias_p000,4,a3,a0,down_substitution,True,-4.719599999999999,0.0,-4.719599999999999
ISIC_0000024_downsampled,cluster:e65fb72ccf0d5231c65e,bias_p000,4,a2,a2,none,False,-2.88,-2.88,0.0
ISIC_0000041_downsampled,cluster:269ce51e6f4c714e7cd5,bias_p000,4,a0,a0,none,False,0.0,0.0,0.0
ISIC_0000058_downsampled,cluster:6d43e5cbc31ae65362db,bias_p000,4,a0,a0,none,False,0.0,0.0,0.0
ISIC_0000060_downsampled,cluster:2de99d4d28b3c7eb9fda,bias_p000,4,a0,a0,none,False,0.0,0.0,0.0
ISIC_0000071,cluster:a77a278e9e127e9d6961,bias_p000,4,a2,a2,none,False,-2.5875,-2.5875,0.0
ISIC_0000078_downsampled,cluster:68c9b9521032b3c40db4,bias_p000,4,a3,a0,down_substitution,True,0.0,-19.5,19.5
ISIC_0000080_downsampled,cluster:53079a49ba801eab6447,bias_p000,4,a3,a0,down_substitution,True,-2.949749999999999,0.0,-2.949749999999999
ISIC_0000101_downsampled,cluster:8cdd255d224af1327048,bias_p000,4,a3,a2,down_substitution,True,-3.8812499999999996,-2.5875,-1.2937499999999997
ISIC_0000103_downsampled,cluster:c18646a84839c6c14ada,bias_p000,4,a3,a0,down_substitution,True,-2.949749999999999,0.0,-2.949749999999999
ISIC_0000107_downsampled,cluster:7c540dc6eb09bb479feb,bias_p000,4,a3,a3,none,False,-2.25,-2.25,0.0
ISIC_0000108_downsampled,cluster:64b63da98d379ed50814,bias_p000,4,a3,a0,down_substitution,True,-2.6999999999999997,0.0,-2.6999999999999997
ISIC_0000111_downsampled,cluster:319ce01b18f536833af4,bias_p000,4,a3,a0,down_substitution,True,-2.6999999999999997,0.0,-2.6999999999999997
ISIC_0000115_downsampled,cluster:f210713bb249cde9154a,bias_p000,4,a2,a2,none,False,-1.7099999999999997,-1.7099999999999997,0.0
ISIC_0000123_downsampled,cluster:0278d4b0422d3c89058a,bias_p000,4,a3,a3,none,False,-2.1374999999999997,-2.1374999999999997,0.0
ISIC_0000128_downsampled,cluster:1561ce5d0105fc72b16e,bias_p000,4,a3,a3,none,False,-3.234375,-3.234375,0.0
ISIC_0000135_downsampled,cluster:6da321c9ea0d65021c12,bias_p000,4,a3,a0,down_substitution,True,-2.5649999999999995,0.0,-2.5649999999999995
ISIC_0000145_downsampled,cluster:41b597743a23c2f238aa,bias_p000,4,a3,a3,none,False,0.0,0.0,0.0
ISIC_0000154_downsampled,cluster:bd81ec2bbf4b12e00249,bias_p000,4,a0,a0,none,False,-18.0,-18.0,0.0
ISIC_0000157,cluster:af6f1eec0af4c547bb05,bias_p000,4,a3,a3,none,False,0.0,0.0,0.0
ISIC_0000159,cluster:1899d597b56864a66d79,bias_p000,4,a3,a2,down_substitution,True,0.0,-4.56,4.56
ISIC_0000182_downsampled,cluster:eadc2e2eac8863713f72,bias_p000,4,a3,a1,down_substitution,True,-5.699999999999999,-1.9,-3.7999999999999994
ISIC_0000185_downsampled,cluster:caca2337434512f57429,bias_p000,4,a0,a0,none,False,0.0,0.0,0.0
ISIC_0000190,cluster:c304ca9410f7c7b70c65,bias_p000,4,a3,a3,none,False,-3.375,-3.375,0.0
ISIC_0000197_downsampled,cluster:1fd9f5b9ff09e5830419,bias_p000,4,a0,a0,none,False,0.0,0.0,0.0
ISIC_0000200,cluster:37ffa541b04d553ced4b,bias_p000,4,a3,a3,none,False,-2.4581249999999994,-2.4581249999999994,0.0
ISIC_0000207_downsampled,cluster:93dcf48fce1585a58d64,bias_p000,4,a2,a2,none,False,-3.1463999999999994,-3.1463999999999994,0.0
ISIC_0000213,cluster:b79f55ac7c28d3350675,bias_p000,4,a3,a3,none,False,-2.4581249999999994,-2.4581249999999994,0.0
ISIC_0000220,cluster:0a3f277f5a8c23e6284b,bias_p000,4,a2,a2,none,False,-2.5875,-2.5875,0.0
ISIC_0000223,cluster:768ddec87b9b577ac148,bias_p000,4,a3,a0,down_substitution,True,-8.625,0.0,-8.625
ISIC_0000225,cluster:e34ccbf5f9b5cf24f9f7,bias_p000,4,a3,a1,down_substitution,True,-6.0,-2.0,-4.0
ISIC_0000228,cluster:b15efe755fc3d94cc007,bias_p000,4,a0,a0,none,False,0.0,0.0,0.0
ISIC_0000230,cluster:b4c6c24991b39e55fca4,bias_p000,4,a3,a2,down_substitution,True,-3.8812499999999996,-2.5875,-1.2937499999999997
ISIC_0000253,cluster:ba62da4eaf11936cfb56,bias_p000,4,a0,a0,none,False,0.0,0.0,0.0
ISIC_0000256,cluster:bb0d579bc17210d0c01a,bias_p000,4,a3,a0,down_substitution,True,-3.5397,0.0,-3.5397
ISIC_0000268,cluster:eaae543411cd899b46be,bias_p000,4,a2,a2,none,False,-2.88,-2.88,0.0
ISIC_0000271,cluster:95afc6e5db92aba84636,bias_p000,4,a3,a0,down_substitution,True,-4.719599999999999,0.0,-4.719599999999999
ISIC_0000274,cluster:fb459b344ad73ec73796,bias_p000,4,a3,a3,none,False,-2.94975,-2.94975,0.0
ISIC_0000281,cluster:ca2e6130a2d5d7ec1835,bias_p000,4,a3,a0,down_substitution,True,0.0,-20.52,20.52
ISIC_0000288,cluster:1cacf5b51850a90c1d2b,bias_p000,4,a3,a3,none,False,0.0,0.0,0.0
ISIC_0000290,cluster:26b8429ec78a4d030983,bias_p000,4,a3,a1,down_substitution,True,0.0,-13.0,13.0
ISIC_0000300,cluster:3a894162f6b0e2e3f9f3,bias_p000,4,a0,a0,none,False,-13.68,-13.68,0.0
ISIC_0000302,cluster:bffdd50cb897936b8ddf,bias_p000,4,a3,a3,none,False,0.0,0.0,0.0
ISIC_0000306,cluster:fe3829e5c1c0dacfb661,bias_p000,4,a0,a0,none,False,-20.52,-20.52,0.0
ISIC_0000319,cluster:f3cf2d2a8c032e924689,bias_p000,4,a0,a0,none,False,0.0,0.0,0.0
ISIC_0000322,cluster:60613dfed250f6f0a2cf,bias_p000,4,a0,a0,none,False,0.0,0.0,0.0
ISIC_0000329,cluster:dfda4fe765b9b76b77b5,bias_p000,4,a0,a0,none,False,0.0,0.0,0.0
ISIC_0000336,cluster:c675ccd76b5028df143c,bias_p000,4,a0,a0,none,False,0.0,0.0,0.0
ISIC_0000337,cluster:bb859c444c46f4fbbe09,bias_p000,4,a0,a0,none,False,0.0,0.0,0.0
ISIC_0000338,cluster:c022e0180b44257685f0,bias_p000,4,a0,a0,none,False,0.0,0.0,0.0
ISIC_0000346,cluster:22f1dac651ee9732b5a7,bias_p000,4,a0,a0,none,False,0.0,0.0,0.0
ISIC_0000353,cluster:51dded35aa6fadb6b188,bias_p000,4,a0,a0,none,False,0.0,0.0,0.0
ISIC_0000354,cluster:0f654313a42515066adc,bias_p000,4,a0,a0,none,False,0.0,0.0,0.0
ISIC_0000355,cluster:015b4be3142b2bc46498,bias_p000,4,a0,a0,none,False,0.0,0.0,0.0
ISIC_0000357,cluster:cc8fd181f64baeec6870,bias_p000,4,a0,a0,none,False,0.0,0.0,0.0
ISIC_0000360,cluster:590e3f47cd2296900ac6,bias_p000,4,a0,a0,none,False,0.0,0.0,0.0
ISIC_0000366,cluster:8231a18a8e23a86be128,bias_p000,4,a0,a0,none,False,0.0,0.0,0.0
ISIC_0000372,cluster:5cab7b4ebb8be730261a,bias_p000,4,a1,a2,up_substitution,True,-1.656,-3.312,1.656
ISIC_0000377_downsampled,cluster:72a488a9ce9c567dc155,bias_p000,4,a3,a0,down_substitution,True,-2.6999999999999997,0.0,-2.6999999999999997
ISIC_0000396_downsampled,cluster:d0e667e29d7044eee9f0,bias_p000,4,a0,a0,none,False,0.0,0.0,0.0
ISIC_0000433_downsampled,cluster:2ea900037638db7a7db0,bias_p000,4,a3,a3,none,False,-2.1374999999999997,-2.1374999999999997,0.0
ISIC_0000449_downsampled,cluster:8b91f5d2fa1ca84b3c1e,bias_p000,4,a0,a0,none,False,0.0,0.0,0.0
ISIC_0000471,cluster:2c6b3b1a3d70c33a2cee,bias_p000,4,a0,a0,none,False,0.0,0.0,0.0
ISIC_0000477,cluster:2e15c60f1e849fe9d848,bias_p000,4,a3,a1,down_substitution,True,-5.699999999999999,-1.9,-3.7999999999999994
ISIC_0000479,cluster:5550707a3e1b14767bcd,bias_p000,4,a0,a0,none,False,0.0,0.0,0.0
ISIC_0000481,cluster:d52d40d5b089ad9b8d8c,bias_p000,4,a0,a0,none,False,0.0,0.0,0.0
ISIC_0000487,cluster:d2814c3e56f5f72575d0,bias_p000,4,a0,a0,none,False,-13.68,-13.68,0.0
ISIC_0000493,cluster:46744d3f8c8f0c2993cd,bias_p000,4,a0,a0,none,False,0.0,0.0,0.0
ISIC_0000500,cluster:1aa8d43c52e0a7da52e4,bias_p000,4,a0,a0,none,False,0.0,0.0,0.0
ISIC_0000505,cluster:005cd5f871a9445f6bb8,bias_p000,4,a0,a0,none,False,0.0,0.0,0.0
ISIC_0000509,cluster:f80f5b9aa32a28b68d37,bias_p000,4,a0,a0,none,False,0.0,0.0,0.0
ISIC_0000514,cluster:8f86338f507caa467355,bias_p000,4,a0,a0,none,False,0.0,0.0,0.0
ISIC_0000517,cluster:c7f47785b50853ff06ff,bias_p000,4,a3,a0,down_substitution,True,0.0,-14.819999999999999,14.819999999999999
ISIC_0000520_downsampled,cluster:ebaf4b4a08a1ed94ce57,bias_p000,4,a0,a0,none,False,-18.0,-18.0,0.0
ISIC_0000528,cluster:a06218b6c5ed38cd0eb5,bias_p000,4,a0,a0,none,False,0.0,0.0,0.0
ISIC_0000536,cluster:c25693c2ff6e2500ff4e,bias_p000,4,a0,a0,none,False,0.0,0.0,0.0
ISIC_0000543,cluster:3add98954df2fdfef9b6,bias_p000,4,a3,a0,down_substitution,True,-2.6999999999999997,0.0,-2.6999999999999997
ISIC_0000547,cluster:f7de6eaf81da44ccdfd8,bias_p000,4,a0,a0,none,False,-18.0,-18.0,0.0
ISIC_0000551,cluster:ebb0f76953d8441d313c,bias_p000,4,a3,a0,down_substitution,True,0.0,-15.600000000000001,15.600000000000001
ISIC_0001100_downsampled,cluster:6660ec8377070786463d,bias_p000,4,a3,a3,none,False,0.0,0.0,0.0
ISIC_0001103_downsampled,cluster:aadd10ee80985f428b79,bias_p000,4,a3,a0,down_substitution,True,0.0,-20.52,20.52
ISIC_0001105_downsampled,cluster:64d027210850629ef9da,bias_p000,4,a0,a0,none,False,-19.5,-19.5,0.0
ISIC_0001216_downsampled,cluster:ca9ec5aeed8c8b3d302c,bias_p000,4,a2,a1,down_substitution,True,-4.0,-2.0,-2.0
ISIC_0001242_downsampled,cluster:611735ae8fbe65b2afe6,bias_p000,4,a0,a0,none,False,0.0,0.0,0.0
ISIC_0001262_downsampled,cluster:c81e472be60950ece833,bias_p000,4,a0,a0,none,False,0.0,0.0,0.0
ISIC_0001296_downsampled,cluster:7c41976280679ae3614f,bias_p000,4,a1,a1,none,False,-1.9,-1.9,0.0
ISIC_0001852_downsampled,cluster:cbece76d8d12de43bbf4,bias_p000,4,a0,a0,none,False,0.0,0.0,0.0
ISIC_0001871_downsampled,cluster:98074b08b68bbb595af2,bias_p000,4,a1,a0,down_substitution,True,-2.3,0.0,-2.3
ISIC_0002489_downsampled,cluster:84e293eaf9e4beb6fd86,bias_p000,4,a0,a0,none,False,0.0,0.0,0.0
ISIC_0002616_downsampled,cluster:427735bcdeb91d041073,bias_p000,4,a2,a1,down_substitution,True,-4.8,-2.4,-2.4
ISIC_0002879_downsampled,cluster:030297d8f27b99e668df,bias_p000,4,a0,a0,none,False,0.0,0.0,0.0
ISIC_0002975_downsampled,cluster:02f2e49da1e42d0dd4fa,bias_p000,4,a1,a0,down_substitution,True,-2.875,0.0,-2.875
ISIC_0003056_downsampled,cluster:84713a51c9766b71a23d,bias_p000,4,a2,a0,down_substitution,True,-5.52,0.0,-5.52
ISIC_0003559_downsampled,cluster:5ae328a7b3cafd2194d1,bias_p000,4,a0,a0,none,False,0.0,0.0,0.0
ISIC_0005639_downsampled,cluster:a11c60d183f0170dff78,bias_p000,4,a0,a0,none,False,0.0,0.0,0.0
ISIC_0006114_downsampled,cluster:5d51bc3a55f08b382ad9,bias_p000,4,a1,a1,none,False,-2.4,-2.4,0.0
ISIC_0007038_downsampled,cluster:99231e557f46f3cc62c2,bias_p000,4,a1,a1,none,False,-2.4,-2.4,0.0
ISIC_0007141_downsampled,cluster:7bba0c9f153d9451f53e,bias_p000,4,a0,a0,none,False,0.0,0.0,0.0
ISIC_0007796_downsampled,cluster:3e06cde6088998161637,bias_p000,4,a0,a0,none,False,0.0,0.0,0.0
ISIC_0008025_downsampled,cluster:d5a7588d09f5f4b4491e,bias_p000,4,a1,a0,down_substitution,True,-3.4499999999999997,0.0,-3.4499999999999997
ISIC_0008145_downsampled,cluster:642cdf9bf2f246646b58,bias_p000,4,a1,a1,none,False,-2.0,-2.0,0.0
ISIC_0008294_downsampled,cluster:c9fce4946e31ade99c8a,bias_p000,4,a0,a0,none,False,0.0,0.0,0.0
ISIC_0008507_downsampled,cluster:b5c960257333ee742498,bias_p000,4,a1,a1,none,False,-2.28,-2.28,0.0
ISIC_0008524_downsampled,cluster:56cfac31c7bcd08ff4ac,bias_p000,4,a2,a0,down_substitution,True,-5.52,0.0,-5.52
ISIC_0008528_downsampled,cluster:a2a1aaa77f1c52ec0217,bias_p000,4,a0,a0,none,False,0.0,0.0,0.0
ISIC_0008552_downsampled,cluster:bf16b78dc5db2aa57277,bias_p000,4,a1,a1,none,False,-3.0,-3.0,0.0
ISIC_0009505_downsampled,cluster:1e56684154abc525e269,bias_p000,4,a0,a0,none,False,0.0,0.0,0.0
ISIC_0009873,cluster:c07973544a5554f2f01d,bias_p000,4,a0,a0,none,False,0.0,0.0,0.0
ISIC_0009902,cluster:0ef137f76dc490d4dab6,bias_p000,4,a0,a0,none,False,0.0,0.0,0.0
ISIC_0009918,cluster:a7e6f84d93094bd9e04e,bias_p000,4,a3,a3,none,False,0.0,0.0,0.0
ISIC_0009921,cluster:77e08ce6f4b5c9679dad,bias_p000,4,a0,a0,none,False,0.0,0.0,0.0
ISIC_0009929,cluster:a544dea914b4cceca9a4,bias_p000,4,a0,a0,none,False,0.0,0.0,0.0
ISIC_0009939,cluster:7fade3313e22f14662c4,bias_p000,4,a0,a0,none,False,0.0,0.0,0.0
ISIC_0009944,cluster:797ef43d7aff6c4128b0,bias_p000,4,a0,a0,none,False,0.0,0.0,0.0
ISIC_0009945,cluster:d7d00cb81d947625729a,bias_p000,4,a0,a0,none,False,0.0,0.0,0.0
ISIC_0009949,cluster:50fb8263df4196c5d859,bias_p000,4,a3,a0,down_substitution,True,-9.0,0.0,-9.0
ISIC_0009954,cluster:9a37cdf6bb9a8bff3eea,bias_p000,4,a0,a0,none,False,0.0,0.0,0.0
ISIC_0009964,cluster:80204ddaa472a59843c8,bias_p000,4,a1,a1,none,False,-1.3499999999999999,-1.3499999999999999,0.0
ISIC_0009965,cluster:85dcafc698fd7acbccd3,bias_p000,4,a3,a0,down_substitution,True,-5.3999999999999995,0.0,-5.3999999999999995
ISIC_0009970,cluster:2d91becea26405f782fa,bias_p000,4,a0,a0,none,False,0.0,0.0,0.0
ISIC_0009971,cluster:6910990c805692def42e,bias_p000,4,a0,a0,none,False,-13.68,-13.68,0.0
ISIC_0009987,cluster:c825c1d350bbec9016fa,bias_p000,4,a0,a0,none,False,0.0,0.0,0.0
ISIC_0009991,cluster:97e9e9a36b6e6b064bbe,bias_p000,4,a0,a0,none,False,0.0,0.0,0.0
ISIC_0010010,cluster:d9e618947e831b34b2f6,bias_p000,4,a0,a0,none,False,0.0,0.0,0.0
ISIC_0010011,cluster:33c02652bb669aca4a9d,bias_p000,4,a0,a0,none,False,-14.399999999999999,-14.399999999999999,0.0
ISIC_0010029,cluster:f23f07e8aec4a0c47598,bias_p000,4,a0,a0,none,False,-19.5,-19.5,0.0
ISIC_0010046,cluster:d66ac5dedb80ddaf5457,bias_p000,4,a0,a0,none,False,0.0,0.0,0.0
ISIC_0010056,cluster:5f0fb163a60da82271d0,bias_p000,4,a0,a0,none,False,-21.6,-21.6,0.0
ISIC_0010057,cluster:324a05c9fe668a46ce76,bias_p000,4,a1,a2,up_substitution,True,-1.035,-2.07,1.035
ISIC_0010093,cluster:14d93c4d737c70e0d2b8,bias_p000,4,a0,a0,none,False,0.0,0.0,0.0
ISIC_0010102,cluster:09bb680b9c2cca2d9e7e,bias_p000,4,a2,a2,none,False,-2.3598,-2.3598,0.0
ISIC_0010170,cluster:892d321ec83407b9bf74,bias_p000,4,a3,a0,down_substitution,True,-5.175,0.0,-5.175
ISIC_0010171,cluster:9754c904445568888ce5,bias_p000,4,a0,a0,none,False,-18.0,-18.0,0.0
ISIC_0010182,cluster:da6ff6032fc103040726,bias_p000,4,a0,a0,none,False,0.0,0.0,0.0
ISIC_0010191,cluster:dff1836ecff2be547daa,bias_p000,4,a3,a0,down_substitution,True,-5.3999999999999995,0.0,-5.3999999999999995
ISIC_0010193,cluster:38ab6eeae29a973ce826,bias_p000,4,a2,a1,down_substitution,True,-4.56,-2.28,-2.28
ISIC_0010201,cluster:1101c90c781fd464610e,bias_p000,4,a1,a1,none,False,-3.0,-3.0,0.0
ISIC_0010216,cluster:bf6f6561cf1d48d0cc42,bias_p000,4,a0,a0,none,False,0.0,0.0,0.0
ISIC_0010228,cluster:0feb36c1b03d3509ca38,bias_p000,4,a2,a2,none,False,-1.6387499999999997,-1.6387499999999997,0.0
ISIC_0010232,cluster:14a29271f146ef534f84,bias_p000,4,a2,a2,none,False,-2.5875,-2.5875,0.0
ISIC_0010235,cluster:75578b7191f4161d05a9,bias_p000,4,a0,a0,none,False,-14.399999999999999,-14.399999999999999,0.0
ISIC_0010251,cluster:bf425aa9969c260ff2c2,bias_p000,4,a0,a0,none,False,-15.600000000000001,-15.600000000000001,0.0
ISIC_0010264,cluster:5eb6ca9832f18d5942f9,bias_p000,4,a3,a0,down_substitution,True,-7.865999999999998,0.0,-7.865999999999998
ISIC_0010267,cluster:e15a68dac775c7a81636,bias_p000,4,a0,a0,none,False,-21.6,-21.6,0.0
ISIC_0010329,cluster:1d8ecc6c36786f561cd2,bias_p000,4,a3,a3,none,False,0.0,0.0,0.0
ISIC_0010351,cluster:af5425274cc6813502e6,bias_p000,4,a0,a0,none,False,0.0,0.0,0.0
ISIC_0010371,cluster:803711855f69f00ea19e,bias_p000,4,a3,a0,down_substitution,True,-6.8999999999999995,0.0,-6.8999999999999995
ISIC_0010457,cluster:2b25784d542762bebf4e,bias_p000,4,a2,a2,none,False,-1.71,-1.71,0.0
ISIC_0010461,cluster:bdd6dbc61fa29b28c44e,bias_p000,4,a0,a0,none,False,0.0,0.0,0.0
ISIC_0010468,cluster:8190d905fec9ba20945a,bias_p000,4,a0,a0,none,False,-19.5,-19.5,0.0
ISIC_0010474,cluster:b5bcc47d0619453499a7,bias_p000,4,a0,a0,none,False,0.0,0.0,0.0
ISIC_0010491,cluster:8c6f329b3c980578956c,bias_p000,4,a2,a1,down_substitution,True,-2.28,0.0,-2.28
ISIC_0010496,cluster:240ca8b5d2c34dab067e,bias_p000,4,a0,a0,none,False,0.0,0.0,0.0
ISIC_0010554,cluster:aecdaa156801c2b22e61,bias_p000,4,a0,a0,none,False,0.0,0.0,0.0
ISIC_0010589,cluster:801ea799261dacf6e24b,bias_p000,4,a0,a0,none,False,0.0,0.0,0.0
ISIC_0010592,cluster:434c6f506f132736e32a,bias_p000,4,a3,a3,none,False,-2.565,-2.565,0.0
ISIC_0010595,cluster:184d9ad44e65b70ac7b0,bias_p000,4,a0,a0,none,False,0.0,0.0,0.0
ISIC_0010607,cluster:9b0451a6f516d96f773e,bias_p000,4,a0,a0,none,False,0.0,0.0,0.0
ISIC_0010856,cluster:2dc094c25987e3477f7e,bias_p000,4,a2,a2,none,False,-2.7359999999999998,-2.7359999999999998,0.0
ISIC_0010858,cluster:20b5e39e843f96422f29,bias_p000,4,a2,a2,none,False,-3.105,-3.105,0.0
ISIC_0011081,cluster:2dd4224fd51f125a89e8,bias_p000,4,a2,a2,none,False,-2.25,-2.25,0.0
ISIC_0011082,cluster:1b8c6d8a6fb102cccff7,bias_p000,4,a0,a0,none,False,0.0,0.0,0.0
ISIC_0011083,cluster:9a06f40a3bfcfa441aaa,bias_p000,4,a0,a0,none,False,0.0,0.0,0.0
ISIC_0011084,cluster:45c62bbfe51118307644,bias_p000,4,a0,a0,none,False,0.0,0.0,0.0
ISIC_0011089,cluster:d0bd3609a1b072451890,bias_p000,4,a0,a0,none,False,0.0,0.0,0.0
ISIC_0011117,cluster:2f898e2dc23ca938aa30,bias_p000,4,a0,a0,none,False,0.0,0.0,0.0
ISIC_0011149,cluster:5263296bfebe832904cd,bias_p000,4,a2,a1,down_substitution,True,-4.8,-2.4,-2.4
ISIC_0011155,cluster:be09dc7e6f6ade15d0c3,bias_p000,4,a3,a0,down_substitution,True,-3.725999999999999,0.0,-3.725999999999999
ISIC_0011162,cluster:d409d90189572d04296a,bias_p000,4,a0,a0,none,False,0.0,0.0,0.0
ISIC_0011171,cluster:8014629384ffbdf4d5f7,bias_p000,4,a0,a0,none,False,0.0,0.0,0.0
ISIC_0011177,cluster:5ed0ed071115d014e137,bias_p000,4,a0,a0,none,False,0.0,0.0,0.0
ISIC_0011210,cluster:2409307eca93a9bd716b,bias_p000,4,a0,a0,none,False,-20.52,-20.52,0.0
ISIC_0011218,cluster:b8268fd08d942e0e35f1,bias_p000,4,a3,a0,down_substitution,True,-5.3999999999999995,0.0,-5.3999999999999995
ISIC_0011315,cluster:48b8400b4edbf41ee202,bias_p000,4,a0,a0,none,False,-13.68,-13.68,0.0
ISIC_0011327,cluster:35bcb0a482e9e5ab3785,bias_p000,4,a0,a0,none,False,0.0,0.0,0.0
ISIC_0011329,cluster:83788b4beb6f7245a33c,bias_p000,4,a3,a2,down_substitution,True,0.0,-7.2,7.2
ISIC_0011343,cluster:5946ea592a65d53c3309,bias_p000,4,a0,a0,none,False,0.0,0.0,0.0
ISIC_0011353,cluster:7ebbda2880e56bdb2057,bias_p000,4,a0,a0,none,False,0.0,0.0,0.0
ISIC_0011357,cluster:f27a3d12cf12d3af5c50,bias_p000,4,a0,a0,none,False,0.0,0.0,0.0
ISIC_0011362,cluster:5f53532610bd6c436143,bias_p000,4,a0,a0,none,False,0.0,0.0,0.0
ISIC_0011373,cluster:855ddcd8de6554cb5737,bias_p000,4,a3,a2,down_substitution,True,-4.968,-3.312,-1.6560000000000001
ISIC_0011383,cluster:13c3968fa9ec1f0134e2,bias_p000,4,a0,a0,none,False,0.0,0.0,0.0
ISIC_0011384,cluster:622870dd6ceda06cc6ba,bias_p000,4,a0,a0,none,False,0.0,0.0,0.0
ISIC_0012109_downsampled,cluster:45834f29399759be3ca3,bias_p000,4,a0,a0,none,False,0.0,0.0,0.0
ISIC_0012149_downsampled,cluster:18fcb5aed7bc7a8591c5,bias_p000,4,a3,a0,down_substitution,True,-6.554999999999999,0.0,-6.554999999999999
ISIC_0012150_downsampled,cluster:0ba25d22f76b8c510629,bias_p000,4,a0,a0,none,False,0.0,0.0,0.0
ISIC_0012172_downsampled,cluster:3c3302ebf2c8e76db406,bias_p000,4,a3,a0,down_substitution,True,-4.6,-1.3,-3.3
ISIC_0012173_downsampled,cluster:f570aeb016683f8bf65e,bias_p000,4,a2,a0,down_substitution,True,-2.6219999999999994,-1.625,-0.9969999999999994
ISIC_0012199_downsampled,cluster:880328e3bc0611a1b702,bias_p000,4,a0,a0,none,False,-1.3,-1.3,0.0
ISIC_0012221_downsampled,cluster:a0011a69501e85f751e0,bias_p000,4,a0,a0,none,False,0.0,0.0,0.0
ISIC_0012223_downsampled,cluster:ef0fafb5ea6d1129e97f,bias_p000,4,a0,a0,none,False,-1.625,-1.625,0.0
ISIC_0012230_downsampled,cluster:c25bd3867808af60b569,bias_p000,4,a0,a0,none,False,0.0,0.0,0.0
ISIC_0012235_downsampled,cluster:e101f7bd05c43b3bf426,bias_p000,4,a0,a0,none,False,0.0,0.0,0.0
ISIC_0012250_downsampled,cluster:59ecf2c264298bfc7d8e,bias_p000,4,a2,a1,down_substitution,True,-5.0,-2.5,-2.5
ISIC_0012253_downsampled,cluster:76f643233af541e515ec,bias_p000,4,a1,a0,down_substitution,True,-2.1849999999999996,0.0,-2.1849999999999996
ISIC_0012259_downsampled,cluster:ab776ae229842ecd81a8,bias_p000,4,a0,a0,none,False,0.0,0.0,0.0
ISIC_0012311_downsampled,cluster:ff8f1159078bb84e8522,bias_p000,4,a1,a1,none,False,-1.9,-1.9,0.0
ISIC_0012323_downsampled,cluster:2f729733d3c83184a8f7,bias_p000,4,a2,a0,down_substitution,True,-2.6219999999999994,-1.625,-0.9969999999999994
ISIC_0012329_downsampled,cluster:a7c435bd15600eb9d78a,bias_p000,4,a3,a0,down_substitution,True,-6.0,-1.2349999999999999,-4.765000000000001
ISIC_0012338_downsampled,cluster:3f05ee1f07220f890e3a,bias_p000,4,a0,a0,none,False,0.0,0.0,0.0
ISIC_0012348_downsampled,cluster:033690355311adc698fd,bias_p000,4,a0,a0,none,False,-14.819999999999999,-14.819999999999999,0.0
ISIC_0012356_downsampled,cluster:ffcc2f6e5f832423f170,bias_p000,4,a3,a1,down_substitution,True,0.0,-9.879999999999999,9.879999999999999
ISIC_0012364_downsampled,cluster:303ecd0753a652ae5256,bias_p000,4,a2,a0,down_substitution,True,-2.3,-1.3,-0.9999999999999998
ISIC_0012376_downsampled,cluster:f9b85af42a7762e478de,bias_p000,4,a0,a0,none,False,0.0,0.0,0.0
ISIC_0012377_downsampled,cluster:1b2b020978f23a327732,bias_p000,4,a3,a0,down_substitution,True,-6.8999999999999995,-1.2349999999999999,-5.664999999999999
ISIC_0012382_downsampled,cluster:d40a83b764123e849e1b,bias_p000,4,a0,a0,none,False,-14.819999999999999,-14.819999999999999,0.0
ISIC_0012395_downsampled,cluster:b5f3fd33ad16d96b68f3,bias_p000,4,a0,a0,none,False,-14.819999999999999,-14.819999999999999,0.0
ISIC_0012406_downsampled,cluster:48bed30290861705ccf6,bias_p000,4,a1,a1,none,False,-2.5,-2.5,0.0
ISIC_0012413_downsampled,cluster:453537989c745bf1e22f,bias_p000,4,a0,a0,none,False,0.0,0.0,0.0
ISIC_0012416_downsampled,cluster:3be12e85e7ade9a5eb14,bias_p000,4,a2,a0,down_substitution,True,-2.76,-1.3,-1.4599999999999997
ISIC_0012433_downsampled,cluster:506ab2077309f4c2c5f7,bias_p000,4,a3,a0,down_substitution,True,-6.8999999999999995,-1.2349999999999999,-5.664999999999999
ISIC_0012450_downsampled,cluster:40ed7ef21c335bc840ef,bias_p000,4,a0,a0,none,False,-19.5,-19.5,0.0
ISIC_0012469_downsampled,cluster:c309d6770febc75a85cd,bias_p000,4,a2,a1,down_substitution,True,-3.0,0.0,-3.0
ISIC_0012495_downsampled,cluster:9a6c4d02374c03d2990e,bias_p000,4,a0,a0,none,False,0.0,0.0,0.0
ISIC_0012496_downsampled,cluster:71f8ff353244dd2f36d8,bias_p000,4,a0,a0,none,False,0.0,0.0,0.0
ISIC_0012517_downsampled,cluster:1e3a0df0eb636a93c400,bias_p000,4,a2,a0,down_substitution,True,-2.3,-1.3,-0.9999999999999998
ISIC_0012549_downsampled,cluster:93144d170b57700c9977,bias_p000,4,a0,a0,none,False,0.0,0.0,0.0
ISIC_0012550_downsampled,cluster:afbe3762e7068f6f9392,bias_p000,4,a0,a0,none,False,0.0,0.0,0.0
ISIC_0012654_downsampled,cluster:7b22cc988ccbc85fb025,bias_p000,4,a0,a0,none,False,0.0,0.0,0.0
ISIC_0012658_downsampled,cluster:278b86b16a9b000ae3ef,bias_p000,4,a0,a0,none,False,0.0,0.0,0.0
ISIC_0012678_downsampled,cluster:13fc9414810236b1c8a4,bias_p000,4,a3,a0,down_substitution,True,0.0,-14.819999999999999,14.819999999999999
ISIC_0012680_downsampled,cluster:1a831e8b07cd3e7fd14c,bias_p000,4,a0,a0,none,False,0.0,0.0,0.0
ISIC_0012682_downsampled,cluster:29699161d6132955b6c3,bias_p000,4,a0,a0,none,False,0.0,0.0,0.0
ISIC_0012715_downsampled,cluster:57d8aeaae795e096f10b,bias_p000,4,a0,a0,none,False,-15.600000000000001,-15.600000000000001,0.0
ISIC_0012737_downsampled,cluster:08af5628e77df2e5498d,bias_p000,4,a0,a0,none,False,0.0,0.0,0.0
ISIC_0012739_downsampled,cluster:edfd6e67d9f58d2ed312,bias_p000,4,a0,a0,none,False,0.0,0.0,0.0
ISIC_0012756_downsampled,cluster:f03d8c34bc874dbf4497,bias_p000,4,a0,a0,none,False,-15.600000000000001,-15.600000000000001,0.0
ISIC_0012806_downsampled,cluster:c9bffab97a85a06782a6,bias_p000,4,a2,a2,none,False,-3.105,-3.105,0.0
ISIC_0012814_downsampled,cluster:14846e956dfba2ed613f,bias_p000,4,a0,a0,none,False,0.0,0.0,0.0
ISIC_0012855_downsampled,cluster:2353d6346357d83e013a,bias_p000,4,a0,a0,none,False,0.0,0.0,0.0
ISIC_0012903_downsampled,cluster:13d8ec06993bbdb61a08,bias_p000,4,a0,a0,none,False,0.0,0.0,0.0
ISIC_0012939_downsampled,cluster:25cecaca1ac459633823,bias_p000,4,a0,a0,none,False,0.0,0.0,0.0
ISIC_0012944_downsampled,cluster:6cc8d6a9fd61cf665807,bias_p000,4,a0,a0,none,False,0.0,0.0,0.0
ISIC_0012952_downsampled,cluster:2436a1002a9ca47f0002,bias_p000,4,a3,a3,none,False,-1.9665,-1.9665,0.0
ISIC_0013000_downsampled,cluster:97fb580d3720c7d80156,bias_p000,4,a3,a3,none,False,-3.8812499999999996,-3.8812499999999996,0.0
ISIC_0013007_downsampled,cluster:cc2b9c8d179f46b5235b,bias_p000,4,a0,a0,none,False,0.0,0.0,0.0
ISIC_0013023_downsampled,cluster:149be1e532da632d2af4,bias_p000,4,a0,a0,none,False,0.0,0.0,0.0
ISIC_0013026_downsampled,cluster:36ec4804dbc0d1c0c927,bias_p000,4,a0,a0,none,False,0.0,0.0,0.0
ISIC_0013030_downsampled,cluster:6b1228cd3c9587978341,bias_p000,4,a2,a1,down_substitution,True,-3.0,0.0,-3.0
ISIC_0013039_downsampled,cluster:89bb9d5020812cb65c89,bias_p000,4,a0,a0,none,False,0.0,0.0,0.0
ISIC_0013054_downsampled,cluster:14142d87f1e52872ea7e,bias_p000,4,a0,a0,none,False,-2.25,-2.25,0.0
ISIC_0013071_downsampled,cluster:b2838c15fcee830cd371,bias_p000,4,a1,a0,down_substitution,True,-1.3109999999999997,0.0,-1.3109999999999997
ISIC_0013084_downsampled,cluster:be008ad726d0a527b4fc,bias_p000,4,a0,a0,none,False,0.0,0.0,0.0
ISIC_0013090_downsampled,cluster:6224fa0a4fdf05a61b8a,bias_p000,4,a0,a0,none,False,0.0,0.0,0.0
ISIC_0013097_downsampled,cluster:ab83e2286d9cd30269af,bias_p000,4,a0,a0,none,False,0.0,0.0,0.0
ISIC_0013120_downsampled,cluster:7de23b8dc4d45b8738d4,bias_p000,4,a2,a1,down_substitution,True,-4.0,-2.0,-2.0
ISIC_0013128_downsampled,cluster:ef496a72938e56af5ef3,bias_p000,4,a0,a0,none,False,0.0,0.0,0.0
ISIC_0013146_downsampled,cluster:0e5cbd5f4ef793be17de,bias_p000,4,a3,a0,down_substitution,True,-1.9664999999999995,-1.5,-0.46649999999999947
ISIC_0013164_downsampled,cluster:63acfba657413c863d86,bias_p000,4,a0,a0,none,False,0.0,0.0,0.0
ISIC_0013173_downsampled,cluster:0dadfc988892279272c1,bias_p000,4,a0,a0,none,False,0.0,0.0,0.0
ISIC_0013181_downsampled,cluster:12a5077b8d94675bb5de,bias_p000,4,a0,a0,none,False,0.0,0.0,0.0
ISIC_0013184_downsampled,cluster:f03d8c34bc874dbf4497,bias_p000,4,a0,a0,none,False,-15.600000000000001,-15.600000000000001,0.0
ISIC_0013207_downsampled,cluster:fea85f0e6c9c995b2bdd,bias_p000,4,a3,a1,down_substitution,True,-5.699999999999999,-1.9,-3.7999999999999994
ISIC_0013212_downsampled,cluster:898991f280008e3574b6,bias_p000,4,a1,a2,up_substitution,True,-0.8624999999999999,-1.7249999999999999,0.8624999999999999
ISIC_0013216_downsampled,cluster:96431b4064e3c79c312c,bias_p000,4,a0,a0,none,False,0.0,0.0,0.0
ISIC_0013236_downsampled,cluster:a50d2826779b83eed4f8,bias_p000,4,a3,a2,down_substitution,True,-2.4839999999999995,-1.2419999999999998,-1.2419999999999998
ISIC_0013329_downsampled,cluster:e481cd3e6c6a64185ba9,bias_p000,4,a0,a0,none,False,0.0,0.0,0.0
ISIC_0013335_downsampled,cluster:1e8923eb7ec39cf21905,bias_p000,4,a0,a0,none,False,-1.8,-1.8,0.0
ISIC_0013371_downsampled,cluster:d4596188dc86c9d479c4,bias_p000,4,a3,a3,none,False,-1.5,-1.5,0.0
ISIC_0013398_downsampled,cluster:25fde93496f07a5b0484,bias_p000,4,a0,a0,none,False,0.0,0.0,0.0
ISIC_0013421_downsampled,cluster:8bdb0bb582f25e19e1dd,bias_p000,4,a3,a0,down_substitution,True,-5.52,-1.3,-4.22
ISIC_0013424_downsampled,cluster:06b35ebe2521ce51bb14,bias_p000,4,a2,a2,none,False,-2.16,-2.16,0.0
ISIC_0013434_downsampled,cluster:df94ba9a28e4588a407b,bias_p000,4,a0,a0,none,False,0.0,0.0,0.0
ISIC_0013457_downsampled,cluster:dc0720b5125d402082a7,bias_p000,4,a0,a0,none,False,-14.399999999999999,-14.399999999999999,0.0
ISIC_0013465_downsampled,cluster:81c611103700d90225dc,bias_p000,4,a3,a0,down_substitution,True,-4.6,-1.3,-3.3
ISIC_0013487_downsampled,cluster:dcbb544631b38d823135,bias_p000,4,a0,a0,none,False,0.0,0.0,0.0
ISIC_0013491_downsampled,cluster:a9d7adf22339e95d942f,bias_p000,4,a0,a0,none,False,-18.0,-18.0,0.0
ISIC_0013494_downsampled,cluster:c9bef7827c56d3eaa60b,bias_p000,4,a0,a0,none,False,0.0,0.0,0.0
ISIC_0013495_downsampled,cluster:2e0fffe2415dd7803bd0,bias_p000,4,a0,a0,none,False,0.0,0.0,0.0
ISIC_0013497_downsampled,cluster:762fdabe2bced158114b,bias_p000,4,a0,a0,none,False,-20.52,-20.52,0.0
ISIC_0013500_downsampled,cluster:6767e66cbae95474f135,bias_p000,4,a0,a0,none,False,-18.0,-18.0,0.0
ISIC_0013517_downsampled,cluster:e03bac41abf49b03c229,bias_p000,4,a0,a0,none,False,0.0,0.0,0.0
ISIC_0013559_downsampled,cluster:f07616c20088a1add4ac,bias_p000,4,a0,a0,none,False,0.0,0.0,0.0
ISIC_0013565_downsampled,cluster:a062302a4ad0de432c43,bias_p000,4,a2,a1,down_substitution,True,-6.5,-13.0,6.5
ISIC_0013584_downsampled,cluster:f161bfd5c29a5a1f4864,bias_p000,4,a0,a0,none,False,-1.14,-1.14,0.0
ISIC_0013585_downsampled,cluster:37a6a265a04eaf9791d4,bias_p000,4,a0,a0,none,False,-1.5,-1.5,0.0
ISIC_0013597_downsampled,cluster:520eca6e39039d9b86a9,bias_p000,4,a3,a0,down_substitution,True,-3.42,0.0,-3.42
ISIC_0013615_downsampled,cluster:265d85b9d043c73c85c6,bias_p000,4,a0,a0,none,False,-20.52,-20.52,0.0
ISIC_0013632_downsampled,cluster:49395877e4f9799e76a0,bias_p000,4,a3,a0,down_substitution,True,-4.56,-1.625,-2.9349999999999996
ISIC_0013644_downsampled,cluster:1d3522d43b7378b4cc43,bias_p000,4,a0,a0,none,False,-20.52,-20.52,0.0
ISIC_0013656_downsampled,cluster:781e26f753c168c83c2c,bias_p000,4,a0,a0,none,False,0.0,0.0,0.0
ISIC_0013674_downsampled,cluster:614ce2db8153093c82c6,bias_p000,4,a0,a0,none,False,-21.6,-21.6,0.0
ISIC_0013675_downsampled,cluster:a65d5da72eaff0ddd0db,bias_p000,4,a0,a0,none,False,0.0,0.0,0.0
ISIC_0013706_downsampled,cluster:c08471b4437882499a89,bias_p000,4,a2,a1,down_substitution,True,-2.1849999999999996,0.0,-2.1849999999999996
ISIC_0013707_downsampled,cluster:1f8db411bd518a5ad8cc,bias_p000,4,a3,a3,none,False,-1.9665,-1.9665,0.0
ISIC_0013725_downsampled,cluster:7a79f369024a12526daf,bias_p000,4,a3,a0,down_substitution,True,-5.52,-1.3,-4.22
ISIC_0013733_downsampled,cluster:39762ff2cfe8a8f42750,bias_p000,4,a0,a0,none,False,-20.52,-20.52,0.0
ISIC_0013739_downsampled,cluster:9e3a92fca73427ee4844,bias_p000,4,a0,a0,none,False,-13.68,-13.68,0.0
ISIC_0013758_downsampled,cluster:78bbc99f4f120e9f5cd8,bias_p000,4,a0,a0,none,False,0.0,0.0,0.0
ISIC_0013762_downsampled,cluster:7222cb69cf2b80fc2bb1,bias_p000,4,a0,a0,none,False,-20.52,-20.52,0.0
ISIC_0013767_downsampled,cluster:5b12f7a5d4f42f484f10,bias_p000,4,a0,a0,none,False,-13.68,-13.68,0.0
ISIC_0013793_downsampled,cluster:c13a8c52378c4840b3ac,bias_p000,4,a0,a0,none,False,0.0,0.0,0.0
ISIC_0013805_downsampled,cluster:3c46ae73df2047a87122,bias_p000,4,a0,a0,none,False,0.0,0.0,0.0
ISIC_0013832_downsampled,cluster:f3ea64c3c506f2da7851,bias_p000,4,a0,a0,none,False,-20.52,-20.52,0.0
ISIC_0013840_downsampled,cluster:6135b46964002fc7c5da,bias_p000,4,a2,a1,down_substitution,True,-4.9399999999999995,-9.879999999999999,4.9399999999999995
ISIC_0013861_downsampled,cluster:7222cb69cf2b80fc2bb1,bias_p000,4,a2,a2,none,False,-6.84,-6.84,0.0
ISIC_0013865_downsampled,cluster:5019f79fc34dd55b4afc,bias_p000,4,a0,a0,none,False,-13.68,-13.68,0.0
ISIC_0013874_downsampled,cluster:f03d8c34bc874dbf4497,bias_p000,4,a0,a0,none,False,-15.600000000000001,-15.600000000000001,0.0
ISIC_0013897_downsampled,cluster:6ce64b4acc9143b33701,bias_p000,4,a0,a0,none,False,0.0,0.0,0.0
ISIC_0013917_downsampled,cluster:734f349e816a23090174,bias_p000,4,a0,a0,none,False,-14.399999999999999,-14.399999999999999,0.0
ISIC_0013936_downsampled,cluster:7f59f08f554e1e9c1beb,bias_p000,4,a0,a0,none,False,-13.68,-13.68,0.0
ISIC_0013975_downsampled,cluster:e61d14f757a7997c4ee8,bias_p000,4,a3,a0,down_substitution,True,0.0,-19.5,19.5
ISIC_0013977_downsampled,cluster:926889da07b6937dba00,bias_p000,4,a2,a1,down_substitution,True,-2.28,0.0,-2.28
ISIC_0013980_downsampled,cluster:2b25ec3eff1dabed3811,bias_p000,4,a2,a1,down_substitution,True,-1.9,0.0,-1.9
ISIC_0013983_downsampled,cluster:3fad18a21adcfb4cee1b,bias_p000,4,a0,a0,none,False,0.0,0.0,0.0
ISIC_0013988_downsampled,cluster:155526bae5b947cc6a84,bias_p000,4,a0,a0,none,False,-14.399999999999999,-14.399999999999999,0.0
ISIC_0014001_downsampled,cluster:2b671b4c3f546d0fe928,bias_p000,4,a0,a0,none,False,0.0,0.0,0.0
ISIC_0014045_downsampled,cluster:d6d4ec3bb3bb4c37e84f,bias_p000,4,a2,a1,down_substitution,True,-4.369999999999999,-2.1849999999999996,-2.1849999999999996
ISIC_0014062_downsampled,cluster:e1cec319abe0ce656d5f,bias_p000,4,a0,a0,none,False,-15.600000000000001,-15.600000000000001,0.0
ISIC_0014076_downsampled,cluster:28b6a5a2030920f44b1f,bias_p000,4,a1,a1,none,False,-10.4,-10.4,0.0
ISIC_0014162_downsampled,cluster:3bba247ae9cc62670f14,bias_p000,4,a2,a2,none,False,-1.6387499999999997,-1.6387499999999997,0.0
ISIC_0014169_downsampled,cluster:55ee72852dc1c2563c44,bias_p000,4,a3,a1,down_substitution,True,-5.243999999999999,0.0,-5.243999999999999
ISIC_0014187_downsampled,cluster:5e4d8e8131fe9836578e,bias_p000,4,a3,a0,down_substitution,True,0.0,-14.819999999999999,14.819999999999999
ISIC_0014190_downsampled,cluster:71b4dfe1d3100bf6f502,bias_p000,4,a0,a0,none,False,-14.399999999999999,-14.399999999999999,0.0
ISIC_0014216_downsampled,cluster:9851a8fa5dd6cfbc1658,bias_p000,4,a3,a0,down_substitution,True,-4.0,-1.3,-2.7
ISIC_0014225_downsampled,cluster:9e876637eb4a7c42b3d6,bias_p000,4,a0,a0,none,False,0.0,0.0,0.0
ISIC_0014233_downsampled,cluster:6e7dc93c560d920f3aad,bias_p000,4,a3,a0,down_substitution,True,0.0,-18.0,18.0
ISIC_0014238_downsampled,cluster:762fdabe2bced158114b,bias_p000,4,a0,a0,none,False,-20.52,-20.52,0.0
ISIC_0014248_downsampled,cluster:ab34170f339717831c55,bias_p000,4,a0,a0,none,False,0.0,0.0,0.0
ISIC_0014249_downsampled,cluster:cf3b42e78ee379cb170c,bias_p000,4,a3,a0,down_substitution,True,0.0,-14.399999999999999,14.399999999999999
ISIC_0014253_downsampled,cluster:c9903b53d60256e439f5,bias_p000,4,a0,a0,none,False,0.0,0.0,0.0
ISIC_0014278_downsampled,cluster:018abaae696a2738716b,bias_p000,4,a0,a0,none,False,-1.625,-1.625,0.0
ISIC_0014289_downsampled,cluster:f03d8c34bc874dbf4497,bias_p000,4,a0,a0,none,False,-15.600000000000001,-15.600000000000001,0.0
ISIC_0014311_downsampled,cluster:f55b551db4f26b9e7d40,bias_p000,4,a3,a0,down_substitution,True,-2.4839999999999995,-1.8,-0.6839999999999995
ISIC_0014325_downsampled,cluster:5e1e6b4657402a94b78f,bias_p000,4,a0,a0,none,False,-14.399999999999999,-14.399999999999999,0.0
ISIC_0014327_downsampled,cluster:c10e04a8d1cd3827df8b,bias_p000,4,a0,a0,none,False,-20.52,-20.52,0.0
ISIC_0014346_downsampled,cluster:88678d95ed2598d45a0b,bias_p000,4,a0,a0,none,False,0.0,0.0,0.0
ISIC_0014386_downsampled,cluster:98d4f335e84737baa9a0,bias_p000,4,a0,a0,none,False,-1.5,-1.5,0.0
ISIC_0014410_downsampled,cluster:86c729967164836e9706,bias_p000,4,a3,a3,none,False,-1.71,-1.71,0.0
ISIC_0014423_downsampled,cluster:5e4d8e8131fe9836578e,bias_p000,4,a0,a0,none,False,-14.819999999999999,-14.819999999999999,0.0
ISIC_0014432_downsampled,cluster:aa6c286b95592c04237b,bias_p000,4,a0,a0,none,False,-1.2349999999999999,-1.2349999999999999,0.0
ISIC_0014433_downsampled,cluster:3a0653efd85b4b122545,bias_p000,4,a0,a0,none,False,0.0,0.0,0.0
ISIC_0014457_downsampled,cluster:20ac8b46faecb63f73a9,bias_p000,4,a0,a0,none,False,-1.5,-1.5,0.0
ISIC_0014489_downsampled,cluster:761de0b621a5c083eb13,bias_p000,4,a0,a0,none,False,-14.819999999999999,-14.819999999999999,0.0
ISIC_0014501_downsampled,cluster:f5719155a05344acaf24,bias_p000,4,a0,a0,none,False,-13.68,-13.68,0.0
ISIC_0014516_downsampled,cluster:885630c5c3bad85f2353,bias_p000,4,a0,a0,none,False,0.0,0.0,0.0
ISIC_0014572_downsampled,cluster:9f412b408a4c28942171,bias_p000,4,a0,a0,none,False,-1.625,-1.625,0.0
ISIC_0014578_downsampled,cluster:a04c291fd5d0ecf3db75,bias_p000,4,a2,a1,down_substitution,True,-3.0,0.0,-3.0
ISIC_0014592_downsampled,cluster:80355254391388956883,bias_p000,4,a0,a0,none,False,-1.625,-1.625,0.0
ISIC_0014595_downsampled,cluster:9f35c8efc53c93ed07ad,bias_p000,4,a0,a0,none,False,-1.625,-1.625,0.0
ISIC_0014596_downsampled,cluster:7d9c9659fa5c8c39a300,bias_p000,4,a0,a0,none,False,-1.3,-1.3,0.0
ISIC_0014598_downsampled,cluster:7974268449169181daa9,bias_p000,4,a0,a0,none,False,-1.3,-1.3,0.0
ISIC_0014613_downsampled,cluster:cf21ec1c3f2bfdcc514b,bias_p000,4,a0,a0,none,False,-1.625,-1.625,0.0
ISIC_0014615_downsampled,cluster:6c79e8216847d2c75797,bias_p000,4,a2,a1,down_substitution,True,-2.4,0.0,-2.4
ISIC_0014618_downsampled,cluster:7a056ff1e0cf388c6f23,bias_p000,4,a0,a0,none,False,-1.2349999999999999,-1.2349999999999999,0.0
ISIC_0014632_downsampled,cluster:4d17aeaafc6ea1a7f962,bias_p000,4,a2,a1,down_substitution,True,-1.9,0.0,-1.9
ISIC_0014640_downsampled,cluster:465843eee49c01fae2b8,bias_p000,4,a2,a0,down_substitution,True,-2.6219999999999994,-1.625,-0.9969999999999994
ISIC_0014641_downsampled,cluster:81e39205e6940d90db36,bias_p000,4,a2,a1,down_substitution,True,-2.28,0.0,-2.28
ISIC_0014648_downsampled,cluster:2f7dcc87a408415ab864,bias_p000,4,a3,a0,down_substitution,True,-4.8,-1.3,-3.5
ISIC_0014653_downsampled,cluster:ee1c42c1c507122cc5f8,bias_p000,4,a2,a0,down_substitution,True,-3.4499999999999997,-1.2349999999999999,-2.215
ISIC_0014661_downsampled,cluster:e0b16b9a3629a29823fd,bias_p000,4,a3,a0,down_substitution,True,-4.968,0.0,-4.968
ISIC_0014687_downsampled,cluster:935b9716b61ded422752,bias_p000,4,a0,a0,none,False,0.0,0.0,0.0
ISIC_0014695_downsampled,cluster:b8c1c20fe3fcefaa1fb0,bias_p000,4,a3,a0,down_substitution,True,0.0,-18.0,18.0
ISIC_0014702_downsampled,cluster:9c462accd9b2aa419be7,bias_p000,4,a0,a0,none,False,0.0,0.0,0.0
ISIC_0014708_downsampled,cluster:27ce0f827fe06c51da5b,bias_p000,4,a3,a0,down_substitution,True,-3.1049999999999995,0.0,-3.1049999999999995
ISIC_0014728_downsampled,cluster:1a0c4d606c942d90452a,bias_p000,4,a0,a0,none,False,0.0,0.0,0.0
ISIC_0014735_downsampled,cluster:68155c06f7627663477c,bias_p000,4,a0,a0,none,False,-14.399999999999999,-14.399999999999999,0.0
ISIC_0014760_downsampled,cluster:04edda07aea0d01f632b,bias_p000,4,a0,a0,none,False,0.0,0.0,0.0
ISIC_0014765_downsampled,cluster:ea73da6c2d8be537af93,bias_p000,4,a3,a0,down_substitution,True,-3.5999999999999996,0.0,-3.5999999999999996
ISIC_0014775_downsampled,cluster:9214065d46ee219935bb,bias_p000,4,a0,a0,none,False,0.0,0.0,0.0
ISIC_0014778_downsampled,cluster:047e39df263e8a0d5b9d,bias_p000,4,a0,a0,none,False,0.0,0.0,0.0
ISIC_0014783_downsampled,cluster:20890c5e6b3d60e20633,bias_p000,4,a0,a0,none,False,0.0,0.0,0.0
ISIC_0014807_downsampled,cluster:e833055830dcd99637ca,bias_p000,4,a0,a0,none,False,0.0,0.0,0.0
ISIC_0014814_downsampled,cluster:e37007384f9ec7133090,bias_p000,4,a0,a0,none,False,0.0,0.0,0.0
ISIC_0014818_downsampled,cluster:6f8d91d0952a7d875fb8,bias_p000,4,a0,a0,none,False,0.0,0.0,0.0
ISIC_0014825_downsampled,cluster:6564a74b34ca290ee682,bias_p000,4,a3,a3,none,False,-2.8125,-2.8125,0.0
ISIC_0014826_downsampled,cluster:2144758d3fb13520d93c,bias_p000,4,a3,a0,down_substitution,True,0.0,-14.819999999999999,14.819999999999999
ISIC_0014848_downsampled,cluster:18aec41d6d7111cc6adb,bias_p000,4,a0,a0,none,False,0.0,0.0,0.0
ISIC_0014855_downsampled,cluster:30966fa873bd457d1479,bias_p000,4,a0,a0,none,False,0.0,0.0,0.0
ISIC_0014867_downsampled,cluster:cbcc33dbb67372fed505,bias_p000,4,a0,a0,none,False,0.0,0.0,0.0
ISIC_0014869_downsampled,cluster:f4b97a5fb33a4f95992c,bias_p000,4,a3,a0,down_substitution,True,-6.84,0.0,-6.84
ISIC_0014891_downsampled,cluster:dbe08b4f93afa25c02c2,bias_p000,4,a3,a0,down_substitution,True,0.0,-20.52,20.52
ISIC_0014907_downsampled,cluster:ec2684a19642f03114c7,bias_p000,4,a3,a0,down_substitution,True,-6.0,0.0,-6.0
ISIC_0014910_downsampled,cluster:b45552040a46a834db3c,bias_p000,4,a3,a3,none,False,-2.5875,-2.5875,0.0
ISIC_0014911_downsampled,cluster:34c4f67c66782711c832,bias_p000,4,a0,a0,none,False,0.0,0.0,0.0
ISIC_0014912_downsampled,cluster:27af3496c4429c4406e3,bias_p000,4,a3,a0,down_substitution,True,0.0,-18.0,18.0
ISIC_0014940_downsampled,cluster:6736559dbe36a9092f39,bias_p000,4,a3,a0,down_substitution,True,-6.209999999999999,0.0,-6.209999999999999
ISIC_0014958_downsampled,cluster:901e6c50a80509044c9c,bias_p000,4,a3,a2,down_substitution,True,-4.5,-3.0,-1.5
ISIC_0014961_downsampled,cluster:a00eceb63b8a20cf9eff,bias_p000,4,a0,a0,none,False,0.0,0.0,0.0
ISIC_0014968_downsampled,cluster:26f3ab41c6647eb84cc0,bias_p000,4,a0,a0,none,False,0.0,0.0,0.0
ISIC_0014975_downsampled,cluster:9ab9ccd1de824b27d08b,bias_p000,4,a3,a1,down_substitution,True,0.0,-9.879999999999999,9.879999999999999
ISIC_0014977_downsampled,cluster:0a83db3328b23e3fbe6e,bias_p000,4,a3,a0,down_substitution,True,-4.32,0.0,-4.32
ISIC_0014983_downsampled,cluster:6e713141c8dcb7fb5c6b,bias_p000,4,a0,a0,none,False,-13.68,-13.68,0.0
ISIC_0014994_downsampled,cluster:153c16a13218dfae6a7e,bias_p000,4,a3,a3,none,False,-2.94975,-2.94975,0.0
ISIC_0015007_downsampled,cluster:877fcfee344b73dd6e20,bias_p000,4,a0,a0,none,False,0.0,0.0,0.0
ISIC_0015008_downsampled,cluster:5474db1a9b73ed72f19c,bias_p000,4,a3,a0,down_substitution,True,-10.35,0.0,-10.35
ISIC_0015013_downsampled,cluster:68860447053b4e9a435c,bias_p000,4,a3,a3,none,False,-3.1049999999999995,-3.1049999999999995,0.0
ISIC_0015020_downsampled,cluster:69225b319f472380f4e2,bias_p000,4,a0,a0,none,False,0.0,0.0,0.0
ISIC_0015038_downsampled,cluster:7573194a66f0456fca2d,bias_p000,4,a3,a1,down_substitution,True,-6.0,0.0,-6.0
ISIC_0015045_downsampled,cluster:4f60561099610051b07a,bias_p000,4,a3,a3,none,False,0.0,0.0,0.0
ISIC_0015051_downsampled,cluster:0257d6cce4942a540baf,bias_p000,4,a3,a0,down_substitution,True,-3.42,0.0,-3.42
ISIC_0015079_downsampled,cluster:4dbb43f83df96c9f8bfd,bias_p000,4,a3,a0,down_substitution,True,0.0,-19.5,19.5
ISIC_0015124_downsampled,cluster:ac722806ce54c0f8f0c0,bias_p000,4,a0,a0,none,False,-14.399999999999999,-14.399999999999999,0.0
ISIC_0015133_downsampled,cluster:3adf913d8a9ad65e2b4a,bias_p000,4,a3,a0,down_substitution,True,0.0,-18.0,18.0
ISIC_0015136_downsampled,cluster:81806c97486e358a9741,bias_p000,4,a3,a3,none,False,0.0,0.0,0.0
ISIC_0015140_downsampled,cluster:2a8e5edf008d72dac830,bias_p000,4,a0,a0,none,False,0.0,0.0,0.0
ISIC_0015142_downsampled,cluster:63ced5af48f702eeed96,bias_p000,4,a3,a0,down_substitution,True,0.0,-14.399999999999999,14.399999999999999
ISIC_0015160_downsampled,cluster:ed4ce63cae5602abde6c,bias_p000,4,a3,a0,down_substitution,True,-3.375,0.0,-3.375
ISIC_0015174_downsampled,cluster:67c9bb034b03790b3516,bias_p000,4,a3,a0,down_substitution,True,-8.28,0.0,-8.28
ISIC_0015175_downsampled,cluster:bf343f76ba190f01ace7,bias_p000,4,a0,a0,none,False,0.0,0.0,0.0
ISIC_0015208_downsampled,cluster:b157c79ef92c33d93c9a,bias_p000,4,a3,a0,down_substitution,True,-4.968,0.0,-4.968
ISIC_0015211_downsampled,cluster:5cf6788f7730550680ac,bias_p000,4,a3,a0,down_substitution,True,-6.84,0.0,-6.84
ISIC_0015254_downsampled,cluster:c2ee73c081d4a399a4f4,bias_p000,4,a0,a0,none,False,0.0,0.0,0.0
ISIC_0015255_downsampled,cluster:9e8686da84c517e33443,bias_p000,4,a0,a0,none,False,0.0,0.0,0.0
ISIC_0015291_downsampled,cluster:8794ae1a624dc748e5e2,bias_p000,4,a3,a3,none,False,-3.375,-3.375,0.0
ISIC_0015298_downsampled,cluster:144bfcbd02ed7db6ddb4,bias_p000,4,a0,a0,none,False,0.0,0.0,0.0
ISIC_0015312_downsampled,cluster:1e179007ef59fbeb37d4,bias_p000,4,a3,a0,down_substitution,True,-4.719599999999999,0.0,-4.719599999999999
ISIC_0015386_downsampled,cluster:245e676dcb5d38a17511,bias_p000,4,a0,a0,none,False,0.0,0.0,0.0
ISIC_0015412_downsampled,cluster:28c89cfbcd0641a3dcc1,bias_p000,4,a0,a0,none,False,0.0,0.0,0.0
ISIC_0015526_downsampled,cluster:35c002672ea16385406f,bias_p000,4,a3,a0,down_substitution,True,-2.6999999999999997,0.0,-2.6999999999999997
ISIC_0015566_downsampled,cluster:b5f595c47891067d65b0,bias_p000,4,a2,a0,down_substitution,True,-5.75,0.0,-5.75
ISIC_0015962_downsampled,cluster:de2496e04656bc3db117,bias_p000,4,a0,a0,none,False,0.0,0.0,0.0
ISIC_0015965_downsampled,cluster:a8bf5a63b4db38af23a3,bias_p000,4,a0,a0,none,False,0.0,0.0,0.0
ISIC_0015972_downsampled,cluster:d319e18736cea4f267e2,bias_p000,4,a3,a1,down_substitution,True,-7.199999999999999,-2.4,-4.799999999999999
ISIC_0015973_downsampled,cluster:6ed0bb1dd436e33ce8ca,bias_p000,4,a2,a0,down_substitution,True,-6.8999999999999995,0.0,-6.8999999999999995
ISIC_0015976_downsampled,cluster:80008b2aa43d85f84bad,bias_p000,4,a0,a0,none,False,0.0,0.0,0.0
ISIC_0015981_downsampled,cluster:ff7306659f59c7672df3,bias_p000,4,a0,a0,none,False,0.0,0.0,0.0
ISIC_0015989_downsampled,cluster:ea0b3a65c39ba7503164,bias_p000,4,a3,a0,down_substitution,True,-7.865999999999998,0.0,-7.865999999999998
ISIC_0015997_downsampled,cluster:e0ef0d4ec77dc59d2842,bias_p000,4,a0,a0,none,False,0.0,0.0,0.0
ISIC_0016000_downsampled,cluster:32649130f4c75d6715f7,bias_p000,4,a3,a0,down_substitution,True,-10.35,0.0,-10.35
ISIC_0016019_downsampled,cluster:33bb20e2295fe73ffae1,bias_p000,4,a2,a1,down_substitution,True,-3.8,-1.9,-1.9
ISIC_0016022_downsampled,cluster:90006a43e01ee00c7cc8,bias_p000,4,a0,a0,none,False,0.0,0.0,0.0
ISIC_0016029_downsampled,cluster:c9a06c7106f486754750,bias_p000,4,a2,a0,down_substitution,True,-5.243999999999999,0.0,-5.243999999999999
ISIC_0016035_downsampled,cluster:a7cec5212a3501fa0228,bias_p000,4,a2,a0,down_substitution,True,-6.8999999999999995,0.0,-6.8999999999999995
ISIC_0016041_downsampled,cluster:abf6872ac881c7dc2460,bias_p000,4,a3,a0,down_substitution,True,-7.865999999999998,0.0,-7.865999999999998
ISIC_0016069_downsampled,cluster:23adf42a2d4f0ebebd2a,bias_p000,4,a0,a0,none,False,0.0,0.0,0.0
ISIC_0024306,cluster:dc72ce1dc0dd59cb376a,bias_p000,4,a0,a0,none,False,0.0,0.0,0.0
ISIC_0024307,cluster:4e691f9a18dfa24cb5fc,bias_p000,4,a0,a0,none,False,0.0,0.0,0.0
ISIC_0024311,cluster:de34d8aaba7d6bd3261d,bias_p000,4,a0,a0,none,False,0.0,0.0,0.0
ISIC_0024317,cluster:1b037ffe78516be432c2,bias_p000,4,a0,a0,none,False,0.0,0.0,0.0
ISIC_0024322,cluster:4c7f862712ba64b1719a,bias_p000,4,a0,a0,none,False,0.0,0.0,0.0
ISIC_0024336,cluster:38ab8a8c84506551467c,bias_p000,4,a1,a2,up_substitution,True,0.0,-0.8193749999999999,0.8193749999999999
ISIC_0024341,cluster:873f34e3510f0b58129d,bias_p000,4,a0,a0,none,False,0.0,0.0,0.0
ISIC_0024347,cluster:8a5ab0f84f762219bb19,bias_p000,4,a0,a0,none,False,0.0,0.0,0.0
ISIC_0024352,cluster:1e418a032ec9f2aba85b,bias_p000,4,a0,a0,none,False,0.0,0.0,0.0
ISIC_0024354,cluster:ae6a867127ce145e6370,bias_p000,4,a0,a0,none,False,0.0,0.0,0.0
ISIC_0024355,cluster:2c3cb9bb4de8ab46fdf5,bias_p000,4,a3,a3,none,False,-2.7,-2.7,0.0
ISIC_0024357,cluster:545c10cd02a8d014f8d8,bias_p000,4,a2,a0,down_substitution,True,-4.6,0.0,-4.6
ISIC_0024362,cluster:01e7bc4b5d00d717a056,bias_p000,4,a0,a0,none,False,0.0,0.0,0.0
ISIC_0024386,cluster:5db2a2fd838755c82eab,bias_p000,4,a2,a2,none,False,-2.25,-2.25,0.0
ISIC_0024397,cluster:cff7b46ba68f3cc9e389,bias_p000,4,a2,a1,down_substitution,True,-3.8,-1.9,-1.9
ISIC_0024399,cluster:01b0c52aa8d6b5e4fa72,bias_p000,4,a0,a0,none,False,0.0,0.0,0.0
ISIC_0024406,cluster:e415e4cefec7d11c34bc,bias_p000,4,a3,a0,down_substitution,True,-2.6999999999999997,0.0,-2.6999999999999997
ISIC_0024426,cluster:42bed5628e8c44f2dff8,bias_p000,4,a3,a0,down_substitution,True,-3.4499999999999997,-1.14,-2.3099999999999996
ISIC_0024435,cluster:e8891a86abd264426c49,bias_p000,4,a0,a0,none,False,-1.2349999999999999,-1.2349999999999999,0.0
ISIC_0024436,cluster:84da690b7379ea606166,bias_p000,4,a3,a2,down_substitution,True,-1.7999999999999998,0.0,-1.7999999999999998
ISIC_0024438,cluster:697e10e9b757d00eaa67,bias_p000,4,a0,a0,none,False,0.0,0.0,0.0
ISIC_0024445,cluster:2d9c8efb069fe431a02b,bias_p000,4,a0,a0,none,False,-1.14,-1.14,0.0
ISIC_0024454,cluster:033a4360a5cab78e1270,bias_p000,4,a2,a2,none,False,0.0,0.0,0.0
ISIC_0024456,cluster:2ec7c737d86f6f95994d,bias_p000,4,a0,a0,none,False,0.0,0.0,0.0
ISIC_0024460,cluster:905d1a59c40f1939a4a8,bias_p000,4,a0,a0,none,False,0.0,0.0,0.0
ISIC_0024462,cluster:d7a26cd504a4fa169c16,bias_p000,4,a0,a0,none,False,0.0,0.0,0.0
ISIC_0024470,cluster:f1d6eaaf20079f02baaa,bias_p000,4,a2,a2,none,False,0.0,0.0,0.0
ISIC_0024471,cluster:b15c9e660ce9e979186d,bias_p000,4,a0,a0,none,False,-1.14,-1.14,0.0
ISIC_0024479,cluster:723dbff332b1797a5a9c,bias_p000,4,a0,a0,none,False,0.0,0.0,0.0
ISIC_0024530,cluster:b87ff07aa20ffa36b6b0,bias_p000,4,a0,a0,none,False,0.0,0.0,0.0
ISIC_0024534,cluster:ab4c34e4943d66c0e2f2,bias_p000,4,a3,a0,down_substitution,True,-4.968,0.0,-4.968
ISIC_0024536,cluster:16bce9ae51de8dcb8eab,bias_p000,4,a0,a0,none,False,0.0,0.0,0.0
ISIC_0024545,cluster:b37c5ac49b9fa6254b38,bias_p000,4,a3,a0,down_substitution,True,0.0,-19.5,19.5
ISIC_0024550,cluster:a64288dc5679f8c90560,bias_p000,4,a3,a3,none,False,-0.98325,-0.98325,0.0
ISIC_0024552,cluster:9df0b119324d28653927,bias_p000,4,a0,a0,none,False,-13.68,-13.68,0.0
ISIC_0024560,cluster:3fd6ab3fb16cdbef71a9,bias_p000,4,a3,a0,down_substitution,True,-3.5397,0.0,-3.5397
ISIC_0024571,cluster:62b639b0ecbbfaa08ee9,bias_p000,4,a0,a0,none,False,-14.819999999999999,-14.819999999999999,0.0
ISIC_0024589,cluster:dfe74be1036418323130,bias_p000,4,a0,a0,none,False,0.0,0.0,0.0
ISIC_0024592,cluster:029e11391fe963da82ff,bias_p000,4,a2,a1,down_substitution,True,-1.9,0.0,-1.9
ISIC_0024593,cluster:98de208dc25f790cd723,bias_p000,4,a3,a0,down_substitution,True,-6.84,0.0,-6.84
ISIC_0024595,cluster:cf3957fc8110e92f330b,bias_p000,4,a2,a2,none,False,0.0,0.0,0.0
ISIC_0024606,cluster:50b38f3b66e1298ff2a7,bias_p000,4,a2,a1,down_substitution,True,-4.8,-2.4,-2.4
ISIC_0024613,cluster:30c73718441be207d78e,bias_p000,4,a0,a0,none,False,0.0,0.0,0.0
ISIC_0024624,cluster:0041db30b3b6d491fb53,bias_p000,4,a0,a0,none,False,-15.600000000000001,-15.600000000000001,0.0
ISIC_0024631,cluster:3b1c4950a158add3104a,bias_p000,4,a0,a0,none,False,0.0,0.0,0.0
ISIC_0024640,cluster:edec9998e4806d5a2b86,bias_p000,4,a3,a3,none,False,0.0,0.0,0.0
ISIC_0024649,cluster:a8ef0440f601aa74b4fd,bias_p000,4,a0,a0,none,False,0.0,0.0,0.0
ISIC_0024660,cluster:c83e7bd01fc19bd2f89d,bias_p000,4,a0,a0,none,False,0.0,0.0,0.0
ISIC_0024661,cluster:b8aecb3b0941ec7411e7,bias_p000,4,a0,a0,none,False,0.0,0.0,0.0
ISIC_0024671,cluster:35b8e0540f2e2b43ea92,bias_p000,4,a0,a0,none,False,0.0,0.0,0.0
ISIC_0024678,cluster:8c0cd4fbb70d2051b6c2,bias_p000,4,a0,a0,none,False,0.0,0.0,0.0
ISIC_0024688,cluster:b302d9fd2bb4523482cb,bias_p000,4,a3,a0,down_substitution,True,0.0,-13.68,13.68
ISIC_0024689,cluster:31b456c238c7d1ed39da,bias_p000,4,a0,a0,none,False,0.0,0.0,0.0
ISIC_0024691,cluster:4d7329ed9adf4be24b4a,bias_p000,4,a0,a0,none,False,0.0,0.0,0.0
ISIC_0024693,cluster:4bfc524ddac190ef156f,bias_p000,4,a2,a2,none,False,-2.3598,-2.3598,0.0
ISIC_0024694,cluster:1febe0b5b07b7c57f606,bias_p000,4,a3,a0,down_substitution,True,-9.0,0.0,-9.0
ISIC_0024705,cluster:75a60e7c51b6fd6a6e96,bias_p000,4,a2,a2,none,False,-1.08,-1.08,0.0
ISIC_0024706,cluster:9cdd309219a0ac504c19,bias_p000,4,a3,a0,down_substitution,True,-6.0,0.0,-6.0
ISIC_0024717,cluster:90c48d05d69b11336747,bias_p000,4,a2,a2,none,False,-2.6219999999999994,-2.6219999999999994,0.0
ISIC_0024726,cluster:ed7d38ec0460b0246253,bias_p000,4,a3,a3,none,False,-1.71,-1.71,0.0
ISIC_0024729,cluster:aeb42272060da2880cbb,bias_p000,4,a3,a0,down_substitution,True,0.0,-18.0,18.0
ISIC_0024739,cluster:cea337e5720e2ac1d180,bias_p000,4,a3,a3,none,False,0.0,0.0,0.0
ISIC_0024744,cluster:262cf6826a0b841ce01f,bias_p000,4,a0,a0,none,False,0.0,0.0,0.0
ISIC_0024762,cluster:1ba538c43f86067305a4,bias_p000,4,a0,a0,none,False,0.0,0.0,0.0
ISIC_0024765,cluster:506629cde4026d92eb2b,bias_p000,4,a0,a0,none,False,0.0,0.0,0.0
ISIC_0024768,cluster:8aab8515c4301b493db5,bias_p000,4,a1,a0,down_substitution,True,-2.6219999999999994,0.0,-2.6219999999999994
ISIC_0024769,cluster:467240be03b32668eb75,bias_p000,4,a3,a0,down_substitution,True,-4.14,0.0,-4.14
ISIC_0024773,cluster:9e33ad5cbdad4bf09d18,bias_p000,4,a3,a0,down_substitution,True,-2.6219999999999994,-1.5,-1.1219999999999994
ISIC_0024775,cluster:1706d0d167ef37c5b987,bias_p000,4,a0,a0,none,False,0.0,0.0,0.0
ISIC_0024783,cluster:c0ecd436e0b56aa73d94,bias_p000,4,a0,a0,none,False,0.0,0.0,0.0
ISIC_0024784,cluster:ef5146f15a03ebc4172f,bias_p000,4,a0,a0,none,False,0.0,0.0,0.0
ISIC_0024786,cluster:d834962c126f9f2fdb3d,bias_p000,4,a2,a2,none,False,-1.5,-1.5,0.0
ISIC_0024794,cluster:2103193d86175d30b63f,bias_p000,4,a0,a0,none,False,0.0,0.0,0.0
ISIC_0024799,cluster:5baa9238ca323e85da1a,bias_p000,4,a3,a0,down_substitution,True,-2.0,-5.2,3.2
ISIC_0024809,cluster:70dfb533b82d8bd6ad28,bias_p000,4,a3,a3,none,False,-2.7,-2.7,0.0
ISIC_0024821,cluster:ca4c82f6cb8449a1c03f,bias_p000,4,a0,a0,none,False,0.0,0.0,0.0
ISIC_0024828,cluster:42244e7c651dc1102710,bias_p000,4,a2,a2,none,False,-3.105,-3.105,0.0
ISIC_0024829,cluster:f7563b83ee6cb43a0896,bias_p000,4,a2,a1,down_substitution,True,0.0,-2.6,2.6
ISIC_0024833,cluster:bef5733e4749fb085187,bias_p000,4,a1,a2,up_substitution,True,-4.5,0.0,-4.5
ISIC_0024839,cluster:397463ca0d57eec4156c,bias_p000,4,a0,a0,none,False,-2.25,-2.25,0.0
ISIC_0024846,cluster:007da8768ccc1f026032,bias_p000,4,a3,a0,down_substitution,True,-3.5999999999999996,0.0,-3.5999999999999996
ISIC_0024849,cluster:f81013d18333435bb6f2,bias_p000,4,a0,a0,none,False,0.0,0.0,0.0
ISIC_0024852,cluster:5c3a142fba0c35c28070,bias_p000,4,a3,a0,down_substitution,True,-10.35,0.0,-10.35
ISIC_0024873,cluster:e2f6449245354aaba802,bias_p000,4,a0,a0,none,False,0.0,0.0,0.0
ISIC_0024878,cluster:e96510335c013b9e8858,bias_p000,4,a3,a0,down_substitution,True,-8.28,0.0,-8.28
ISIC_0024882,cluster:e885a75acaef38c9f7a4,bias_p000,4,a0,a0,none,False,0.0,0.0,0.0
ISIC_0024891,cluster:e76894b300b14d55125a,bias_p000,4,a3,a1,down_substitution,True,-7.5,-2.5,-5.0
ISIC_0024892,cluster:3dc096e76193814e3998,bias_p000,4,a0,a0,none,False,0.0,0.0,0.0
ISIC_0024900,cluster:cfc9e502ef3d649816a4,bias_p000,4,a0,a0,none,False,-21.6,-21.6,0.0
ISIC_0024905,cluster:f1f041dc07e18f63096b,bias_p000,4,a2,a1,down_substitution,True,-3.8,-1.9,-1.9
ISIC_0024912,cluster:e2ac62427ba57fdcc7fb,bias_p000,4,a0,a0,none,False,0.0,0.0,0.0
ISIC_0024921,cluster:cc8bc8c2ae205b8a04ed,bias_p000,4,a0,a0,none,False,0.0,0.0,0.0
ISIC_0024928,cluster:a43758ac68cd30dae14d,bias_p000,4,a0,a0,none,False,0.0,0.0,0.0
ISIC_0024944,cluster:bd4f378bacdc55e85d4c,bias_p000,4,a0,a0,none,False,0.0,0.0,0.0
ISIC_0024945,cluster:aa10ae82986c5d682a1b,bias_p000,4,a3,a0,down_substitution,True,-10.35,0.0,-10.35
ISIC_0024957,cluster:ebb274b7a36401b02d1f,bias_p000,4,a2,a2,none,False,-2.4839999999999995,-2.4839999999999995,0.0
ISIC_0024970,cluster:c18aed06a4ed0e715819,bias_p000,4,a3,a0,down_substitution,True,-4.6,-1.3,-3.3
ISIC_0024986,cluster:fd723e8fae87949b8c64,bias_p000,4,a0,a0,none,False,0.0,0.0,0.0
ISIC_0024990,cluster:6fafe4e68e47e04891af,bias_p000,4,a2,a0,down_substitution,True,-4.369999999999999,0.0,-4.369999999999999
ISIC_0025003,cluster:c24c0d0643d69a025688,bias_p000,4,a0,a0,none,False,0.0,0.0,0.0
ISIC_0025017,cluster:add55a137f7c20d79ce0,bias_p000,4,a0,a0,none,False,0.0,0.0,0.0
ISIC_0025023,cluster:ac9b54e0a3fd3e370ba9,bias_p000,4,a0,a0,none,False,0.0,0.0,0.0
ISIC_0025026,cluster:ed6cbc34eb151e354022,bias_p000,4,a0,a0,none,False,0.0,0.0,0.0
ISIC_0025028,cluster:2d09dbea0b5a6c7babaa,bias_p000,4,a0,a0,none,False,0.0,0.0,0.0
ISIC_0025030,cluster:234937c09058ace6d844,bias_p000,4,a0,a0,none,False,-1.3,-1.3,0.0
ISIC_0025039,cluster:b199e47123980d663d0c,bias_p000,4,a3,a0,down_substitution,True,-4.32,0.0,-4.32
ISIC_0025049,cluster:ff88f7e04e6b4043f715,bias_p000,4,a0,a0,none,False,0.0,0.0,0.0
ISIC_0025050,cluster:219ee6fecfffa99bde18,bias_p000,4,a2,a0,down_substitution,True,-4.369999999999999,0.0,-4.369999999999999
ISIC_0025060,cluster:a79dcb45e2f84219dde6,bias_p000,4,a0,a0,none,False,0.0,0.0,0.0
ISIC_0025080,cluster:78e54017e0d3d285e81d,bias_p000,4,a0,a0,none,False,0.0,0.0,0.0
ISIC_0025085,cluster:41aa090e3206f70fe8c1,bias_p000,4,a3,a3,none,False,0.0,0.0,0.0
ISIC_0025088,cluster:5b77098ca9c5de3d47d5,bias_p000,4,a0,a0,none,False,0.0,0.0,0.0
ISIC_0025101,cluster:5417c633b87f6ab60cf5,bias_p000,4,a1,a1,none,False,-0.8549999999999999,-0.8549999999999999,0.0
ISIC_0025162,cluster:84a63ac781856c3f30a9,bias_p000,4,a3,a0,down_substitution,True,-6.0,0.0,-6.0
ISIC_0025166,cluster:3ab347f9caf68a6f350d,bias_p000,4,a0,a0,none,False,0.0,0.0,0.0
ISIC_0025175,cluster:5d8fedbbcbe731e8725d,bias_p000,4,a1,a1,none,False,-0.855,-0.855,0.0
ISIC_0025182,cluster:d7e3df0ade20175c70a6,bias_p000,4,a3,a3,none,False,0.0,0.0,0.0
ISIC_0025186,cluster:76091b908021305bf21e,bias_p000,4,a0,a0,none,False,0.0,0.0,0.0
ISIC_0025193,cluster:723dbff332b1797a5a9c,bias_p000,4,a0,a0,none,False,0.0,0.0,0.0
ISIC_0025196,cluster:796af6ef88f3703cb8ee,bias_p000,4,a3,a2,down_substitution,True,0.0,-7.2,7.2
ISIC_0025202,cluster:bf1c07a740bf1ac6772d,bias_p000,4,a0,a0,none,False,0.0,0.0,0.0
ISIC_0025204,cluster:373819832409b00a1353,bias_p000,4,a0,a0,none,False,0.0,0.0,0.0
ISIC_0025212,cluster:f7cf0265b44ec2b2b71a,bias_p000,4,a2,a1,down_substitution,True,-4.56,-2.28,-2.28
ISIC_0025214,cluster:1248d0658f4180e3dc67,bias_p000,4,a3,a0,down_substitution,True,-4.719599999999999,0.0,-4.719599999999999
ISIC_0025219,cluster:ffac22563a7dcd24ad71,bias_p000,4,a0,a0,none,False,-20.52,-20.52,0.0
ISIC_0025228,cluster:88c29c88a789d88418b7,bias_p000,4,a0,a0,none,False,0.0,0.0,0.0
ISIC_0025233,cluster:b792fb601f41f9f4603b,bias_p000,4,a0,a0,none,False,0.0,0.0,0.0
ISIC_0025241,cluster:bb651a13d200d05bec4e,bias_p000,4,a0,a0,none,False,0.0,0.0,0.0
ISIC_0025248,cluster:1ff3d6331ecc7801fc7a,bias_p000,4,a3,a0,down_substitution,True,0.0,-20.52,20.52
ISIC_0025259,cluster:32d1d38a32ee964961fd,bias_p000,4,a0,a0,none,False,0.0,0.0,0.0
ISIC_0025260,cluster:c8f3a2cf201ed2ad88ad,bias_p000,4,a3,a3,none,False,-0.98325,-0.98325,0.0
ISIC_0025267,cluster:87cdc99588e843ee792d,bias_p000,4,a0,a0,none,False,0.0,0.0,0.0
ISIC_0025274,cluster:f864dbe0b7dc03794992,bias_p000,4,a0,a0,none,False,0.0,0.0,0.0
ISIC_0025280,cluster:396401e99db25911ac10,bias_p000,4,a0,a0,none,False,0.0,0.0,0.0
ISIC_0025282,cluster:343c056531f0c30ed87f,bias_p000,4,a1,a1,none,False,-2.28,-2.28,0.0
ISIC_0025286,cluster:aa1fac6989906b5494cd,bias_p000,4,a0,a0,none,False,-1.14,-1.14,0.0
ISIC_0025292,cluster:5c777047d66169dcb77e,bias_p000,4,a3,a1,down_substitution,True,-6.0,0.0,-6.0
ISIC_0025293,cluster:092f74f7057a8225f7dc,bias_p000,4,a0,a0,none,False,0.0,0.0,0.0
ISIC_0025303,cluster:f9408e5a31ec46e6599f,bias_p000,4,a0,a0,none,False,-21.6,-21.6,0.0
ISIC_0025306,cluster:14849f84499572541685,bias_p000,4,a0,a0,none,False,0.0,0.0,0.0
ISIC_0025310,cluster:fe42f1fe2336e04ec907,bias_p000,4,a3,a0,down_substitution,True,-5.175,0.0,-5.175
ISIC_0025320,cluster:2e508e74cb8a41c9cf6e,bias_p000,4,a0,a0,none,False,0.0,0.0,0.0
ISIC_0025347,cluster:920a01170c287e747e0a,bias_p000,4,a0,a0,none,False,0.0,0.0,0.0
ISIC_0025349,cluster:af2dc0281dcc5962a54a,bias_p000,4,a0,a0,none,False,0.0,0.0,0.0
ISIC_0025362,cluster:12743d932aa2ed1f33da,bias_p000,4,a2,a1,down_substitution,True,0.0,-2.4699999999999998,2.4699999999999998
ISIC_0025363,cluster:623f11ef2126bcf6dede,bias_p000,4,a3,a1,down_substitution,True,0.0,-10.4,10.4
ISIC_0025377,cluster:7fa3c55315427851212c,bias_p000,4,a3,a1,down_substitution,True,-6.84,-2.28,-4.5600000000000005
ISIC_0025379,cluster:c101646717ef17ac7d77,bias_p000,4,a3,a3,none,False,-2.565,-2.565,0.0
ISIC_0025380,cluster:1bb869159cfa7ca33c76,bias_p000,4,a0,a0,none,False,0.0,0.0,0.0
ISIC_0025385,cluster:d82f1ab2d0731a273441,bias_p000,4,a0,a0,none,False,0.0,0.0,0.0
ISIC_0025390,cluster:5300399daba8b6921923,bias_p000,4,a2,a1,down_substitution,True,-6.0,-3.0,-3.0
ISIC_0025411,cluster:107410116fcfdbf8507e,bias_p000,4,a0,a0,none,False,-20.52,-20.52,0.0
ISIC_0025419,cluster:a1c3c085d1dd89a37d9b,bias_p000,4,a0,a0,none,False,-1.3,-1.3,0.0
ISIC_0025422,cluster:db4ff1ce1e5f8598597b,bias_p000,4,a0,a0,none,False,0.0,0.0,0.0
ISIC_0025426,cluster:e56a2ac31554a8488f2a,bias_p000,4,a0,a0,none,False,0.0,0.0,0.0
ISIC_0025429,cluster:a6c394b3653ac35fa206,bias_p000,4,a0,a0,none,False,0.0,0.0,0.0
ISIC_0025430,cluster:fe8c750302cfe19f4a1b,bias_p000,4,a2,a0,down_substitution,True,-5.52,0.0,-5.52
ISIC_0025447,cluster:c45c187e25de575a2f88,bias_p000,4,a0,a0,none,False,0.0,0.0,0.0
ISIC_0025460,cluster:1da9dac1467a072acc4f,bias_p000,4,a0,a0,none,False,0.0,0.0,0.0
ISIC_0025470,cluster:ba76d5dc4bf50ce1d82e,bias_p000,4,a2,a1,down_substitution,True,-1.9,0.0,-1.9
ISIC_0025479,cluster:f937329c01988ba2ea56,bias_p000,4,a3,a0,down_substitution,True,-4.14,0.0,-4.14
ISIC_0025495,cluster:51bd26684b5471832265,bias_p000,4,a2,a0,down_substitution,True,-4.369999999999999,0.0,-4.369999999999999
ISIC_0025519,cluster:03cb998c1cadb6fa8ce1,bias_p000,4,a3,a3,none,False,-1.71,-1.71,0.0
ISIC_0025525,cluster:354f09f878b751921053,bias_p000,4,a0,a0,none,False,0.0,0.0,0.0
ISIC_0025528,cluster:02627123ce6d72a8b528,bias_p000,4,a3,a1,down_substitution,True,-9.0,-3.0,-6.0
ISIC_0025545,cluster:b59a890c1f6a889b219e,bias_p000,4,a3,a0,down_substitution,True,-2.6999999999999997,0.0,-2.6999999999999997
ISIC_0025551,cluster:467faefd6ed4fd9bf461,bias_p000,4,a0,a0,none,False,0.0,0.0,0.0
ISIC_0025555,cluster:1b037ffe78516be432c2,bias_p000,4,a0,a0,none,False,0.0,0.0,0.0
ISIC_0025557,cluster:f672443f44585e4558c6,bias_p000,4,a3,a1,down_substitution,True,-2.3,-2.6,0.30000000000000027
ISIC_0025564,cluster:c4cb3941bc0cb262cdfe,bias_p000,4,a2,a2,none,False,0.0,0.0,0.0
ISIC_0025565,cluster:f47a537c4dace7de666f,bias_p000,4,a0,a0,none,False,0.0,0.0,0.0
ISIC_0025568,cluster:9829d9ecb49eaf58f6af,bias_p000,4,a0,a0,none,False,0.0,0.0,0.0
ISIC_0025583,cluster:f39905ac739026ba2743,bias_p000,4,a3,a0,down_substitution,True,-4.8,-1.3,-3.5
ISIC_0025587,cluster:8f417a45baa9b4b79f28,bias_p000,4,a0,a0,none,False,0.0,0.0,0.0
ISIC_0025592,cluster:846323eb5753a83c756d,bias_p000,4,a0,a0,none,False,-18.0,-18.0,0.0
ISIC_0025594,cluster:eace7c613a643b300552,bias_p000,4,a2,a2,none,False,-2.6219999999999994,-2.6219999999999994,0.0
ISIC_0025596,cluster:6b2b6181d923f2d031de,bias_p000,4,a2,a0,down_substitution,True,-5.75,0.0,-5.75
ISIC_0025603,cluster:d23cb8d6d0a0bffa560c,bias_p000,4,a3,a0,down_substitution,True,0.0,-19.5,19.5
ISIC_0025605,cluster:f84cf010c63cfb214134,bias_p000,4,a0,a0,none,False,-4.8,-4.8,0.0
ISIC_0025612,cluster:76d6e5046df0121ea425,bias_p000,4,a2,a2,none,False,-2.25,-2.25,0.0
ISIC_0025614,cluster:60236d01a9b58e0c32b9,bias_p000,4,a0,a0,none,False,0.0,0.0,0.0
ISIC_0025626,cluster:2a69021bb82094621e23,bias_p000,4,a0,a0,none,False,0.0,0.0,0.0
ISIC_0025628,cluster:d09cab5be056baa02445,bias_p000,4,a2,a1,down_substitution,True,-4.6,-2.3,-2.3
ISIC_0025636,cluster:6148ff6fc5753db50006,bias_p000,4,a0,a0,none,False,0.0,0.0,0.0
ISIC_0025652,cluster:07708d32bdf22994af4e,bias_p000,4,a0,a0,none,False,0.0,0.0,0.0
ISIC_0025653,cluster:f9cda49a58d2fdd3a3c3,bias_p000,4,a0,a0,none,False,0.0,0.0,0.0
ISIC_0025657,cluster:7c2b61a5ffee010162a6,bias_p000,4,a0,a0,none,False,0.0,0.0,0.0
ISIC_0025658,cluster:1c1f08afaccd908b8844,bias_p000,4,a0,a0,none,False,0.0,0.0,0.0
ISIC_0025659,cluster:b1dfe140ab8e55537b48,bias_p000,4,a0,a0,none,False,-1.8,-1.8,0.0
ISIC_0025662,cluster:2c3cb9bb4de8ab46fdf5,bias_p000,4,a0,a0,none,False,0.0,0.0,0.0
ISIC_0025664,cluster:9436f53e5840bda4af27,bias_p000,4,a0,a0,none,False,0.0,0.0,0.0
ISIC_0025680,cluster:ebbc562fd81d1a7fc791,bias_p000,4,a2,a1,down_substitution,True,-3.8,-1.9,-1.9
ISIC_0025695,cluster:09e57cf989462e0b8e3f,bias_p000,4,a3,a3,none,False,-2.8125,-2.8125,0.0
ISIC_0025697,cluster:4f54aa23597bc5d0d09c,bias_p000,4,a0,a0,none,False,0.0,0.0,0.0
ISIC_0025701,cluster:89df4d13b91b01fbfeeb,bias_p000,4,a0,a0,none,False,0.0,0.0,0.0
ISIC_0025702,cluster:20e9ccd564e80647d5df,bias_p000,4,a0,a0,none,False,0.0,0.0,0.0
ISIC_0025703,cluster:3288a8a56cc3b0ddd330,bias_p000,4,a3,a3,none,False,-2.25,-2.25,0.0
ISIC_0025720,cluster:e691ac910594f0bce7e7,bias_p000,4,a0,a0,none,False,0.0,0.0,0.0
ISIC_0025724,cluster:642fa5b0247260267aac,bias_p000,4,a0,a0,none,False,-15.600000000000001,-15.600000000000001,0.0
ISIC_0025725,cluster:94462ed80e6903d92770,bias_p000,4,a1,a1,none,False,-1.9,-1.9,0.0
ISIC_0025726,cluster:40b2cdabebedd5da3a96,bias_p000,4,a1,a0,down_substitution,True,-2.76,0.0,-2.76
ISIC_0025727,cluster:069d65e2dcd75803f1cb,bias_p000,4,a0,a0,none,False,0.0,0.0,0.0
ISIC_0025737,cluster:d3edb366e173139286f7,bias_p000,4,a0,a0,none,False,0.0,0.0,0.0
ISIC_0025751,cluster:77d80dac10e8340bb34c,bias_p000,4,a3,a3,none,False,0.0,0.0,0.0
ISIC_0025757,cluster:90f8d9c8864b66084ba6,bias_p000,4,a0,a0,none,False,0.0,0.0,0.0
ISIC_0025758,cluster:1e5006179fbe798c2ca7,bias_p000,4,a0,a0,none,False,-1.3,-1.3,0.0
ISIC_0025762,cluster:41a6bc8ccbb8eda0e4ee,bias_p000,4,a0,a0,none,False,0.0,0.0,0.0
ISIC_0025769,cluster:25f4173503b113f03e04,bias_p000,4,a0,a0,none,False,0.0,0.0,0.0
ISIC_0025770,cluster:7d758944546eed210b6c,bias_p000,4,a0,a0,none,False,0.0,0.0,0.0
ISIC_0025780,cluster:0d5dec3f72a9eb6d80ae,bias_p000,4,a3,a1,down_substitution,True,-2.3,-2.6,0.30000000000000027
ISIC_0025786,cluster:354f09f878b751921053,bias_p000,4,a0,a0,none,False,0.0,0.0,0.0
ISIC_0025797,cluster:09bed4e22c0a04d38127,bias_p000,4,a0,a0,none,False,0.0,0.0,0.0
ISIC_0025798,cluster:9192faeea7c231ca48f6,bias_p000,4,a0,a0,none,False,0.0,0.0,0.0
ISIC_0025801,cluster:9285437b9f9bf2978c06,bias_p000,4,a0,a0,none,False,0.0,0.0,0.0
ISIC_0025852,cluster:7d5ab3ffe054a5d06993,bias_p000,4,a3,a0,down_substitution,True,-7.5,0.0,-7.5
ISIC_0025856,cluster:f48a237d995f7ff4725a,bias_p000,4,a0,a0,none,False,-1.2349999999999999,-1.2349999999999999,0.0
ISIC_0025862,cluster:df7fc0bb74dff6a3bd6c,bias_p000,4,a1,a2,up_substitution,True,-1.7249999999999999,-3.4499999999999997,1.7249999999999999
ISIC_0025871,cluster:4c4b7beeaf2ab3c61897,bias_p000,4,a0,a0,none,False,0.0,0.0,0.0
ISIC_0025877,cluster:15db29c778e12b7b9221,bias_p000,4,a0,a0,none,False,0.0,0.0,0.0
ISIC_0025882,cluster:14b5b67b0a5a9b2b86de,bias_p000,4,a2,a0,down_substitution,True,-6.8999999999999995,0.0,-6.8999999999999995
ISIC_0025884,cluster:e877ff046659dc9e16a3,bias_p000,4,a0,a0,none,False,0.0,0.0,0.0
ISIC_0025896,cluster:ec9091496ce1b76b95e0,bias_p000,4,a0,a0,none,False,0.0,0.0,0.0
ISIC_0025923,cluster:261428a1faa28098fcb5,bias_p000,4,a3,a3,none,False,-2.5875,-2.5875,0.0
ISIC_0025927,cluster:88bb8a9002e6636478e5,bias_p000,4,a0,a0,none,False,-27.0,-27.0,0.0
ISIC_0025931,cluster:8e5921fdf16cddb7b14a,bias_p000,4,a0,a0,none,False,0.0,0.0,0.0
ISIC_0025942,cluster:a694925c8ba7e7bc8820,bias_p000,4,a0,a0,none,False,0.0,0.0,0.0
ISIC_0025943,cluster:9829d9ecb49eaf58f6af,bias_p000,4,a0,a0,none,False,0.0,0.0,0.0
ISIC_0025957,cluster:f84cf010c63cfb214134,bias_p000,4,a0,a0,none,False,-4.8,-4.8,0.0
ISIC_0025960,cluster:f7ae5069935d3b55c6d8,bias_p000,4,a3,a1,down_substitution,True,-8.625,-2.875,-5.75
ISIC_0025976,cluster:6cd10fd4c4ad68e379c2,bias_p000,4,a0,a0,none,False,0.0,0.0,0.0
ISIC_0025979,cluster:c205345fed98a1b80340,bias_p000,4,a0,a0,none,False,0.0,0.0,0.0
ISIC_0025992,cluster:c5f157e99bf91da9c8dd,bias_p000,4,a2,a1,down_substitution,True,0.0,-3.25,3.25
ISIC_0026022,cluster:77bfc5e89e99850f637c,bias_p000,4,a0,a0,none,False,0.0,0.0,0.0
ISIC_0026023,cluster:8b74e5a5f4e0b676fd6f,bias_p000,4,a0,a0,none,False,0.0,0.0,0.0
ISIC_0026038,cluster:e72a7b3bcfce4b5b71e5,bias_p000,4,a0,a0,none,False,0.0,0.0,0.0
ISIC_0026043,cluster:338ebdfccc059b671eb5,bias_p000,4,a0,a0,none,False,0.0,0.0,0.0
ISIC_0026048,cluster:d45aa46ee276047d57e4,bias_p000,4,a0,a0,none,False,0.0,0.0,0.0
ISIC_0026052,cluster:091b4c7dcf070ad661af,bias_p000,4,a3,a0,down_substitution,True,-4.05,0.0,-4.05
ISIC_0026057,cluster:0e3395ead81f72d82d13,bias_p000,4,a3,a0,down_substitution,True,-8.625,0.0,-8.625
ISIC_0026058,cluster:0238d9f1010f23272d6e,bias_p000,4,a3,a0,down_substitution,True,-9.0,0.0,-9.0
ISIC_0026070,cluster:f501ade99bd915b7119e,bias_p000,4,a3,a2,down_substitution,True,-1.7099999999999997,-0.8549999999999999,-0.8549999999999999
ISIC_0026088,cluster:cbd610b93d28f1c23440,bias_p000,4,a2,a2,none,False,-1.8,-1.8,0.0
ISIC_0026093,cluster:08c534c47374a2b8ae53,bias_p000,4,a3,a1,down_substitution,True,-9.0,-3.0,-6.0
ISIC_0026094,cluster:63afa07c1dbd033bf9ab,bias_p000,4,a3,a3,none,False,0.0,0.0,0.0
ISIC_0026096,cluster:d32e0447a9885a8b3a2a,bias_p000,4,a0,a0,none,False,0.0,0.0,0.0
ISIC_0026100,cluster:a67f97668587ce58cc61,bias_p000,4,a3,a0,down_substitution,True,0.0,-13.68,13.68
ISIC_0026110,cluster:c3625f9eaa7bf8bb4c9f,bias_p000,4,a0,a0,none,False,0.0,0.0,0.0
ISIC_0026111,cluster:bb93b81511b0b20a3cf1,bias_p000,4,a0,a0,none,False,0.0,0.0,0.0
ISIC_0026148,cluster:b26c10c997dbcb66b5b9,bias_p000,4,a0,a0,none,False,0.0,0.0,0.0
ISIC_0026149,cluster:c5f157e99bf91da9c8dd,bias_p000,4,a2,a1,down_substitution,True,0.0,-3.25,3.25
ISIC_0026189,cluster:40ed5bb6b1dcf3719558,bias_p000,4,a3,a3,none,False,-3.8812499999999996,-3.8812499999999996,0.0
ISIC_0026203,cluster:a39d41ba32a56e2082dd,bias_p000,4,a3,a3,none,False,0.0,0.0,0.0
ISIC_0026211,cluster:a9baaab3bc9e1fb3d0e4,bias_p000,4,a0,a0,none,False,0.0,0.0,0.0
ISIC_0026224,cluster:005c3ce9520064e40942,bias_p000,4,a0,a0,none,False,0.0,0.0,0.0
ISIC_0026244,cluster:86125d5d1bd224c1a00e,bias_p000,4,a3,a0,down_substitution,True,-5.3999999999999995,0.0,-5.3999999999999995
ISIC_0026248,cluster:24ae61dfd3e9223a4433,bias_p000,4,a2,a1,down_substitution,True,-3.4499999999999997,0.0,-3.4499999999999997
ISIC_0026254,cluster:130055bc5696868a51f3,bias_p000,4,a2,a2,none,False,-2.15625,-2.15625,0.0
ISIC_0026265,cluster:42bed5628e8c44f2dff8,bias_p000,4,a3,a2,down_substitution,True,-3.4499999999999997,-1.7249999999999999,-1.7249999999999999
ISIC_0026267,cluster:307c5697d70f59d246b7,bias_p000,4,a0,a0,none,False,0.0,0.0,0.0
ISIC_0026273,cluster:2b625a6914f19d536d7d,bias_p000,4,a3,a1,down_substitution,True,-3.8,0.0,-3.8
ISIC_0026280,cluster:1856fd4009a028f7ee7f,bias_p000,4,a0,a0,none,False,-1.71,-1.71,0.0
ISIC_0026283,cluster:f676fa723f24b8c6f183,bias_p000,4,a0,a0,none,False,0.0,0.0,0.0
ISIC_0026285,cluster:89b053b7fd754df0c5d8,bias_p000,4,a3,a0,down_substitution,True,-10.35,0.0,-10.35
ISIC_0026293,cluster:1e418a032ec9f2aba85b,bias_p000,4,a0,a0,none,False,0.0,0.0,0.0
ISIC_0026294,cluster:a4b2e7c3a2304c4eff7e,bias_p000,4,a0,a0,none,False,0.0,0.0,0.0
ISIC_0026298,cluster:374db80902e80eafb691,bias_p000,4,a2,a1,down_substitution,True,-3.4499999999999997,0.0,-3.4499999999999997
ISIC_0026309,cluster:8b85259a2c1cd05b9a57,bias_p000,4,a0,a0,none,False,0.0,0.0,0.0
ISIC_0026329,cluster:ef5146f15a03ebc4172f,bias_p000,4,a0,a0,none,False,0.0,0.0,0.0
ISIC_0026332,cluster:2499ca72d7aca51530d9,bias_p000,4,a3,a0,down_substitution,True,-4.6575,0.0,-4.6575
ISIC_0026333,cluster:5130e765416fb1e7db18,bias_p000,4,a0,a0,none,False,0.0,0.0,0.0
ISIC_0026342,cluster:25cadc76dbebd973fc65,bias_p000,4,a3,a0,down_substitution,True,-5.699999999999999,0.0,-5.699999999999999
ISIC_0026345,cluster:12297b686452df3cc795,bias_p000,4,a0,a0,none,False,0.0,0.0,0.0
ISIC_0026352,cluster:b302d9fd2bb4523482cb,bias_p000,4,a3,a0,down_substitution,True,0.0,-13.68,13.68
ISIC_0026356,cluster:7fd3349c89debe039578,bias_p000,4,a0,a0,none,False,0.0,0.0,0.0
ISIC_0026358,cluster:723dbff332b1797a5a9c,bias_p000,4,a0,a0,none,False,0.0,0.0,0.0
ISIC_0026370,cluster:6e73ad0dd4f33bc5fc67,bias_p000,4,a3,a0,down_substitution,True,-3.0780000000000003,0.0,-3.0780000000000003
ISIC_0026376,cluster:bd1c4a1886bc5d2b675c,bias_p000,4,a0,a0,none,False,0.0,0.0,0.0
ISIC_0026378,cluster:93a0938bab3b4ed2ee8c,bias_p000,4,a2,a2,none,False,-1.035,-1.035,0.0
ISIC_0026387,cluster:a78ce93f9d228b6aab7d,bias_p000,4,a0,a0,none,False,0.0,0.0,0.0
ISIC_0026413,cluster:299b740f06e958f2c61d,bias_p000,4,a0,a0,none,False,0.0,0.0,0.0
ISIC_0026416,cluster:816de90f47a5b48cae87,bias_p000,4,a1,a0,down_substitution,True,0.0,-1.625,1.625
ISIC_0026427,cluster:09e57cf989462e0b8e3f,bias_p000,4,a3,a3,none,False,-2.8125,-2.8125,0.0
ISIC_0026434,cluster:7ba369a05a5c9e64ce1a,bias_p000,4,a0,a0,none,False,0.0,0.0,0.0
ISIC_0026440,cluster:b5e8cd1ba4cc2e9ca397,bias_p000,4,a0,a0,none,False,0.0,0.0,0.0
ISIC_0026451,cluster:5417c633b87f6ab60cf5,bias_p000,4,a0,a0,none,False,0.0,0.0,0.0
ISIC_0026453,cluster:989ce2cc8ba6c6364bd6,bias_p000,4,a3,a3,none,False,-1.035,-1.035,0.0
ISIC_0026454,cluster:7d276e1daf677f254519,bias_p000,4,a0,a0,none,False,0.0,0.0,0.0
ISIC_0026455,cluster:da4b97eb99618da24200,bias_p000,4,a3,a0,down_substitution,True,-10.35,0.0,-10.35
ISIC_0026457,cluster:b524322b4f5bb16f496e,bias_p000,4,a2,a2,none,False,0.0,0.0,0.0
ISIC_0026458,cluster:ffac22563a7dcd24ad71,bias_p000,4,a3,a0,down_substitution,True,0.0,-20.52,20.52
ISIC_0026463,cluster:ee54ed19153c26c24ce9,bias_p000,4,a0,a0,none,False,0.0,0.0,0.0
ISIC_0026466,cluster:474e182b4aa6c31fd2c2,bias_p000,4,a2,a2,none,False,-6.0,-6.0,0.0
ISIC_0026467,cluster:0f261995b3915cf96f63,bias_p000,4,a3,a0,down_substitution,True,-3.5999999999999996,0.0,-3.5999999999999996
ISIC_0026469,cluster:8b1a89378144b3877acf,bias_p000,4,a0,a0,none,False,0.0,0.0,0.0
ISIC_0026474,cluster:371db9ef3692999b1b1e,bias_p000,4,a0,a0,none,False,0.0,0.0,0.0
ISIC_0026477,cluster:06ec02d5fc1069eb3699,bias_p000,4,a0,a0,none,False,-1.5,-1.5,0.0
ISIC_0026486,cluster:6228747629b57f7386ed,bias_p000,4,a0,a0,none,False,0.0,0.0,0.0
ISIC_0026495,cluster:56ce16df347e35ba8ad0,bias_p000,4,a0,a0,none,False,0.0,0.0,0.0
ISIC_0026508,cluster:d82fc3344ea3a3293fa1,bias_p000,4,a3,a0,down_substitution,True,-3.932999999999999,0.0,-3.932999999999999
ISIC_0026516,cluster:642fa5b0247260267aac,bias_p000,4,a0,a0,none,False,-15.600000000000001,-15.600000000000001,0.0
ISIC_0026525,cluster:4242b08efde0a9f109c4,bias_p000,4,a2,a2,none,False,0.0,0.0,0.0
ISIC_0026526,cluster:9f2561fa9a8a8d7a1953,bias_p000,4,a2,a1,down_substitution,True,-2.6219999999999994,0.0,-2.6219999999999994
ISIC_0026534,cluster:b0c634651231d0865f84,bias_p000,4,a0,a0,none,False,0.0,0.0,0.0
ISIC_0026541,cluster:76dbf5c2b8e8f5952353,bias_p000,4,a0,a0,none,False,0.0,0.0,0.0
ISIC_0026552,cluster:ab0ca7e5657af0271728,bias_p000,4,a0,a0,none,False,0.0,0.0,0.0
ISIC_0026561,cluster:790defcb7c3122fba7fc,bias_p000,4,a0,a0,none,False,0.0,0.0,0.0
ISIC_0026568,cluster:c374489456688523bbca,bias_p000,4,a1,a0,down_substitution,True,-2.1849999999999996,0.0,-2.1849999999999996
ISIC_0026575,cluster:876c904f28bc7a95466a,bias_p000,4,a3,a1,down_substitution,True,-2.1849999999999996,-3.25,1.0650000000000004
ISIC_0026576,cluster:5c777047d66169dcb77e,bias_p000,4,a3,a1,down_substitution,True,-6.0,0.0,-6.0
ISIC_0026580,cluster:8765aecb29b03731075d,bias_p000,4,a0,a0,none,False,0.0,0.0,0.0
ISIC_0026588,cluster:4358b6304d98bdb9d113,bias_p000,4,a0,a0,none,False,0.0,0.0,0.0
ISIC_0026590,cluster:e8891a86abd264426c49,bias_p000,4,a0,a0,none,False,-1.2349999999999999,-1.2349999999999999,0.0
ISIC_0026592,cluster:f4fd1f8ae70dbd893f4a,bias_p000,4,a0,a0,none,False,0.0,0.0,0.0
ISIC_0026602,cluster:fae385fa936a5f6f9845,bias_p000,4,a3,a0,down_substitution,True,-7.865999999999998,0.0,-7.865999999999998
ISIC_0026608,cluster:21629b120a43feb89aa5,bias_p000,4,a0,a0,none,False,0.0,0.0,0.0
ISIC_0026618,cluster:941f1dfd5cabdcc692dd,bias_p000,4,a3,a0,down_substitution,True,-3.5397,0.0,-3.5397
ISIC_0026623,cluster:8591e255a5e18d6d57d7,bias_p000,4,a3,a2,down_substitution,True,-1.9664999999999995,-0.9832499999999997,-0.9832499999999997
ISIC_0026627,cluster:c7752f87bd65bc2e5a85,bias_p000,4,a0,a0,none,False,0.0,0.0,0.0
ISIC_0026641,cluster:bb4e1aec308b63592cde,bias_p000,4,a3,a0,down_substitution,True,-3.932999999999999,0.0,-3.932999999999999
ISIC_0026647,cluster:0eef4793e1ed40efcbde,bias_p000,4,a0,a0,none,False,-27.0,-27.0,0.0
ISIC_0026653,cluster:a75cea5ebc1320b3009c,bias_p000,4,a0,a0,none,False,0.0,0.0,0.0
ISIC_0026663,cluster:c18aed06a4ed0e715819,bias_p000,4,a3,a0,down_substitution,True,-4.6,-1.3,-3.3
ISIC_0026666,cluster:ab0ca7e5657af0271728,bias_p000,4,a1,a2,up_substitution,True,-1.035,-2.07,1.035
ISIC_0026670,cluster:941f1dfd5cabdcc692dd,bias_p000,4,a0,a0,none,False,0.0,0.0,0.0
ISIC_0026678,cluster:d1c5bdc5bd4ac77b543d,bias_p000,4,a2,a1,down_substitution,True,-5.0,-2.5,-2.5
ISIC_0026688,cluster:0fecaebeede1dce17f25,bias_p000,4,a3,a0,down_substitution,True,-8.28,0.0,-8.28
ISIC_0026696,cluster:d8c8c16acf360a3c19f9,bias_p000,4,a0,a0,none,False,0.0,0.0,0.0
ISIC_0026697,cluster:e462b53fd69f0ded52d5,bias_p000,4,a2,a1,down_substitution,True,-5.2,-10.4,5.2
ISIC_0026724,cluster:a4ca85e4d7044546a1c9,bias_p000,4,a3,a0,down_substitution,True,-10.35,0.0,-10.35
ISIC_0026728,cluster:d1fefe0e88b690919366,bias_p000,4,a3,a3,none,False,-2.15625,-2.15625,0.0
ISIC_0026729,cluster:f86d3ef4e2dc7cd5f261,bias_p000,4,a2,a2,none,False,0.0,0.0,0.0
ISIC_0026732,cluster:f133d50e7b8a2cf04ae9,bias_p000,4,a0,a0,none,False,0.0,0.0,0.0
ISIC_0026737,cluster:25ab99cfedf5ca1e136e,bias_p000,4,a0,a0,none,False,-1.5,-1.5,0.0
ISIC_0026752,cluster:fe42f1fe2336e04ec907,bias_p000,4,a0,a0,none,False,0.0,0.0,0.0
ISIC_0026754,cluster:4853b7d4689aaebf3123,bias_p000,4,a3,a0,down_substitution,True,0.0,-19.5,19.5
ISIC_0026755,cluster:a772765a65cb659c19ec,bias_p000,4,a2,a2,none,False,-2.25,-2.25,0.0
ISIC_0026766,cluster:b15f3efc701e687956e8,bias_p000,4,a0,a0,none,False,-4.56,-4.56,0.0
ISIC_0026771,cluster:37d986387f5ec63db613,bias_p000,4,a0,a0,none,False,0.0,0.0,0.0
ISIC_0026774,cluster:2173cc1faf55c0fd5570,bias_p000,4,a0,a0,none,False,-13.68,-13.68,0.0
ISIC_0026781,cluster:8c08020cb734b220e551,bias_p000,4,a0,a0,none,False,0.0,0.0,0.0
ISIC_0026786,cluster:70dfb533b82d8bd6ad28,bias_p000,4,a2,a2,none,False,-1.8,-1.8,0.0
ISIC_0026791,cluster:b96148868cd7e97306e1,bias_p000,4,a0,a0,none,False,0.0,0.0,0.0
ISIC_0026801,cluster:1e1fb542f8ca5fb3b2b8,bias_p000,4,a3,a0,down_substitution,True,-7.5,0.0,-7.5
ISIC_0026803,cluster:75a60e7c51b6fd6a6e96,bias_p000,4,a0,a0,none,False,-1.8,-1.8,0.0
ISIC_0026810,cluster:254446ef4724733c4f9d,bias_p000,4,a0,a0,none,False,0.0,0.0,0.0
ISIC_0026825,cluster:d5dc6e6926a9039676c0,bias_p000,4,a0,a0,none,False,0.0,0.0,0.0
ISIC_0026827,cluster:c43fe5f0aa29e23f1848,bias_p000,4,a0,a0,none,False,-2.25,-2.25,0.0
ISIC_0026828,cluster:ade8ee7a04d8507594b1,bias_p000,4,a0,a0,none,False,0.0,0.0,0.0
ISIC_0026831,cluster:014ed9d34c914356201b,bias_p000,4,a3,a1,down_substitution,True,-2.1849999999999996,-3.25,1.0650000000000004
ISIC_0026837,cluster:507b17e22fe20ae0ab10,bias_p000,4,a3,a0,down_substitution,True,-7.865999999999998,0.0,-7.865999999999998
ISIC_0026844,cluster:cfdd1fb9f81cc3f883b5,bias_p000,4,a3,a2,down_substitution,True,-3.312,-1.656,-1.656
ISIC_0026847,cluster:f7361f1493df5a9183d2,bias_p000,4,a3,a2,down_substitution,True,0.0,-7.2,7.2
ISIC_0026858,cluster:cc8d80b0e5028e98951d,bias_p000,4,a0,a0,none,False,0.0,0.0,0.0
ISIC_0026862,cluster:53ee828f4a6b5e8ea7cf,bias_p000,4,a0,a0,none,False,0.0,0.0,0.0
ISIC_0026863,cluster:4a0569c519b92af40366,bias_p000,4,a0,a0,none,False,0.0,0.0,0.0
ISIC_0026868,cluster:6d8cc2668e2ad80e698d,bias_p000,4,a3,a3,none,False,0.0,0.0,0.0
ISIC_0026875,cluster:c8338d22e1deb09b073b,bias_p000,4,a0,a0,none,False,0.0,0.0,0.0
ISIC_0026883,cluster:89efae845c4e5947ef73,bias_p000,4,a2,a2,none,False,-1.7249999999999999,-1.7249999999999999,0.0
ISIC_0026887,cluster:9829d9ecb49eaf58f6af,bias_p000,4,a3,a0,down_substitution,True,-4.103999999999999,0.0,-4.103999999999999
ISIC_0026893,cluster:86a1bc4acee3d4d06751,bias_p000,4,a3,a0,down_substitution,True,-3.5999999999999996,-1.14,-2.46
ISIC_0026898,cluster:c25ca99337b39ae128e8,bias_p000,4,a0,a0,none,False,0.0,0.0,0.0
ISIC_0026900,cluster:329f0f08e4cce3ecd19a,bias_p000,4,a0,a0,none,False,0.0,0.0,0.0
ISIC_0026904,cluster:2313cc9c3457056d7a55,bias_p000,4,a0,a0,none,False,0.0,0.0,0.0
ISIC_0026912,cluster:d9ee574e7dc804ff78ee,bias_p000,4,a2,a1,down_substitution,True,-2.76,0.0,-2.76
ISIC_0026916,cluster:396023e4ef8fab0ecc78,bias_p000,4,a3,a0,down_substitution,True,0.0,-27.0,27.0
ISIC_0026917,cluster:db22ab5b9c4b3b5a21b6,bias_p000,4,a0,a0,none,False,0.0,0.0,0.0
ISIC_0026919,cluster:dd17e95f1ed5a2aa8f12,bias_p000,4,a0,a0,none,False,0.0,0.0,0.0
ISIC_0026922,cluster:9192faeea7c231ca48f6,bias_p000,4,a0,a0,none,False,0.0,0.0,0.0
ISIC_0026923,cluster:0797790d2efe292734ed,bias_p000,4,a0,a0,none,False,-1.8,-1.8,0.0
ISIC_0026925,cluster:0c25d83be19d84f47da9,bias_p000,4,a0,a0,none,False,0.0,0.0,0.0
ISIC_0026947,cluster:397463ca0d57eec4156c,bias_p000,4,a0,a0,none,False,-2.25,-2.25,0.0
ISIC_0026948,cluster:b060660e83d0f3d6f2cd,bias_p000,4,a0,a0,none,False,0.0,0.0,0.0
ISIC_0026956,cluster:85adcb8e031ef66ce814,bias_p000,4,a0,a0,none,False,0.0,0.0,0.0
ISIC_0026962,cluster:08521a7801cfbb5eb5b1,bias_p000,4,a0,a0,none,False,0.0,0.0,0.0
ISIC_0026976,cluster:2289f378e1d8cf56dec2,bias_p000,4,a2,a2,none,False,-7.2,-7.2,0.0
ISIC_0026980,cluster:6b3bcbe14187788782e1,bias_p000,4,a0,a0,none,False,0.0,0.0,0.0
ISIC_0026984,cluster:b91ebd1e95f2e9cb0acf,bias_p000,4,a0,a0,none,False,-9.0,-9.0,0.0
ISIC_0026988,cluster:ea0103e9b3751f8f9132,bias_p000,4,a3,a1,down_substitution,True,-1.9,-3.25,1.35
ISIC_0026989,cluster:f9408e5a31ec46e6599f,bias_p000,4,a3,a0,down_substitution,True,0.0,-21.6,21.6
ISIC_0026994,cluster:16dfc837109525a75d79,bias_p000,4,a1,a0,down_substitution,True,-2.76,0.0,-2.76
ISIC_0026998,cluster:f89b440650f2dcd33603,bias_p000,4,a3,a1,down_substitution,True,-5.699999999999999,-1.9,-3.7999999999999994
ISIC_0027003,cluster:853bd6b5f9f4c5d2c63d,bias_p000,4,a0,a0,none,False,0.0,0.0,0.0
ISIC_0027005,cluster:0e81771f1157a8ce3739,bias_p000,4,a0,a0,none,False,0.0,0.0,0.0
ISIC_0027008,cluster:17c873e214e5277e4216,bias_p000,4,a3,a0,down_substitution,True,-4.719599999999999,0.0,-4.719599999999999
ISIC_0027021,cluster:ce8fb7e5a7d2abd56cbc,bias_p000,4,a3,a3,none,False,0.0,0.0,0.0
ISIC_0027023,cluster:ed7b82c8c723f96a74a4,bias_p000,4,a0,a0,none,False,-1.625,-1.625,0.0
ISIC_0027024,cluster:19b9f4519db59fbdb727,bias_p000,4,a0,a0,none,False,0.0,0.0,0.0
ISIC_0027033,cluster:75760ef77b641d2560cc,bias_p000,4,a0,a0,none,False,-19.5,-19.5,0.0
ISIC_0027034,cluster:d930635736dbbe532393,bias_p000,4,a0,a0,none,False,0.0,0.0,0.0
ISIC_0027047,cluster:a9c12d1bedc527e54657,bias_p000,4,a3,a0,down_substitution,True,0.0,-18.0,18.0
ISIC_0027050,cluster:f3c26afb3b8670a6cdec,bias_p000,4,a0,a0,none,False,0.0,0.0,0.0
ISIC_0027053,cluster:b48557e791fc4785351c,bias_p000,4,a0,a0,none,False,-1.8,-1.8,0.0
ISIC_0027060,cluster:7176dd378e6a9d8fba66,bias_p000,4,a3,a3,none,False,0.0,0.0,0.0
ISIC_0027079,cluster:a59d441d96a77bcfe362,bias_p000,4,a0,a0,none,False,0.0,0.0,0.0
ISIC_0027088,cluster:0b133f242998526657da,bias_p000,4,a0,a0,none,False,0.0,0.0,0.0
ISIC_0027091,cluster:da5f33c1971d26983ebf,bias_p000,4,a0,a0,none,False,0.0,0.0,0.0
ISIC_0027093,cluster:12743d932aa2ed1f33da,bias_p000,4,a2,a1,down_substitution,True,0.0,-2.4699999999999998,2.4699999999999998
ISIC_0027095,cluster:3bf8c801aaf16476913f,bias_p000,4,a0,a0,none,False,0.0,0.0,0.0
ISIC_0027097,cluster:4ab032fad266fb6c0eb1,bias_p000,4,a3,a2,down_substitution,True,-4.32,-2.88,-1.4400000000000004
ISIC_0027099,cluster:575e95626de5bc3a2eb8,bias_p000,4,a3,a1,down_substitution,True,-7.5,-2.5,-5.0
ISIC_0027100,cluster:0dacb6d0a6daad308b2f,bias_p000,4,a3,a0,down_substitution,True,0.0,-14.819999999999999,14.819999999999999
ISIC_0027111,cluster:f84cc364065f4ec07680,bias_p000,4,a0,a0,none,False,0.0,0.0,0.0
ISIC_0027116,cluster:a9ee6fcf58d9febf96c0,bias_p000,4,a0,a0,none,False,0.0,0.0,0.0
ISIC_0027121,cluster:4d90b13f778f1e604895,bias_p000,4,a0,a0,none,False,0.0,0.0,0.0
ISIC_0027133,cluster:82fd5f3f99c72a35cc1a,bias_p000,4,a0,a0,none,False,0.0,0.0,0.0
ISIC_0027135,cluster:c0c60684addf41b87d69,bias_p000,4,a3,a0,down_substitution,True,-1.2419999999999998,-7.2,5.958
ISIC_0027139,cluster:1b06fe5b37c0414e051b,bias_p000,4,a3,a3,none,False,-1.9665,-1.9665,0.0
ISIC_0027140,cluster:65b270f41007db0f5dfe,bias_p000,4,a0,a0,none,False,0.0,0.0,0.0
ISIC_0027156,cluster:a1b16154bb786294a65d,bias_p000,4,a0,a0,none,False,0.0,0.0,0.0
ISIC_0027170,cluster:994b338338ac34a43bd7,bias_p000,4,a0,a0,none,False,0.0,0.0,0.0
ISIC_0027176,cluster:1b1e215e5f34a5bb7a63,bias_p000,4,a0,a0,none,False,0.0,0.0,0.0
ISIC_0027183,cluster:8f7f261af29ec1a6c737,bias_p000,4,a2,a2,none,False,-2.88,-2.88,0.0
ISIC_0027186,cluster:6ed312cde150a0931a84,bias_p000,4,a2,a0,down_substitution,True,-6.8999999999999995,0.0,-6.8999999999999995
ISIC_0027194,cluster:24ae61dfd3e9223a4433,bias_p000,4,a2,a1,down_substitution,True,-3.4499999999999997,0.0,-3.4499999999999997
ISIC_0027196,cluster:f895f690e15e5dac0871,bias_p000,4,a0,a0,none,False,0.0,0.0,0.0
ISIC_0027200,cluster:d5010f7b6bf17ff7ecd3,bias_p000,4,a0,a0,none,False,0.0,0.0,0.0
ISIC_0027209,cluster:1366db25a70d99dc457d,bias_p000,4,a0,a0,none,False,0.0,0.0,0.0
ISIC_0027212,cluster:db06dc448f05d640f4a9,bias_p000,4,a2,a2,none,False,-2.6219999999999994,-2.6219999999999994,0.0
ISIC_0027221,cluster:cf2a98c998edcba9073e,bias_p000,4,a3,a0,down_substitution,True,-10.35,0.0,-10.35
ISIC_0027222,cluster:9d6c8751cc64b28f7555,bias_p000,4,a0,a0,none,False,0.0,0.0,0.0
ISIC_0027237,cluster:d11e951a17adaf434bca,bias_p000,4,a3,a2,down_substitution,True,-4.05,-2.6999999999999997,-1.35
ISIC_0027245,cluster:08e0a5c9ca78775ba55f,bias_p000,4,a0,a0,none,False,0.0,0.0,0.0
ISIC_0027258,cluster:842aa24a699cd826673b,bias_p000,4,a3,a2,down_substitution,True,-4.6575,-3.105,-1.5524999999999998
ISIC_0027263,cluster:8e9f31ce63a9c55fe2a7,bias_p000,4,a3,a0,down_substitution,True,0.0,-18.0,18.0
ISIC_0027264,cluster:336487fc89c640592e04,bias_p000,4,a0,a0,none,False,0.0,0.0,0.0
ISIC_0027265,cluster:f9cda49a58d2fdd3a3c3,bias_p000,4,a0,a0,none,False,0.0,0.0,0.0
ISIC_0027274,cluster:4e9fa77d22505843e043,bias_p000,4,a0,a0,none,False,0.0,0.0,0.0
ISIC_0027283,cluster:a13518ca52719639306b,bias_p000,4,a0,a0,none,False,0.0,0.0,0.0
ISIC_0027289,cluster:a2b2ff8e26703f691137,bias_p000,4,a0,a0,none,False,0.0,0.0,0.0
ISIC_0027295,cluster:41e1bad201962a03dd77,bias_p000,4,a3,a3,none,False,-1.7249999999999999,-1.7249999999999999,0.0
ISIC_0027296,cluster:31f0db21142805d73400,bias_p000,4,a0,a0,none,False,0.0,0.0,0.0
ISIC_0027305,cluster:fed5d77533257e613f04,bias_p000,4,a0,a0,none,False,0.0,0.0,0.0
ISIC_0027311,cluster:9ae04ae48dfb830aae6e,bias_p000,4,a3,a0,down_substitution,True,-6.554999999999999,0.0,-6.554999999999999
ISIC_0027314,cluster:fa26242e6758b554f8dc,bias_p000,4,a0,a0,none,False,0.0,0.0,0.0
ISIC_0027326,cluster:4d3d2ac9ad76adf8ea88,bias_p000,4,a3,a0,down_substitution,True,-4.56,-1.625,-2.9349999999999996
ISIC_0027337,cluster:9050b01764df3afea226,bias_p000,4,a3,a1,down_substitution,True,-2.4,-2.6,0.20000000000000018
ISIC_0027339,cluster:c436a1a03881ee1bff5f,bias_p000,4,a0,a0,none,False,0.0,0.0,0.0
ISIC_0027347,cluster:06f1ded37c56bc6e6c3f,bias_p000,4,a1,a1,none,False,-2.28,-2.28,0.0
ISIC_0027352,cluster:ce636ef5968b1664ce97,bias_p000,4,a0,a0,none,False,-21.6,-21.6,0.0
ISIC_0027356,cluster:f734198be601896b669f,bias_p000,4,a0,a0,none,False,0.0,0.0,0.0
ISIC_0027368,cluster:ed621bb0e47cd12814f2,bias_p000,4,a3,a0,down_substitution,True,-7.199999999999999,0.0,-7.199999999999999
ISIC_0027375,cluster:f895436a55c2d6c2b893,bias_p000,4,a0,a0,none,False,0.0,0.0,0.0
ISIC_0027381,cluster:148d4ea03f1ef8702b4d,bias_p000,4,a0,a0,none,False,0.0,0.0,0.0
ISIC_0027382,cluster:8f417a45baa9b4b79f28,bias_p000,4,a0,a0,none,False,0.0,0.0,0.0
ISIC_0027384,cluster:3b32e7932b8cee6e4136,bias_p000,4,a0,a0,none,False,0.0,0.0,0.0
ISIC_0027386,cluster:de19e6baae72f6ccf69b,bias_p000,4,a0,a0,none,False,0.0,0.0,0.0
ISIC_0027392,cluster:e0a021bbe477dd9eac3f,bias_p000,4,a2,a2,none,False,-1.026,-1.026,0.0
ISIC_0027394,cluster:837623d90523a0f8d4a8,bias_p000,4,a0,a0,none,False,-1.2,-1.2,0.0
ISIC_0027396,cluster:32c7d08fd7526fe91852,bias_p000,4,a0,a0,none,False,0.0,0.0,0.0
ISIC_0027412,cluster:578fed7f2c6936c57691,bias_p000,4,a0,a0,none,False,0.0,0.0,0.0
ISIC_0027419,cluster:234937c09058ace6d844,bias_p000,4,a3,a0,down_substitution,True,-5.52,-1.3,-4.22
ISIC_0027428,cluster:8a79a92d5ab0e860f3df,bias_p000,4,a2,a2,none,False,-1.14,-1.14,0.0
ISIC_0027429,cluster:7f2a3dd9639a5a176d8b,bias_p000,4,a0,a0,none,False,0.0,0.0,0.0
ISIC_0027431,cluster:36a1a34a406f5162181b,bias_p000,4,a0,a0,none,False,0.0,0.0,0.0
ISIC_0027434,cluster:32468e3d22261a08469e,bias_p000,4,a3,a0,down_substitution,True,-9.0,0.0,-9.0
ISIC_0027438,cluster:1d11e8db7c3c9e553111,bias_p000,4,a1,a2,up_substitution,True,-1.7249999999999999,-3.4499999999999997,1.7249999999999999
ISIC_0027439,cluster:173ef02868dfcba2a581,bias_p000,4,a2,a1,down_substitution,True,-3.8,-1.9,-1.9
ISIC_0027444,cluster:20e9ccd564e80647d5df,bias_p000,4,a0,a0,none,False,0.0,0.0,0.0
ISIC_0027446,cluster:cad900eae48a8c55ecf4,bias_p000,4,a0,a0,none,False,0.0,0.0,0.0
ISIC_0027448,cluster:7ec90a8f7e981d723426,bias_p000,4,a0,a0,none,False,0.0,0.0,0.0
ISIC_0027449,cluster:73895f34a6334870d0c7,bias_p000,4,a3,a0,down_substitution,True,-7.199999999999999,0.0,-7.199999999999999
ISIC_0027461,cluster:fe42f1fe2336e04ec907,bias_p000,4,a0,a0,none,False,0.0,0.0,0.0
ISIC_0027465,cluster:f8af4bfd0bb1567104f3,bias_p000,4,a0,a0,none,False,0.0,0.0,0.0
ISIC_0027467,cluster:a3d76fc33693086d95eb,bias_p000,4,a3,a0,down_substitution,True,-6.554999999999999,0.0,-6.554999999999999
ISIC_0027470,cluster:7a6fc0d28eddb1bcda7f,bias_p000,4,a0,a0,none,False,-1.5,-1.5,0.0
ISIC_0027472,cluster:63f09a720fc8fc50ec59,bias_p000,4,a0,a0,none,False,0.0,0.0,0.0
ISIC_0027473,cluster:12743d932aa2ed1f33da,bias_p000,4,a3,a0,down_substitution,True,-3.4499999999999997,-4.9399999999999995,1.4899999999999998
ISIC_0027479,cluster:7d83f3d5b1fd2347a3a1,bias_p000,4,a0,a0,none,False,0.0,0.0,0.0
ISIC_0027484,cluster:90a0dfdc86532745330b,bias_p000,4,a3,a2,down_substitution,True,-3.42,-2.28,-1.1400000000000001
ISIC_0027489,cluster:8e6029e4950ccb91c301,bias_p000,4,a3,a1,down_substitution,True,-6.0,-2.0,-4.0
ISIC_0027510,cluster:2c3cb9bb4de8ab46fdf5,bias_p000,4,a3,a3,none,False,-2.7,-2.7,0.0
ISIC_0027512,cluster:7fbaf201c68cb89125fb,bias_p000,4,a3,a0,down_substitution,True,-10.35,0.0,-10.35
ISIC_0027514,cluster:2af7ca61da78dfc59ccb,bias_p000,4,a1,a1,none,False,-1.9,-1.9,0.0
ISIC_0027521,cluster:f00807fa524941c37fbb,bias_p000,4,a0,a0,none,False,0.0,0.0,0.0
ISIC_0027525,cluster:a64288dc5679f8c90560,bias_p000,4,a3,a3,none,False,-0.98325,-0.98325,0.0
ISIC_0027534,cluster:9915ce1bb9dea6bda84b,bias_p000,4,a2,a2,none,False,-1.71,-1.71,0.0
ISIC_0027542,cluster:6dabeb6747685309cf75,bias_p000,4,a0,a0,none,False,0.0,0.0,0.0
ISIC_0027544,cluster:226d1d05991cace61426,bias_p000,4,a3,a2,down_substitution,True,-1.2419999999999998,0.0,-1.2419999999999998
ISIC_0027546,cluster:bef5733e4749fb085187,bias_p000,4,a2,a2,none,False,0.0,0.0,0.0
ISIC_0027558,cluster:54e08b99d361d87f20b6,bias_p000,4,a0,a0,none,False,0.0,0.0,0.0
ISIC_0027573,cluster:e7b7277033ac908adad8,bias_p000,4,a0,a0,none,False,-14.819999999999999,-14.819999999999999,0.0
ISIC_0027578,cluster:fad95abc5729ed0b4219,bias_p000,4,a3,a0,down_substitution,True,-4.719599999999999,0.0,-4.719599999999999
ISIC_0027584,cluster:8c2d4d16faef41f86f14,bias_p000,4,a2,a0,down_substitution,True,-3.4499999999999997,-1.2349999999999999,-2.215
ISIC_0027591,cluster:8f4b418a5347e7601f10,bias_p000,4,a0,a0,none,False,0.0,0.0,0.0
ISIC_0027596,cluster:95bcda7e06deb9af8d2c,bias_p000,4,a3,a0,down_substitution,True,-3.8812499999999996,0.0,-3.8812499999999996
ISIC_0027612,cluster:b7170145d93d6c178830,bias_p000,4,a0,a0,none,False,-1.2349999999999999,-1.2349999999999999,0.0
ISIC_0027624,cluster:5fb50af27c98ed23a146,bias_p000,4,a0,a0,none,False,0.0,0.0,0.0
ISIC_0027630,cluster:b6781e7d0bceeb6ee9d4,bias_p000,4,a0,a0,none,False,0.0,0.0,0.0
ISIC_0027634,cluster:7cf9dc6bf9786326e75e,bias_p000,4,a0,a0,none,False,0.0,0.0,0.0
ISIC_0027639,cluster:d5dc6e6926a9039676c0,bias_p000,4,a0,a0,none,False,0.0,0.0,0.0
ISIC_0027647,cluster:d2c40d50dd08ab7ce779,bias_p000,4,a0,a0,none,False,0.0,0.0,0.0
ISIC_0027670,cluster:4ab032fad266fb6c0eb1,bias_p000,4,a3,a0,down_substitution,True,-4.32,0.0,-4.32
ISIC_0027672,cluster:0758a08ec339acd698c9,bias_p000,4,a2,a1,down_substitution,True,-4.6,-2.3,-2.3
ISIC_0027674,cluster:b43799a58badbbd46ebd,bias_p000,4,a0,a0,none,False,0.0,0.0,0.0
ISIC_0027677,cluster:bef5733e4749fb085187,bias_p000,4,a0,a0,none,False,-9.0,-9.0,0.0
ISIC_0027682,cluster:5851445959388d9fc009,bias_p000,4,a0,a0,none,False,0.0,0.0,0.0
ISIC_0027683,cluster:7ed5935b27bd6d9f593a,bias_p000,4,a0,a0,none,False,0.0,0.0,0.0
ISIC_0027685,cluster:6c6fb6b186f9169e7157,bias_p000,4,a0,a0,none,False,0.0,0.0,0.0
ISIC_0027687,cluster:2c0d3baeda8eeb4bebb0,bias_p000,4,a0,a0,none,False,0.0,0.0,0.0
ISIC_0027690,cluster:896c5b870157e830631c,bias_p000,4,a3,a0,down_substitution,True,-6.0,0.0,-6.0
ISIC_0027694,cluster:84ac9b5ae37853a1d563,bias_p000,4,a0,a0,none,False,0.0,0.0,0.0
ISIC_0027710,cluster:b94141a3d48f13cbd904,bias_p000,4,a2,a0,down_substitution,True,-2.875,-1.2349999999999999,-1.6400000000000001
ISIC_0027714,cluster:706e7d264d402bfed71e,bias_p000,4,a0,a0,none,False,0.0,0.0,0.0
ISIC_0027716,cluster:1af82d5001f12e50fc8d,bias_p000,4,a0,a0,none,False,0.0,0.0,0.0
ISIC_0027717,cluster:d73de53d332fe1492827,bias_p000,4,a3,a3,none,False,-2.7,-2.7,0.0
ISIC_0027718,cluster:fed5d77533257e613f04,bias_p000,4,a0,a0,none,False,0.0,0.0,0.0
ISIC_0027721,cluster:e462b53fd69f0ded52d5,bias_p000,4,a0,a0,none,False,-15.600000000000001,-15.600000000000001,0.0
ISIC_0027731,cluster:418363d21a5765d0ec61,bias_p000,4,a0,a0,none,False,0.0,0.0,0.0
ISIC_0027736,cluster:cffe31643e7e879a3aea,bias_p000,4,a0,a0,none,False,0.0,0.0,0.0
ISIC_0027750,cluster:dbaad9bf3065f07a8ec7,bias_p000,4,a1,a2,up_substitution,True,-1.29375,-2.5875,1.29375
ISIC_0027751,cluster:31902aa5132da42eff8a,bias_p000,4,a3,a0,down_substitution,True,-10.35,0.0,-10.35
ISIC_0027761,cluster:f6f6b5e6e128f5af02aa,bias_p000,4,a0,a0,none,False,0.0,0.0,0.0
ISIC_0027769,cluster:17433f29a7ad6e16fc7b,bias_p000,4,a3,a0,down_substitution,True,0.0,-19.5,19.5
ISIC_0027770,cluster:37d458e446b867320294,bias_p000,4,a3,a1,down_substitution,True,-5.0,0.0,-5.0
ISIC_0027783,cluster:7f1cda1fe974f965e803,bias_p000,4,a0,a0,none,False,0.0,0.0,0.0
ISIC_0027797,cluster:5c6e484eda367130b58e,bias_p000,4,a0,a0,none,False,-18.0,-18.0,0.0
ISIC_0027802,cluster:f86d3ef4e2dc7cd5f261,bias_p000,4,a0,a0,none,False,-7.2,-7.2,0.0
ISIC_0027811,cluster:1856fd4009a028f7ee7f,bias_p000,4,a0,a0,none,False,-1.71,-1.71,0.0
ISIC_0027812,cluster:790defcb7c3122fba7fc,bias_p000,4,a0,a0,none,False,0.0,0.0,0.0
ISIC_0027816,cluster:84a38d0cf453136fc752,bias_p000,4,a0,a0,none,False,0.0,0.0,0.0
ISIC_0027820,cluster:1c2fc6d081a91f23b3d8,bias_p000,4,a0,a0,none,False,-1.71,-1.71,0.0
ISIC_0027822,cluster:75760ef77b641d2560cc,bias_p000,4,a0,a0,none,False,-19.5,-19.5,0.0
ISIC_0027840,cluster:d45aa46ee276047d57e4,bias_p000,4,a0,a0,none,False,0.0,0.0,0.0
ISIC_0027842,cluster:e26d2fb07b32dbe63d5b,bias_p000,4,a0,a0,none,False,0.0,0.0,0.0
ISIC_0027852,cluster:193e10de78eb56a67d8c,bias_p000,4,a0,a0,none,False,0.0,0.0,0.0
ISIC_0027855,cluster:7ad73ee843c6fdd406cb,bias_p000,4,a0,a0,none,False,0.0,0.0,0.0
ISIC_0027863,cluster:396023e4ef8fab0ecc78,bias_p000,4,a0,a0,none,False,-27.0,-27.0,0.0
ISIC_0027868,cluster:752b7286c1d4a1cb814b,bias_p000,4,a3,a0,down_substitution,True,-3.42,0.0,-3.42
ISIC_0027873,cluster:824bf9d4505bcd2fb9ff,bias_p000,4,a0,a0,none,False,0.0,0.0,0.0
ISIC_0027878,cluster:4c6fe7fe23f5f104db5c,bias_p000,4,a0,a0,none,False,0.0,0.0,0.0
ISIC_0027881,cluster:f8d1dd1fff6a26b6b5be,bias_p000,4,a0,a0,none,False,0.0,0.0,0.0
ISIC_0027887,cluster:a43758ac68cd30dae14d,bias_p000,4,a0,a0,none,False,0.0,0.0,0.0
ISIC_0027892,cluster:3c71e5a4c918402408f8,bias_p000,4,a0,a0,none,False,0.0,0.0,0.0
ISIC_0027896,cluster:e3349c347e32ad3e0d82,bias_p000,4,a3,a2,down_substitution,True,-1.026,0.0,-1.026
ISIC_0027897,cluster:af5e0c4acb7d13c30d54,bias_p000,4,a0,a0,none,False,0.0,0.0,0.0
ISIC_0027908,cluster:8f7f261af29ec1a6c737,bias_p000,4,a0,a0,none,False,0.0,0.0,0.0
ISIC_0027913,cluster:5f528abcb612b7003bbc,bias_p000,4,a0,a0,none,False,0.0,0.0,0.0
ISIC_0027917,cluster:c1a3fae50b38642c289a,bias_p000,4,a3,a3,none,False,-2.94975,-2.94975,0.0
ISIC_0027927,cluster:c3ab23bb261305d84417,bias_p000,4,a0,a0,none,False,0.0,0.0,0.0
ISIC_0027930,cluster:04a6379456c3478b1177,bias_p000,4,a3,a0,down_substitution,True,0.0,-19.5,19.5
ISIC_0027944,cluster:b13073aaf295a023cc20,bias_p000,4,a0,a0,none,False,0.0,0.0,0.0
ISIC_0027947,cluster:9e05b9f46f90c3e72dda,bias_p000,4,a0,a0,none,False,0.0,0.0,0.0
ISIC_0027953,cluster:91c85209b11896e9bfd0,bias_p000,4,a1,a1,none,False,0.0,0.0,0.0
ISIC_0027958,cluster:e3349c347e32ad3e0d82,bias_p000,4,a2,a2,none,False,0.0,0.0,0.0
ISIC_0027975,cluster:0301a2968cfb9053437d,bias_p000,4,a0,a0,none,False,0.0,0.0,0.0
ISIC_0027982,cluster:25ab99cfedf5ca1e136e,bias_p000,4,a0,a0,none,False,-1.5,-1.5,0.0
ISIC_0027984,cluster:16f93e45c98ecffd3ecd,bias_p000,4,a0,a0,none,False,0.0,0.0,0.0
ISIC_0027986,cluster:1d4af43e852c1886c169,bias_p000,4,a0,a0,none,False,0.0,0.0,0.0
ISIC_0027988,cluster:50e55da24bb59ed3f862,bias_p000,4,a2,a2,none,False,-1.71,-1.71,0.0
ISIC_0027992,cluster:ade1f299d68782e40dc3,bias_p000,4,a1,a1,none,False,-2.5,-2.5,0.0
ISIC_0027997,cluster:6d2da994b053efaadfb6,bias_p000,4,a3,a0,down_substitution,True,-3.725999999999999,0.0,-3.725999999999999
ISIC_0028001,cluster:b0de5a7c50528c809a31,bias_p000,4,a0,a0,none,False,0.0,0.0,0.0
ISIC_0028003,cluster:d89f278db78269c499ed,bias_p000,4,a0,a0,none,False,-14.399999999999999,-14.399999999999999,0.0
ISIC_0028007,cluster:fefa4d0d20eb3fd06d3c,bias_p000,4,a0,a0,none,False,0.0,0.0,0.0
ISIC_0028008,cluster:b5e8cd1ba4cc2e9ca397,bias_p000,4,a0,a0,none,False,0.0,0.0,0.0
ISIC_0028011,cluster:96b8e835c717f5ee8416,bias_p000,4,a0,a0,none,False,0.0,0.0,0.0
ISIC_0028015,cluster:8c08020cb734b220e551,bias_p000,4,a0,a0,none,False,0.0,0.0,0.0
ISIC_0028017,cluster:5c6e484eda367130b58e,bias_p000,4,a0,a0,none,False,-18.0,-18.0,0.0
ISIC_0028038,cluster:22bdd93d4ac40e88edfc,bias_p000,4,a0,a0,none,False,0.0,0.0,0.0
ISIC_0028053,cluster:95e76d879aef9d300824,bias_p000,4,a3,a0,down_substitution,True,-7.865999999999998,0.0,-7.865999999999998
ISIC_0028059,cluster:e833efd0fab723b6a2b3,bias_p000,4,a3,a0,down_substitution,True,-1.656,-4.8,3.144
ISIC_0028060,cluster:bd6279d84dfc4f12cd29,bias_p000,4,a3,a0,down_substitution,True,-6.0,0.0,-6.0
ISIC_0028062,cluster:76f4de4b81ac9232be96,bias_p000,4,a3,a2,down_substitution,True,-4.05,-2.6999999999999997,-1.35
ISIC_0028063,cluster:f86d3ef4e2dc7cd5f261,bias_p000,4,a3,a2,down_substitution,True,-1.2419999999999998,0.0,-1.2419999999999998
ISIC_0028066,cluster:b4238af8ba8eca2f927e,bias_p000,4,a0,a0,none,False,0.0,0.0,0.0
ISIC_0028072,cluster:2561244183c7bae9f997,bias_p000,4,a0,a0,none,False,0.0,0.0,0.0
ISIC_0028078,cluster:aa1ed5b34c6dbc95e3a0,bias_p000,4,a0,a0,none,False,0.0,0.0,0.0
ISIC_0028090,cluster:1b9a43a9adb09a3560e6,bias_p000,4,a0,a0,none,False,0.0,0.0,0.0
ISIC_0028099,cluster:40b776bf8dc7edc3dbe2,bias_p000,4,a0,a0,none,False,0.0,0.0,0.0
ISIC_0028105,cluster:2603754d6ef6b79a776f,bias_p000,4,a0,a0,none,False,0.0,0.0,0.0
ISIC_0028107,cluster:72bdb1f6b0def0a1ae4e,bias_p000,4,a3,a1,down_substitution,True,-3.0,-2.4699999999999998,-0.5300000000000002
ISIC_0028109,cluster:77d80dac10e8340bb34c,bias_p000,4,a0,a0,none,False,-27.0,-27.0,0.0
ISIC_0028130,cluster:58006d1060d724e12a3d,bias_p000,4,a0,a0,none,False,0.0,0.0,0.0
ISIC_0028148,cluster:bd1f01c557c2c3e352e8,bias_p000,4,a3,a0,down_substitution,True,0.0,-14.819999999999999,14.819999999999999
ISIC_0028149,cluster:3c2702a49c7ea650e215,bias_p000,4,a0,a0,none,False,0.0,0.0,0.0
ISIC_0028152,cluster:5f21d56b3519e72f6efb,bias_p000,4,a0,a0,none,False,0.0,0.0,0.0
ISIC_0028153,cluster:a077778b456cd88beaca,bias_p000,4,a0,a0,none,False,0.0,0.0,0.0
ISIC_0028173,cluster:2e431d76cad2ca9e3e4a,bias_p000,4,a0,a0,none,False,-18.0,-18.0,0.0
ISIC_0028176,cluster:7b5b70682f32b718d7da,bias_p000,4,a3,a1,down_substitution,True,-7.5,-2.5,-5.0
ISIC_0028196,cluster:91495f6d60c90efcff0b,bias_p000,4,a0,a0,none,False,0.0,0.0,0.0
ISIC_0028223,cluster:1feeccc43052460a3ea9,bias_p000,4,a2,a1,down_substitution,True,-3.4499999999999997,0.0,-3.4499999999999997
ISIC_0028229,cluster:f84d52f1d6c1956c30aa,bias_p000,4,a2,a1,down_substitution,True,-2.3,0.0,-2.3
ISIC_0028232,cluster:d70b5d4fdcdb3e487223,bias_p000,4,a3,a0,down_substitution,True,0.0,-19.5,19.5
ISIC_0028235,cluster:b1b931d92aa3bc1e326e,bias_p000,4,a0,a0,none,False,0.0,0.0,0.0
ISIC_0028236,cluster:4914bf4a83acd97d0111,bias_p000,4,a2,a2,none,False,-1.125,-1.125,0.0
ISIC_0028249,cluster:96acf73e12c524c06489,bias_p000,4,a0,a0,none,False,0.0,0.0,0.0
ISIC_0028265,cluster:da4b97eb99618da24200,bias_p000,4,a1,a0,down_substitution,True,-3.4499999999999997,0.0,-3.4499999999999997
ISIC_0028291,cluster:3c3fc211e2c3a9d11848,bias_p000,4,a0,a0,none,False,-21.6,-21.6,0.0
ISIC_0028301,cluster:66c8e4aba33dab1bf834,bias_p000,4,a0,a0,none,False,0.0,0.0,0.0
ISIC_0028305,cluster:1b8363d01e5e88464d7f,bias_p000,4,a0,a0,none,False,0.0,0.0,0.0
ISIC_0028306,cluster:f3d84eaeb90df963ae3b,bias_p000,4,a0,a0,none,False,-18.0,-18.0,0.0
ISIC_0028311,cluster:45ae04ed6529a90dfdb0,bias_p000,4,a0,a0,none,False,0.0,0.0,0.0
ISIC_0028323,cluster:f672443f44585e4558c6,bias_p000,4,a3,a1,down_substitution,True,-2.3,-2.6,0.30000000000000027
ISIC_0028326,cluster:7176dd378e6a9d8fba66,bias_p000,4,a0,a0,none,False,-13.68,-13.68,0.0
ISIC_0028329,cluster:6da936be489e29f131df,bias_p000,4,a2,a2,none,False,0.0,0.0,0.0
ISIC_0028331,cluster:22e36c63ed5f6d8ab0a8,bias_p000,4,a2,a2,none,False,-1.38,-1.38,0.0
ISIC_0028332,cluster:2c9787c49902ffd2659d,bias_p000,4,a0,a0,none,False,0.0,0.0,0.0
ISIC_0028344,cluster:92b0d005b10ec4cbf10d,bias_p000,4,a0,a0,none,False,0.0,0.0,0.0
ISIC_0028350,cluster:2aa4c30209ba65acd00e,bias_p000,4,a2,a2,none,False,0.0,0.0,0.0
ISIC_0028358,cluster:1b8363d01e5e88464d7f,bias_p000,4,a0,a0,none,False,0.0,0.0,0.0
ISIC_0028376,cluster:5c777047d66169dcb77e,bias_p000,4,a3,a1,down_substitution,True,-6.0,0.0,-6.0
ISIC_0028380,cluster:07708d32bdf22994af4e,bias_p000,4,a0,a0,none,False,0.0,0.0,0.0
ISIC_0028409,cluster:d41d97d499f14c48b95e,bias_p000,4,a0,a0,none,False,0.0,0.0,0.0
ISIC_0028413,cluster:336487fc89c640592e04,bias_p000,4,a0,a0,none,False,0.0,0.0,0.0
ISIC_0028428,cluster:8b4c28a88e312c775c53,bias_p000,4,a3,a0,down_substitution,True,-9.0,0.0,-9.0
ISIC_0028434,cluster:eb56dc8052082fe13875,bias_p000,4,a0,a0,none,False,0.0,0.0,0.0
ISIC_0028441,cluster:85eb34edf8756ee9263e,bias_p000,4,a0,a0,none,False,0.0,0.0,0.0
ISIC_0028444,cluster:04f7531733ffcdbdd8d2,bias_p000,4,a3,a0,down_substitution,True,-6.84,0.0,-6.84
ISIC_0028460,cluster:f7361f1493df5a9183d2,bias_p000,4,a0,a0,none,False,-21.6,-21.6,0.0
ISIC_0028461,cluster:8bfc327e90d2d4329caf,bias_p000,4,a0,a0,none,False,0.0,0.0,0.0
ISIC_0028466,cluster:603a3df88b9fe04b91b0,bias_p000,4,a0,a0,none,False,0.0,0.0,0.0
ISIC_0028468,cluster:e885a75acaef38c9f7a4,bias_p000,4,a0,a0,none,False,0.0,0.0,0.0
ISIC_0028470,cluster:062d500604968891683d,bias_p000,4,a0,a0,none,False,0.0,0.0,0.0
ISIC_0028475,cluster:7897c316799a72ab0268,bias_p000,4,a3,a0,down_substitution,True,-6.554999999999999,0.0,-6.554999999999999
ISIC_0028487,cluster:5dd8e3a91a97ca4ce764,bias_p000,4,a3,a0,down_substitution,True,-4.719599999999999,0.0,-4.719599999999999
ISIC_0028496,cluster:b69fc76b7e37dc802b0e,bias_p000,4,a2,a2,none,False,-0.9375,-0.9375,0.0
ISIC_0028504,cluster:6845a27d2f37169a2f6e,bias_p000,4,a0,a0,none,False,0.0,0.0,0.0
ISIC_0028507,cluster:f1d85a017d43b70972da,bias_p000,4,a2,a2,none,False,-1.9665,-1.9665,0.0
ISIC_0028510,cluster:de15fb6abe4045ab3729,bias_p000,4,a0,a0,none,False,0.0,0.0,0.0
ISIC_0028517,cluster:f1d6eaaf20079f02baaa,bias_p000,4,a2,a2,none,False,0.0,0.0,0.0
ISIC_0028526,cluster:2e44a7bd1068ef24766a,bias_p000,4,a0,a0,none,False,0.0,0.0,0.0
ISIC_0028528,cluster:e4d88e8cc2d0e0d77211,bias_p000,4,a3,a0,down_substitution,True,-3.5999999999999996,0.0,-3.5999999999999996
ISIC_0028529,cluster:c01b120f58987df394cf,bias_p000,4,a3,a0,down_substitution,True,-4.6575,0.0,-4.6575
ISIC_0028534,cluster:fb55fdd2fce80d8eb01f,bias_p000,4,a0,a0,none,False,0.0,0.0,0.0
ISIC_0028542,cluster:5baa9238ca323e85da1a,bias_p000,4,a3,a1,down_substitution,True,-2.0,-2.6,0.6000000000000001
ISIC_0028543,cluster:d4fc53bfd88596f6a9f4,bias_p000,4,a0,a0,none,False,-14.399999999999999,-14.399999999999999,0.0
ISIC_0028549,cluster:49fec0e10a885ab36558,bias_p000,4,a0,a0,none,False,0.0,0.0,0.0
ISIC_0028554,cluster:1bf671b9047359ab753a,bias_p000,4,a3,a0,down_substitution,True,-5.699999999999999,0.0,-5.699999999999999
ISIC_0028555,cluster:aae92442c75ed53745b1,bias_p000,4,a0,a0,none,False,-2.25,-2.25,0.0
ISIC_0028560,cluster:b48557e791fc4785351c,bias_p000,4,a0,a0,none,False,-1.8,-1.8,0.0
ISIC_0028578,cluster:70dfb533b82d8bd6ad28,bias_p000,4,a2,a2,none,False,-1.8,-1.8,0.0
ISIC_0028580,cluster:9192faeea7c231ca48f6,bias_p000,4,a0,a0,none,False,0.0,0.0,0.0
ISIC_0028586,cluster:7bee379e5688cc0c72c0,bias_p000,4,a0,a0,none,False,0.0,0.0,0.0
ISIC_0028589,cluster:46ea68298ba0e57d21fe,bias_p000,4,a3,a3,none,False,-2.565,-2.565,0.0
ISIC_0028603,cluster:445e54ea1a0dfb6f06bd,bias_p000,4,a1,a1,none,False,-2.4,-2.4,0.0
ISIC_0028604,cluster:394fc8f9c2da2c96d253,bias_p000,4,a0,a0,none,False,0.0,0.0,0.0
ISIC_0028608,cluster:6f6241cecb594a46ec21,bias_p000,4,a0,a0,none,False,0.0,0.0,0.0
ISIC_0028612,cluster:eefbd6abdf5815ec39ba,bias_p000,4,a1,a1,none,False,-2.76,-2.76,0.0
ISIC_0028625,cluster:6b797ef6b560ace66ace,bias_p000,4,a3,a3,none,False,-3.234375,-3.234375,0.0
ISIC_0028649,cluster:ebe17a634f42cb7f96dc,bias_p000,4,a0,a0,none,False,0.0,0.0,0.0
ISIC_0028656,cluster:7a6fc0d28eddb1bcda7f,bias_p000,4,a0,a0,none,False,-1.5,-1.5,0.0
ISIC_0028658,cluster:9c965dcee3de49371f1e,bias_p000,4,a0,a0,none,False,0.0,0.0,0.0
ISIC_0028663,cluster:8ee8e46987f8826cacbf,bias_p000,4,a0,a0,none,False,0.0,0.0,0.0
ISIC_0028676,cluster:135aaaf7cae5e4b890fd,bias_p000,4,a0,a0,none,False,0.0,0.0,0.0
ISIC_0028692,cluster:468b7bc58fa312db63e9,bias_p000,4,a3,a0,down_substitution,True,-6.8999999999999995,0.0,-6.8999999999999995
ISIC_0028703,cluster:df644109daeaafb0e531,bias_p000,4,a0,a0,none,False,0.0,0.0,0.0
ISIC_0028706,cluster:3236b505c626507ad85f,bias_p000,4,a3,a2,down_substitution,True,-4.5,-3.0,-1.5
ISIC_0028723,cluster:abd77469676315f7dce4,bias_p000,4,a0,a0,none,False,0.0,0.0,0.0
ISIC_0028731,cluster:0360858999078643c358,bias_p000,4,a0,a0,none,False,0.0,0.0,0.0
ISIC_0028733,cluster:c0e16555d29a7911a968,bias_p000,4,a0,a0,none,False,0.0,0.0,0.0
ISIC_0028751,cluster:19b9f4519db59fbdb727,bias_p000,4,a0,a0,none,False,0.0,0.0,0.0
ISIC_0028756,cluster:82fd5f3f99c72a35cc1a,bias_p000,4,a0,a0,none,False,0.0,0.0,0.0
ISIC_0028778,cluster:93462346b7f3ef5e7603,bias_p000,4,a0,a0,none,False,0.0,0.0,0.0
ISIC_0028790,cluster:17c873e214e5277e4216,bias_p000,4,a3,a0,down_substitution,True,-4.719599999999999,0.0,-4.719599999999999
ISIC_0028805,cluster:e76eefce84cde3e5d014,bias_p000,4,a0,a0,none,False,0.0,0.0,0.0
ISIC_0028806,cluster:d4b797a660e477fa2e4f,bias_p000,4,a0,a0,none,False,0.0,0.0,0.0
ISIC_0028810,cluster:b26c10c997dbcb66b5b9,bias_p000,4,a0,a0,none,False,0.0,0.0,0.0
ISIC_0028811,cluster:ae41293822b1cdeead0f,bias_p000,4,a0,a0,none,False,0.0,0.0,0.0
ISIC_0028812,cluster:2e77a8f66cfa8029e3c0,bias_p000,4,a0,a0,none,False,0.0,0.0,0.0
ISIC_0028816,cluster:d70b5d4fdcdb3e487223,bias_p000,4,a3,a0,down_substitution,True,0.0,-19.5,19.5
ISIC_0028817,cluster:111c9b3097efdde77e97,bias_p000,4,a2,a1,down_substitution,True,-4.369999999999999,-2.1849999999999996,-2.1849999999999996
ISIC_0028819,cluster:ab8810cdb46c169331e1,bias_p000,4,a0,a0,none,False,0.0,0.0,0.0
ISIC_0028825,cluster:ac2dad280aff1e3f0dac,bias_p000,4,a0,a0,none,False,0.0,0.0,0.0
ISIC_0028828,cluster:9b45a1f09ac3cef11af1,bias_p000,4,a3,a0,down_substitution,True,-6.554999999999999,0.0,-6.554999999999999
ISIC_0028838,cluster:e380d6bf1302fc7aaa5b,bias_p000,4,a0,a0,none,False,0.0,0.0,0.0
ISIC_0028862,cluster:7348ffc6c12439d0d0e0,bias_p000,4,a0,a0,none,False,0.0,0.0,0.0
ISIC_0028867,cluster:450f420f83affb8240be,bias_p000,4,a0,a0,none,False,0.0,0.0,0.0
ISIC_0028880,cluster:22a1dd479ea6436870d6,bias_p000,4,a3,a2,down_substitution,True,-5.3999999999999995,-3.5999999999999996,-1.7999999999999998
ISIC_0028893,cluster:9bc97d23a8b2753fa798,bias_p000,4,a0,a0,none,False,0.0,0.0,0.0
ISIC_0028897,cluster:c3e3b32ed9f02f01df4d,bias_p000,4,a3,a0,down_substitution,True,0.0,-14.399999999999999,14.399999999999999
ISIC_0028905,cluster:d2ccce06fe2ed561a84e,bias_p000,4,a0,a0,none,False,0.0,0.0,0.0
ISIC_0028911,cluster:bd4027e7e74f23359a67,bias_p000,4,a0,a0,none,False,0.0,0.0,0.0
ISIC_0028918,cluster:ab8bf15d57e31c78bdd8,bias_p000,4,a0,a0,none,False,0.0,0.0,0.0
ISIC_0028919,cluster:6e5b80f411487f4835a8,bias_p000,4,a0,a0,none,False,0.0,0.0,0.0
ISIC_0028920,cluster:dd31b9c3b93daef115bf,bias_p000,4,a2,a1,down_substitution,True,-2.28,0.0,-2.28
ISIC_0028923,cluster:e0ba10c75e18272ee4e7,bias_p000,4,a3,a0,down_substitution,True,-7.199999999999999,0.0,-7.199999999999999
ISIC_0028928,cluster:ab7390ffa0fb5844684d,bias_p000,4,a0,a0,none,False,-6.0,-6.0,0.0
ISIC_0028932,cluster:12c6d6baaeebc2fcf4ac,bias_p000,4,a3,a0,down_substitution,True,-6.84,0.0,-6.84
ISIC_0028938,cluster:3ab347f9caf68a6f350d,bias_p000,4,a0,a0,none,False,0.0,0.0,0.0
ISIC_0028947,cluster:8c119e43beb13677732f,bias_p000,4,a1,a1,none,False,-3.0,-3.0,0.0
ISIC_0028960,cluster:95bcda7e06deb9af8d2c,bias_p000,4,a0,a0,none,False,0.0,0.0,0.0
ISIC_0028963,cluster:5b77098ca9c5de3d47d5,bias_p000,4,a0,a0,none,False,0.0,0.0,0.0
ISIC_0028966,cluster:1366db25a70d99dc457d,bias_p000,4,a0,a0,none,False,0.0,0.0,0.0
ISIC_0028967,cluster:dc344d2e844e9a14e5e8,bias_p000,4,a0,a0,none,False,0.0,0.0,0.0
ISIC_0028968,cluster:cea337e5720e2ac1d180,bias_p000,4,a0,a0,none,False,-13.68,-13.68,0.0
ISIC_0028979,cluster:dc2a5f4fef8a8db14813,bias_p000,4,a0,a0,none,False,0.0,0.0,0.0
ISIC_0029011,cluster:2f2d9f3e9540326d7774,bias_p000,4,a0,a0,none,False,0.0,0.0,0.0
ISIC_0029013,cluster:05bd9688421cde1697c5,bias_p000,4,a0,a0,none,False,-14.819999999999999,-14.819999999999999,0.0
ISIC_0029014,cluster:1182f31927c4380713a7,bias_p000,4,a3,a1,down_substitution,True,-4.56,0.0,-4.56
ISIC_0029019,cluster:ae771bf82a54f75c5476,bias_p000,4,a0,a0,none,False,0.0,0.0,0.0
ISIC_0029027,cluster:cdc9bfac103634b43e76,bias_p000,4,a3,a0,down_substitution,True,-3.725999999999999,0.0,-3.725999999999999
ISIC_0029032,cluster:837623d90523a0f8d4a8,bias_p000,4,a2,a2,none,False,-1.38,-1.38,0.0
ISIC_0029034,cluster:c573eb1fbe52de526fce,bias_p000,4,a3,a3,none,False,-1.125,-1.125,0.0
ISIC_0029045,cluster:62b652825b41071dee36,bias_p000,4,a0,a0,none,False,0.0,0.0,0.0
ISIC_0029047,cluster:53045381816d5fd6b231,bias_p000,4,a3,a0,down_substitution,True,-4.6575,0.0,-4.6575
ISIC_0029048,cluster:ceb8b0a83c1989b7a20a,bias_p000,4,a0,a0,none,False,-1.625,-1.625,0.0
ISIC_0029062,cluster:c467e099de315cf1d21a,bias_p000,4,a3,a0,down_substitution,True,-3.8,-1.625,-2.175
ISIC_0029063,cluster:398cf5f1043ed07943cc,bias_p000,4,a0,a0,none,False,0.0,0.0,0.0
ISIC_0029066,cluster:f8481b801be435eed588,bias_p000,4,a0,a0,none,False,0.0,0.0,0.0
ISIC_0029084,cluster:8e68113a6d60152a3574,bias_p000,4,a0,a0,none,False,0.0,0.0,0.0
ISIC_0029088,cluster:4a00c23e786e7040800f,bias_p000,4,a1,a2,up_substitution,True,-2.07,-4.14,2.07
ISIC_0029109,cluster:65b70cffc3c3fe5c6bf9,bias_p000,4,a0,a0,none,False,0.0,0.0,0.0
ISIC_0029113,cluster:aec5c5a22a598ea3642b,bias_p000,4,a0,a0,none,False,-1.2349999999999999,-1.2349999999999999,0.0
ISIC_0029114,cluster:fc115ae54891b1f072a8,bias_p000,4,a0,a0,none,False,0.0,0.0,0.0
ISIC_0029118,cluster:e508af6fb071348f1c47,bias_p000,4,a2,a1,down_substitution,True,-5.0,-2.5,-2.5
ISIC_0029123,cluster:6e1cbdd2e8712f3ed51d,bias_p000,4,a3,a2,down_substitution,True,-2.07,0.0,-2.07
ISIC_0029127,cluster:adc0470ad56108a54e3e,bias_p000,4,a3,a2,down_substitution,True,-3.0780000000000003,-2.052,-1.0260000000000002
ISIC_0029130,cluster:046b0d057286ba61091d,bias_p000,4,a2,a2,none,False,-3.4499999999999997,-3.4499999999999997,0.0
ISIC_0029132,cluster:a3e027e3371f97f4c7ac,bias_p000,4,a0,a0,none,False,0.0,0.0,0.0
ISIC_0029135,cluster:a5523262b9c94ce2e636,bias_p000,4,a0,a0,none,False,-1.3,-1.3,0.0
ISIC_0029145,cluster:bca18a3ead1310546da1,bias_p000,4,a0,a0,none,False,0.0,0.0,0.0
ISIC_0029146,cluster:cc6026ad17055ceed4ef,bias_p000,4,a2,a1,down_substitution,True,-4.9399999999999995,-9.879999999999999,4.9399999999999995
ISIC_0029153,cluster:5d683c55088906159b51,bias_p000,4,a3,a0,down_substitution,True,-4.5,0.0,-4.5
ISIC_0029158,cluster:9dfec050f1cd3f975283,bias_p000,4,a0,a0,none,False,0.0,0.0,0.0
ISIC_0029161,cluster:2b625a6914f19d536d7d,bias_p000,4,a2,a1,down_substitution,True,-1.9,0.0,-1.9
ISIC_0029186,cluster:e35d6293e1fb6fe8f5b6,bias_p000,4,a0,a0,none,False,0.0,0.0,0.0
ISIC_0029190,cluster:7ad73ee843c6fdd406cb,bias_p000,4,a0,a0,none,False,0.0,0.0,0.0
ISIC_0029218,cluster:6599cffd34c966701fcd,bias_p000,4,a0,a0,none,False,0.0,0.0,0.0
ISIC_0029219,cluster:db8d5711780819fca088,bias_p000,4,a3,a2,down_substitution,True,-3.5397,-2.3598,-1.1799
ISIC_0029221,cluster:fad95abc5729ed0b4219,bias_p000,4,a3,a0,down_substitution,True,-4.719599999999999,0.0,-4.719599999999999
ISIC_0029223,cluster:8e353ce7ab63c8485213,bias_p000,4,a2,a2,none,False,-2.16,-2.16,0.0
ISIC_0029225,cluster:3c08894fb555aafa0977,bias_p000,4,a1,a1,none,False,-3.0,-3.0,0.0
ISIC_0029232,cluster:ba76d5dc4bf50ce1d82e,bias_p000,4,a1,a1,none,False,0.0,0.0,0.0
ISIC_0029242,cluster:8e9f31ce63a9c55fe2a7,bias_p000,4,a0,a0,none,False,-18.0,-18.0,0.0
ISIC_0029248,cluster:83a5d5705d5863cd148f,bias_p000,4,a0,a0,none,False,0.0,0.0,0.0
ISIC_0029251,cluster:d2f6c9823be87eeecca0,bias_p000,4,a2,a1,down_substitution,True,-1.9,0.0,-1.9
ISIC_0029253,cluster:f6279e07d6ef019438e9,bias_p000,4,a0,a0,none,False,0.0,0.0,0.0
ISIC_0029254,cluster:8e353ce7ab63c8485213,bias_p000,4,a2,a2,none,False,-2.16,-2.16,0.0
ISIC_0029257,cluster:0905020fc3bcf0f35edb,bias_p000,4,a3,a0,down_substitution,True,-3.24,0.0,-3.24
ISIC_0029262,cluster:9683d22bfcf013d847c1,bias_p000,4,a0,a0,none,False,0.0,0.0,0.0
ISIC_0029279,cluster:72012fdf0205f46b9032,bias_p000,4,a3,a3,none,False,0.0,0.0,0.0
ISIC_0029280,cluster:085bbffeae83f7b460c2,bias_p000,4,a0,a0,none,False,0.0,0.0,0.0
ISIC_0029295,cluster:7a5ea0b82bcd3be7749b,bias_p000,4,a3,a1,down_substitution,True,-6.84,-2.28,-4.5600000000000005
ISIC_0029307,cluster:f8cefb920e0b5cf14d53,bias_p000,4,a0,a0,none,False,0.0,0.0,0.0
ISIC_0029308,cluster:97fd26e9bd6743f63330,bias_p000,4,a1,a1,none,False,0.0,0.0,0.0
ISIC_0029313,cluster:6109a43ab19187677b26,bias_p000,4,a0,a0,none,False,0.0,0.0,0.0
ISIC_0029317,cluster:772ec9c06324f3233619,bias_p000,4,a0,a0,none,False,0.0,0.0,0.0
ISIC_0029318,cluster:e481b942a906be2fcfa2,bias_p000,4,a1,a1,none,False,-18.0,-18.0,0.0
ISIC_0029331,cluster:53284d2d9eecb05d8810,bias_p000,4,a3,a3,none,False,-1.078125,-1.078125,0.0
ISIC_0029344,cluster:4d0db95b8d8fcef37d59,bias_p000,4,a0,a0,none,False,0.0,0.0,0.0
ISIC_0029354,cluster:d01e3301c766eb05cbaa,bias_p000,4,a0,a0,none,False,0.0,0.0,0.0
ISIC_0029367,cluster:66ea460bd2840e85be27,bias_p000,4,a2,a1,down_substitution,True,-4.56,-2.28,-2.28
ISIC_0029372,cluster:6e1cbdd2e8712f3ed51d,bias_p000,4,a3,a2,down_substitution,True,-2.07,0.0,-2.07
ISIC_0029385,cluster:8c41cd8655b8645a0ef3,bias_p000,4,a0,a0,none,False,0.0,0.0,0.0
ISIC_0029403,cluster:76f29805420d57aacf47,bias_p000,4,a0,a0,none,False,0.0,0.0,0.0
ISIC_0029408,cluster:f5d35b556d50407cdd9c,bias_p000,4,a0,a0,none,False,0.0,0.0,0.0
ISIC_0029414,cluster:541c90d523620a33ffb2,bias_p000,4,a3,a0,down_substitution,True,-4.14,0.0,-4.14
ISIC_0029417,cluster:ec0f39555d572eb71c04,bias_p000,4,a3,a1,down_substitution,True,0.0,-10.4,10.4
ISIC_0029423,cluster:76d40e0fb8f3130b8fe4,bias_p000,4,a0,a0,none,False,0.0,0.0,0.0
ISIC_0029432,cluster:46ea68298ba0e57d21fe,bias_p000,4,a3,a3,none,False,-2.565,-2.565,0.0
ISIC_0029441,cluster:bca18a3ead1310546da1,bias_p000,4,a0,a0,none,False,0.0,0.0,0.0
ISIC_0029445,cluster:39aa6aa2441ad5650c73,bias_p000,4,a2,a1,down_substitution,True,-6.0,-3.0,-3.0
ISIC_0029450,cluster:a43758ac68cd30dae14d,bias_p000,4,a0,a0,none,False,0.0,0.0,0.0
ISIC_0029453,cluster:02b43bd5c230bb0ae07b,bias_p000,4,a0,a0,none,False,-21.6,-21.6,0.0
ISIC_0029473,cluster:623f11ef2126bcf6dede,bias_p000,4,a3,a1,down_substitution,True,0.0,-10.4,10.4
ISIC_0029475,cluster:b17e0cb5c4daddf38a49,bias_p000,4,a0,a0,none,False,0.0,0.0,0.0
ISIC_0029477,cluster:196cbdc920046f7f2e9e,bias_p000,4,a2,a0,down_substitution,True,-5.75,0.0,-5.75
ISIC_0029488,cluster:575e95626de5bc3a2eb8,bias_p000,4,a3,a0,down_substitution,True,-7.5,0.0,-7.5
ISIC_0029498,cluster:5130e765416fb1e7db18,bias_p000,4,a0,a0,none,False,0.0,0.0,0.0
ISIC_0029506,cluster:ea9c80b7cf62ab9c68ac,bias_p000,4,a0,a0,none,False,0.0,0.0,0.0
ISIC_0029510,cluster:5bbaaa7fc3b3cae78425,bias_p000,4,a0,a0,none,False,0.0,0.0,0.0
ISIC_0029514,cluster:0758a08ec339acd698c9,bias_p000,4,a3,a0,down_substitution,True,-6.8999999999999995,0.0,-6.8999999999999995
ISIC_0029529,cluster:84fe93e20839c3d24fb2,bias_p000,4,a0,a0,none,False,0.0,0.0,0.0
ISIC_0029532,cluster:104d68434a17bebc7430,bias_p000,4,a0,a0,none,False,0.0,0.0,0.0
ISIC_0029536,cluster:0c229ff773c19927132f,bias_p000,4,a2,a0,down_substitution,True,-4.369999999999999,0.0,-4.369999999999999
ISIC_0029541,cluster:45010e8894f62027a711,bias_p000,4,a0,a0,none,False,-15.600000000000001,-15.600000000000001,0.0
ISIC_0029551,cluster:0a5746a653f3a2dce687,bias_p000,4,a0,a0,none,False,0.0,0.0,0.0
ISIC_0029558,cluster:ce636ef5968b1664ce97,bias_p000,4,a3,a3,none,False,0.0,0.0,0.0
ISIC_0029562,cluster:02b43bd5c230bb0ae07b,bias_p000,4,a0,a0,none,False,-21.6,-21.6,0.0
ISIC_0029567,cluster:a67f97668587ce58cc61,bias_p000,4,a3,a0,down_substitution,True,0.0,-13.68,13.68
ISIC_0029568,cluster:aae92442c75ed53745b1,bias_p000,4,a0,a0,none,False,-2.25,-2.25,0.0
ISIC_0029573,cluster:09ab978cd2c12d8dbdef,bias_p000,4,a3,a2,down_substitution,True,0.0,-6.0,6.0
ISIC_0029577,cluster:3fd6ab3fb16cdbef71a9,bias_p000,4,a0,a0,none,False,0.0,0.0,0.0
ISIC_0029579,cluster:5d5665f75b67e243845b,bias_p000,4,a0,a0,none,False,0.0,0.0,0.0
ISIC_0029580,cluster:435f7dc1f945b19e8ea4,bias_p000,4,a3,a0,down_substitution,True,-4.6,-1.3,-3.3
ISIC_0029581,cluster:87cdc99588e843ee792d,bias_p000,4,a0,a0,none,False,0.0,0.0,0.0
ISIC_0029602,cluster:38d194a339cea8f751fe,bias_p000,4,a2,a2,none,False,0.0,0.0,0.0
ISIC_0029607,cluster:b72d3ef901eb7b9130e4,bias_p000,4,a0,a0,none,False,0.0,0.0,0.0
ISIC_0029611,cluster:beb158c9f856b4ef6a7b,bias_p000,4,a0,a0,none,False,0.0,0.0,0.0
ISIC_0029619,cluster:c5c40a0b861eb0838aa7,bias_p000,4,a0,a0,none,False,0.0,0.0,0.0
ISIC_0029621,cluster:c303eb3617756a7c4c7e,bias_p000,4,a0,a0,none,False,0.0,0.0,0.0
ISIC_0029646,cluster:8feb6bbf44b2c9b70228,bias_p000,4,a3,a3,none,False,-3.1049999999999995,-3.1049999999999995,0.0
ISIC_0029669,cluster:a53b6cac5b98a752f9a6,bias_p000,4,a0,a0,none,False,-9.0,-9.0,0.0
ISIC_0029670,cluster:71a249a0d0fbb658a164,bias_p000,4,a0,a0,none,False,0.0,0.0,0.0
ISIC_0029671,cluster:ebe17a634f42cb7f96dc,bias_p000,4,a0,a0,none,False,0.0,0.0,0.0
ISIC_0029683,cluster:d975662b8efae8cf35f3,bias_p000,4,a3,a0,down_substitution,True,-4.56,-1.625,-2.9349999999999996
ISIC_0029689,cluster:042660ab34ab6534c302,bias_p000,4,a3,a0,down_substitution,True,-7.865999999999998,0.0,-7.865999999999998
ISIC_0029690,cluster:25a50d890d60dab50caf,bias_p000,4,a0,a0,none,False,0.0,0.0,0.0
ISIC_0029695,cluster:3f3e301261daa14cb112,bias_p000,4,a0,a0,none,False,0.0,0.0,0.0
ISIC_0029698,cluster:11a129ae2bbc931ab72c,bias_p000,4,a3,a0,down_substitution,True,0.0,-18.0,18.0
ISIC_0029712,cluster:d7652dea62d1641e7775,bias_p000,4,a0,a0,none,False,0.0,0.0,0.0
ISIC_0029757,cluster:cfe7c6636d2157c1fe51,bias_p000,4,a0,a0,none,False,0.0,0.0,0.0
ISIC_0029762,cluster:ef9720ad280cf2ea3fca,bias_p000,4,a0,a0,none,False,0.0,0.0,0.0
ISIC_0029772,cluster:e4921b4c35e6e6854bc4,bias_p000,4,a0,a0,none,False,0.0,0.0,0.0
ISIC_0029773,cluster:f1d85a017d43b70972da,bias_p000,4,a3,a3,none,False,-2.94975,-2.94975,0.0
ISIC_0029782,cluster:b9ad67e3f62a0e813f0b,bias_p000,4,a0,a0,none,False,0.0,0.0,0.0
ISIC_0029793,cluster:fa0253cf1a7b4e1ce8dc,bias_p000,4,a3,a1,down_substitution,True,-6.0,0.0,-6.0
ISIC_0029794,cluster:904fed0954f6316d5ca9,bias_p000,4,a2,a2,none,False,-4.14,-4.14,0.0
ISIC_0029810,cluster:1c839a846cd94af75f1b,bias_p000,4,a0,a0,none,False,-1.625,-1.625,0.0
ISIC_0029814,cluster:5b889fc1d30b5e888d3d,bias_p000,4,a0,a0,none,False,0.0,0.0,0.0
ISIC_0029821,cluster:c969429d2400609c607d,bias_p000,4,a0,a0,none,False,0.0,0.0,0.0
ISIC_0029851,cluster:72012fdf0205f46b9032,bias_p000,4,a3,a3,none,False,0.0,0.0,0.0
ISIC_0029854,cluster:984f65eccd2a1e9fd7fc,bias_p000,4,a0,a0,none,False,0.0,0.0,0.0
ISIC_0029856,cluster:7546dacd235cab7e2379,bias_p000,4,a3,a2,down_substitution,True,-1.656,0.0,-1.656
ISIC_0029862,cluster:6845a27d2f37169a2f6e,bias_p000,4,a0,a0,none,False,0.0,0.0,0.0
ISIC_0029866,cluster:8f90cf4820614640b341,bias_p000,4,a0,a0,none,False,0.0,0.0,0.0
ISIC_0029878,cluster:b15c9e660ce9e979186d,bias_p000,4,a0,a0,none,False,-1.14,-1.14,0.0
ISIC_0029880,cluster:335603d212d73c685100,bias_p000,4,a3,a2,down_substitution,True,-2.6999999999999997,-1.3499999999999999,-1.3499999999999999
ISIC_0029893,cluster:62b639b0ecbbfaa08ee9,bias_p000,4,a2,a1,down_substitution,True,-4.9399999999999995,-9.879999999999999,4.9399999999999995
ISIC_0029894,cluster:b17e0cb5c4daddf38a49,bias_p000,4,a0,a0,none,False,0.0,0.0,0.0
ISIC_0029905,cluster:454e7671ac06787e2d56,bias_p000,4,a0,a0,none,False,0.0,0.0,0.0
ISIC_0029906,cluster:5a773a427bc21d52b7af,bias_p000,4,a0,a0,none,False,0.0,0.0,0.0
ISIC_0029915,cluster:78bf3d2b58a42cd053a9,bias_p000,4,a0,a0,none,False,-9.0,-9.0,0.0
ISIC_0029917,cluster:a1713b156a0f9f166437,bias_p000,4,a3,a0,down_substitution,True,-1.7249999999999999,-4.56,2.835
ISIC_0029919,cluster:a64288dc5679f8c90560,bias_p000,4,a3,a3,none,False,-0.98325,-0.98325,0.0
ISIC_0029936,cluster:53e46600917c700bc6e7,bias_p000,4,a0,a0,none,False,0.0,0.0,0.0
ISIC_0029945,cluster:e4d88e8cc2d0e0d77211,bias_p000,4,a3,a0,down_substitution,True,-3.5999999999999996,0.0,-3.5999999999999996
ISIC_0029947,cluster:a5523262b9c94ce2e636,bias_p000,4,a0,a0,none,False,-1.3,-1.3,0.0
ISIC_0029948,cluster:166b6c7857f637527e77,bias_p000,4,a0,a0,none,False,0.0,0.0,0.0
ISIC_0029956,cluster:4c1dc116b3f6d27df480,bias_p000,4,a0,a0,none,False,0.0,0.0,0.0
ISIC_0029961,cluster:5ad68ae97393f7bad957,bias_p000,4,a0,a0,none,False,0.0,0.0,0.0
ISIC_0029970,cluster:5417c633b87f6ab60cf5,bias_p000,4,a0,a0,none,False,0.0,0.0,0.0
ISIC_0029973,cluster:d340df195279bf45a6df,bias_p000,4,a2,a2,none,False,-2.4,-2.4,0.0
ISIC_0029977,cluster:f32d0694f5808fd25459,bias_p000,4,a0,a0,none,False,0.0,0.0,0.0
ISIC_0029978,cluster:348a17f2fb2bab2a9632,bias_p000,4,a1,a1,none,False,-2.0,-2.0,0.0
ISIC_0029980,cluster:7ee8b0fd6192aafdae34,bias_p000,4,a3,a0,down_substitution,True,-6.8999999999999995,0.0,-6.8999999999999995
ISIC_0029985,cluster:e76894b300b14d55125a,bias_p000,4,a3,a0,down_substitution,True,-7.5,0.0,-7.5
ISIC_0030015,cluster:b6401021c96e1f3a789c,bias_p000,4,a0,a0,none,False,0.0,0.0,0.0
ISIC_0030033,cluster:db4ff1ce1e5f8598597b,bias_p000,4,a0,a0,none,False,0.0,0.0,0.0
ISIC_0030041,cluster:2ea06fdc7a0c1d6d151d,bias_p000,4,a0,a0,none,False,0.0,0.0,0.0
ISIC_0030047,cluster:2173cc1faf55c0fd5570,bias_p000,4,a3,a2,down_substitution,True,0.0,-4.56,4.56
ISIC_0030051,cluster:02834fb3fefd3f79817d,bias_p000,4,a3,a0,down_substitution,True,-6.554999999999999,0.0,-6.554999999999999
ISIC_0030060,cluster:9c54f37f87f8c9a14175,bias_p000,4,a3,a0,down_substitution,True,0.0,-14.399999999999999,14.399999999999999
ISIC_0030076,cluster:d39330a1223f6ae37186,bias_p000,4,a3,a3,none,False,0.0,0.0,0.0
ISIC_0030090,cluster:6ebc1f733b2384de6b30,bias_p000,4,a0,a0,none,False,0.0,0.0,0.0
ISIC_0030092,cluster:421188579d6b686630dc,bias_p000,4,a3,a0,down_substitution,True,-7.5,0.0,-7.5
ISIC_0030123,cluster:0fa108766f7277fafc3e,bias_p000,4,a0,a0,none,False,-1.2349999999999999,-1.2349999999999999,0.0
ISIC_0030129,cluster:f9408e5a31ec46e6599f,bias_p000,4,a0,a0,none,False,-21.6,-21.6,0.0
ISIC_0030139,cluster:fb55fdd2fce80d8eb01f,bias_p000,4,a0,a0,none,False,0.0,0.0,0.0
ISIC_0030145,cluster:4732d40dead83c5d1dee,bias_p000,4,a3,a0,down_substitution,True,-2.5,-4.9399999999999995,2.4399999999999995
ISIC_0030159,cluster:7458eeab3943640f3042,bias_p000,4,a3,a0,down_substitution,True,-3.0780000000000003,0.0,-3.0780000000000003
ISIC_0030161,cluster:718346d00e7e484d5c55,bias_p000,4,a0,a0,none,False,0.0,0.0,0.0
ISIC_0030162,cluster:090e4b7c23dbbcfcde5f,bias_p000,4,a0,a0,none,False,0.0,0.0,0.0
ISIC_0030171,cluster:3c3fc211e2c3a9d11848,bias_p000,4,a0,a0,none,False,-21.6,-21.6,0.0
ISIC_0030177,cluster:45479aea26429d1e1681,bias_p000,4,a3,a1,down_substitution,True,-2.1849999999999996,-3.25,1.0650000000000004
ISIC_0030180,cluster:338ebdfccc059b671eb5,bias_p000,4,a0,a0,none,False,0.0,0.0,0.0
ISIC_0030182,cluster:7bee379e5688cc0c72c0,bias_p000,4,a0,a0,none,False,0.0,0.0,0.0
ISIC_0030211,cluster:9c54f37f87f8c9a14175,bias_p000,4,a3,a2,down_substitution,True,0.0,-4.8,4.8
ISIC_0030213,cluster:e85ea7ec2e2b8b1f6820,bias_p000,4,a0,a0,none,False,0.0,0.0,0.0
ISIC_0030219,cluster:1e822d607a068a21d45a,bias_p000,4,a3,a3,none,False,-3.1049999999999995,-3.1049999999999995,0.0
ISIC_0030225,cluster:0905020fc3bcf0f35edb,bias_p000,4,a3,a0,down_substitution,True,-3.24,0.0,-3.24
ISIC_0030231,cluster:c1d73d0f49611d7c786d,bias_p000,4,a1,a2,up_substitution,True,0.0,-0.9832499999999997,0.9832499999999997
ISIC_0030232,cluster:2d9f67b51c1cc97dfc63,bias_p000,4,a0,a0,none,False,0.0,0.0,0.0
ISIC_0030234,cluster:607e758617c3ef2b9b4e,bias_p000,4,a3,a0,down_substitution,True,-7.865999999999998,0.0,-7.865999999999998
ISIC_0030238,cluster:86b752f7beb36d65454e,bias_p000,4,a0,a0,none,False,-18.0,-18.0,0.0
ISIC_0030240,cluster:3a8b639251ddfbd771ce,bias_p000,4,a2,a1,down_substitution,True,-2.6219999999999994,0.0,-2.6219999999999994
ISIC_0030248,cluster:7666c3723a6caee00ce4,bias_p000,4,a0,a0,none,False,0.0,0.0,0.0
ISIC_0030252,cluster:b5b53af5dbe721dd7d78,bias_p000,4,a0,a0,none,False,0.0,0.0,0.0
ISIC_0030259,cluster:0f9a18a7a6eb665bbd78,bias_p000,4,a0,a0,none,False,0.0,0.0,0.0
ISIC_0030261,cluster:008c93e05b904fcaa6df,bias_p000,4,a3,a2,down_substitution,True,-1.08,0.0,-1.08
ISIC_0030263,cluster:1e5afd6c2c6e4d581d59,bias_p000,4,a2,a2,none,False,-2.3598,-2.3598,0.0
ISIC_0030266,cluster:0d0131cb1dd1c4e03767,bias_p000,4,a0,a0,none,False,0.0,0.0,0.0
ISIC_0030276,cluster:9df49b00fb2cc2f9642d,bias_p000,4,a3,a1,down_substitution,True,-4.56,0.0,-4.56
ISIC_0030280,cluster:07cda34766d427b53ac4,bias_p000,4,a3,a2,down_substitution,True,0.0,-6.0,6.0
ISIC_0030285,cluster:245245cf59128c881fb7,bias_p000,4,a0,a0,none,False,0.0,0.0,0.0
ISIC_0030286,cluster:a99b0c2de72cc074383b,bias_p000,4,a1,a1,none,False,-3.0,-3.0,0.0
ISIC_0030288,cluster:bf7aab9dd9d23b372b37,bias_p000,4,a2,a1,down_substitution,True,-4.8,-2.4,-2.4
ISIC_0030298,cluster:8241d4176ad46ff3d3f8,bias_p000,4,a0,a0,none,False,0.0,0.0,0.0
ISIC_0030302,cluster:c3055926e4815c0c465b,bias_p000,4,a0,a0,none,False,0.0,0.0,0.0
ISIC_0030308,cluster:8762fc0c01ce24179928,bias_p000,4,a0,a0,none,False,0.0,0.0,0.0
ISIC_0030318,cluster:25ab99cfedf5ca1e136e,bias_p000,4,a0,a0,none,False,-1.5,-1.5,0.0
ISIC_0030330,cluster:5c0bbce732a6180a58ad,bias_p000,4,a0,a0,none,False,0.0,0.0,0.0
ISIC_0030334,cluster:21629b120a43feb89aa5,bias_p000,4,a3,a0,down_substitution,True,-4.6575,0.0,-4.6575
ISIC_0030341,cluster:f1f3e16711cf1a28584b,bias_p000,4,a3,a2,down_substitution,True,0.0,-9.0,9.0
ISIC_0030342,cluster:60f3ab7f21ec7adec4f2,bias_p000,4,a0,a0,none,False,0.0,0.0,0.0
ISIC_0030346,cluster:9f2561fa9a8a8d7a1953,bias_p000,4,a2,a1,down_substitution,True,-2.6219999999999994,0.0,-2.6219999999999994
ISIC_0030364,cluster:91a3a149790562869e49,bias_p000,4,a2,a2,none,False,-2.28,-2.28,0.0
ISIC_0030388,cluster:6120ef535c6fe115cce1,bias_p000,4,a0,a0,none,False,0.0,0.0,0.0
ISIC_0030389,cluster:0f0c94380fee141a4af4,bias_p000,4,a0,a0,none,False,0.0,0.0,0.0
ISIC_0030403,cluster:cf3957fc8110e92f330b,bias_p000,4,a0,a0,none,False,-6.84,-6.84,0.0
ISIC_0030404,cluster:9ae04ae48dfb830aae6e,bias_p000,4,a0,a0,none,False,0.0,0.0,0.0
ISIC_0030405,cluster:30dbeade52f9f42101ae,bias_p000,4,a0,a0,none,False,0.0,0.0,0.0
ISIC_0030418,cluster:aee7dfb74ed28e522e9d,bias_p000,4,a0,a0,none,False,0.0,0.0,0.0
ISIC_0030433,cluster:bfd2600875a4f1e42c00,bias_p000,4,a0,a0,none,False,0.0,0.0,0.0
ISIC_0030439,cluster:c4aa2798da6b306181fe,bias_p000,4,a0,a0,none,False,0.0,0.0,0.0
ISIC_0030442,cluster:83a5d5705d5863cd148f,bias_p000,4,a0,a0,none,False,0.0,0.0,0.0
ISIC_0030446,cluster:a53eeed0d3dc4c00cf90,bias_p000,4,a3,a1,down_substitution,True,-2.4,-2.6,0.20000000000000018
ISIC_0030449,cluster:cc2e43e58abafb3f4852,bias_p000,4,a0,a0,none,False,0.0,0.0,0.0
ISIC_0030450,cluster:d846efd6fb25ca3ba6dc,bias_p000,4,a3,a0,down_substitution,True,-9.0,0.0,-9.0
ISIC_0030455,cluster:c4a8b294e7a908490081,bias_p000,4,a3,a0,down_substitution,True,-2.6999999999999997,0.0,-2.6999999999999997
ISIC_0030471,cluster:a65506c1e60fa130d65c,bias_p000,4,a1,a2,up_substitution,True,-0.9832499999999997,-1.9664999999999995,0.9832499999999997
ISIC_0030472,cluster:01c35b4c3e9597443022,bias_p000,4,a3,a0,down_substitution,True,-7.5,0.0,-7.5
ISIC_0030478,cluster:dfee707ce8f13606b7bb,bias_p000,4,a3,a3,none,False,-2.565,-2.565,0.0
ISIC_0030480,cluster:8b4d5363af4df64b1230,bias_p000,4,a0,a0,none,False,0.0,0.0,0.0
ISIC_0030495,cluster:cf7155d82653f8b01cf9,bias_p000,4,a0,a0,none,False,0.0,0.0,0.0
ISIC_0030504,cluster:f1739f9ffd49c647a174,bias_p000,4,a3,a0,down_substitution,True,-9.0,0.0,-9.0
ISIC_0030508,cluster:6109a43ab19187677b26,bias_p000,4,a0,a0,none,False,0.0,0.0,0.0
ISIC_0030509,cluster:c22511df3e798218d6a0,bias_p000,4,a0,a0,none,False,0.0,0.0,0.0
ISIC_0030518,cluster:f185cc281e82ca981732,bias_p000,4,a0,a0,none,False,0.0,0.0,0.0
ISIC_0030533,cluster:86d4a072b2d5d671c548,bias_p000,4,a2,a1,down_substitution,True,-2.5,0.0,-2.5
ISIC_0030537,cluster:0ef41b6eeb8aa217a0c2,bias_p000,4,a0,a0,none,False,0.0,0.0,0.0
ISIC_0030544,cluster:bf3e1c70c924df161b58,bias_p000,4,a3,a0,down_substitution,True,-9.0,0.0,-9.0
ISIC_0030550,cluster:87b8e12be74ed9a9e27c,bias_p000,4,a0,a0,none,False,0.0,0.0,0.0
ISIC_0030556,cluster:c451566c561a2e19591a,bias_p000,4,a0,a0,none,False,0.0,0.0,0.0
ISIC_0030572,cluster:49b3aff4385f70603be6,bias_p000,4,a0,a0,none,False,0.0,0.0,0.0
ISIC_0030575,cluster:2770a66622b6bef3db07,bias_p000,4,a0,a0,none,False,-21.6,-21.6,0.0
ISIC_0030578,cluster:750b80c6d67b623161a7,bias_p000,4,a2,a2,none,False,-2.7359999999999998,-2.7359999999999998,0.0
ISIC_0030580,cluster:77eacf12748cf64366fc,bias_p000,4,a3,a1,down_substitution,True,-7.5,-2.5,-5.0
ISIC_0030585,cluster:706e7d264d402bfed71e,bias_p000,4,a0,a0,none,False,0.0,0.0,0.0
ISIC_0030586,cluster:876c904f28bc7a95466a,bias_p000,4,a3,a1,down_substitution,True,-2.1849999999999996,-3.25,1.0650000000000004
ISIC_0030587,cluster:6888b2551fa5b25e0621,bias_p000,4,a0,a0,none,False,0.0,0.0,0.0
ISIC_0030593,cluster:9c80e632eb02c071f6c1,bias_p000,4,a0,a0,none,False,0.0,0.0,0.0
ISIC_0030595,cluster:2f9c3e01b9cb36b2855a,bias_p000,4,a0,a0,none,False,0.0,0.0,0.0
ISIC_0030610,cluster:1febe0b5b07b7c57f606,bias_p000,4,a3,a0,down_substitution,True,-9.0,0.0,-9.0
ISIC_0030624,cluster:4b7a3c37bfe0554651ab,bias_p000,4,a0,a0,none,False,0.0,0.0,0.0
ISIC_0030639,cluster:8b74e5a5f4e0b676fd6f,bias_p000,4,a0,a0,none,False,0.0,0.0,0.0
ISIC_0030643,cluster:e1475c1f45f222205565,bias_p000,4,a0,a0,none,False,0.0,0.0,0.0
ISIC_0030647,cluster:ab0fa6685aec08e48303,bias_p000,4,a2,a1,down_substitution,True,-4.6,-2.3,-2.3
ISIC_0030648,cluster:1220a1f80e416d61c4f1,bias_p000,4,a0,a0,none,False,0.0,0.0,0.0
ISIC_0030653,cluster:2c557b5c59fea48142ed,bias_p000,4,a3,a0,down_substitution,True,0.0,-27.0,27.0
ISIC_0030657,cluster:bd09ed0d0f583fbf5a43,bias_p000,4,a0,a0,none,False,0.0,0.0,0.0
ISIC_0030659,cluster:629f4b26ee569671b5dd,bias_p000,4,a0,a0,none,False,-6.84,-6.84,0.0
ISIC_0030661,cluster:b48557e791fc4785351c,bias_p000,4,a3,a0,down_substitution,True,-2.4839999999999995,-1.8,-0.6839999999999995
ISIC_0030677,cluster:db2d82fb4a011d509e67,bias_p000,4,a0,a0,none,False,-1.2349999999999999,-1.2349999999999999,0.0
ISIC_0030697,cluster:ab8bf15d57e31c78bdd8,bias_p000,4,a0,a0,none,False,0.0,0.0,0.0
ISIC_0030699,cluster:85ad5adeea003af562d4,bias_p000,4,a0,a0,none,False,0.0,0.0,0.0
ISIC_0030701,cluster:d16ea1485c5015ec18da,bias_p000,4,a0,a0,none,False,0.0,0.0,0.0
ISIC_0030702,cluster:f7765ef8edd5653114f2,bias_p000,4,a3,a0,down_substitution,True,-7.199999999999999,0.0,-7.199999999999999
ISIC_0030718,cluster:5c6bf66789c11aa46134,bias_p000,4,a0,a0,none,False,0.0,0.0,0.0
ISIC_0030721,cluster:562ecf9361ec04db0abb,bias_p000,4,a3,a2,down_substitution,True,-3.1463999999999994,-1.5731999999999997,-1.5731999999999997
ISIC_0030723,cluster:483afa4e19bffb505ef1,bias_p000,4,a3,a1,down_substitution,True,-5.0,0.0,-5.0
ISIC_0030724,cluster:e75443c0376c0f86eebd,bias_p000,4,a3,a0,down_substitution,True,-4.14,0.0,-4.14
ISIC_0030728,cluster:781edf96b94c0bdc81e6,bias_p000,4,a0,a0,none,False,0.0,0.0,0.0
ISIC_0030738,cluster:58821ebb67d9bc30de4f,bias_p000,4,a0,a0,none,False,0.0,0.0,0.0
ISIC_0030742,cluster:85eb34edf8756ee9263e,bias_p000,4,a0,a0,none,False,0.0,0.0,0.0
ISIC_0030749,cluster:9e497d98420d9a37087a,bias_p000,4,a0,a0,none,False,0.0,0.0,0.0
ISIC_0030756,cluster:bd1f01c557c2c3e352e8,bias_p000,4,a3,a1,down_substitution,True,0.0,-9.879999999999999,9.879999999999999
ISIC_0030758,cluster:5f248c23da188d6f3306,bias_p000,4,a2,a1,down_substitution,True,-2.1849999999999996,0.0,-2.1849999999999996
ISIC_0030773,cluster:468b7bc58fa312db63e9,bias_p000,4,a3,a0,down_substitution,True,-6.8999999999999995,0.0,-6.8999999999999995
ISIC_0030774,cluster:82c8d252190899755187,bias_p000,4,a0,a0,none,False,0.0,0.0,0.0
ISIC_0030776,cluster:738f7d96d834871285f5,bias_p000,4,a0,a0,none,False,0.0,0.0,0.0
ISIC_0030782,cluster:6e1cbdd2e8712f3ed51d,bias_p000,4,a3,a0,down_substitution,True,-2.07,-4.56,2.4899999999999998
ISIC_0030799,cluster:84e04c5ab4be55ac21df,bias_p000,4,a3,a0,down_substitution,True,-7.199999999999999,0.0,-7.199999999999999
ISIC_0030800,cluster:c573eb1fbe52de526fce,bias_p000,4,a3,a3,none,False,-1.125,-1.125,0.0
ISIC_0030820,cluster:897e5887112498d1fa53,bias_p000,4,a0,a0,none,False,0.0,0.0,0.0
ISIC_0030834,cluster:19a9200ca1085097b744,bias_p000,4,a0,a0,none,False,0.0,0.0,0.0
ISIC_0030844,cluster:cea3babe7da83b5467f8,bias_p000,4,a3,a3,none,False,0.0,0.0,0.0
ISIC_0030847,cluster:b91d1255422c56bcf1b0,bias_p000,4,a0,a0,none,False,0.0,0.0,0.0
ISIC_0030848,cluster:d6aee79a00559093bbd3,bias_p000,4,a0,a0,none,False,0.0,0.0,0.0
ISIC_0030869,cluster:c5864ab53b4b71474274,bias_p000,4,a3,a0,down_substitution,True,-4.32,0.0,-4.32
ISIC_0030884,cluster:a7e44d7cb89aa449bf68,bias_p000,4,a3,a0,down_substitution,True,-4.14,0.0,-4.14
ISIC_0030889,cluster:0a8ec2d28f56d7e7d16d,bias_p000,4,a0,a0,none,False,0.0,0.0,0.0
ISIC_0030901,cluster:093f4594f27ca559499e,bias_p000,4,a0,a0,none,False,-13.68,-13.68,0.0
ISIC_0030903,cluster:0becc0e394db3cb17549,bias_p000,4,a2,a0,down_substitution,True,-5.52,0.0,-5.52
ISIC_0030904,cluster:e72051a13dec58bad908,bias_p000,4,a0,a0,none,False,0.0,0.0,0.0
ISIC_0030914,cluster:f4fd1f8ae70dbd893f4a,bias_p000,4,a2,a2,none,False,-2.07,-2.07,0.0
ISIC_0030919,cluster:8765aecb29b03731075d,bias_p000,4,a0,a0,none,False,0.0,0.0,0.0
ISIC_0030927,cluster:54d13dced793a0efb8b9,bias_p000,4,a0,a0,none,False,0.0,0.0,0.0
ISIC_0030928,cluster:ad97a59329be9c035fd8,bias_p000,4,a0,a0,none,False,0.0,0.0,0.0
ISIC_0030944,cluster:0603b95ac7641ee0fabe,bias_p000,4,a0,a0,none,False,0.0,0.0,0.0
ISIC_0030953,cluster:796af6ef88f3703cb8ee,bias_p000,4,a3,a2,down_substitution,True,0.0,-7.2,7.2
ISIC_0030958,cluster:9e42e7a2ba07e89c6bc1,bias_p000,4,a0,a0,none,False,0.0,0.0,0.0
ISIC_0030962,cluster:bf3e1c70c924df161b58,bias_p000,4,a3,a1,down_substitution,True,-9.0,-3.0,-6.0
ISIC_0030964,cluster:0a86150ba88d2bf4f41a,bias_p000,4,a2,a2,none,False,0.0,0.0,0.0
ISIC_0030974,cluster:2858bf619b7b932b53ae,bias_p000,4,a0,a0,none,False,0.0,0.0,0.0
ISIC_0030977,cluster:1ba538c43f86067305a4,bias_p000,4,a0,a0,none,False,0.0,0.0,0.0
ISIC_0030995,cluster:093f4594f27ca559499e,bias_p000,4,a0,a0,none,False,-13.68,-13.68,0.0
ISIC_0031000,cluster:e0a021bbe477dd9eac3f,bias_p000,4,a2,a2,none,False,-1.026,-1.026,0.0
ISIC_0031003,cluster:a5e90b3b4ac852c6a7dc,bias_p000,4,a3,a0,down_substitution,True,-7.199999999999999,0.0,-7.199999999999999
ISIC_0031007,cluster:2958fdd608fdbd1a7f92,bias_p000,4,a3,a1,down_substitution,True,-3.4499999999999997,-2.4699999999999998,-0.98
ISIC_0031018,cluster:7e95f71436b5607a176f,bias_p000,4,a0,a0,none,False,0.0,0.0,0.0
ISIC_0031034,cluster:41aa090e3206f70fe8c1,bias_p000,4,a3,a3,none,False,0.0,0.0,0.0
ISIC_0031047,cluster:2c9075b2acabb74c8f76,bias_p000,4,a0,a0,none,False,0.0,0.0,0.0
ISIC_0031056,cluster:dddbfa6fcb178edee78a,bias_p000,4,a2,a2,none,False,0.0,0.0,0.0
ISIC_0031068,cluster:62e381683e0529ecf77d,bias_p000,4,a0,a0,none,False,0.0,0.0,0.0
ISIC_0031074,cluster:454e7671ac06787e2d56,bias_p000,4,a0,a0,none,False,0.0,0.0,0.0
ISIC_0031076,cluster:ec3f74a7352392867a52,bias_p000,4,a3,a0,down_substitution,True,-3.1049999999999995,0.0,-3.1049999999999995
ISIC_0031081,cluster:0e81771f1157a8ce3739,bias_p000,4,a0,a0,none,False,0.0,0.0,0.0
ISIC_0031099,cluster:47163ba9d3e7659e7215,bias_p000,4,a3,a0,down_substitution,True,-2.6999999999999997,0.0,-2.6999999999999997
ISIC_0031100,cluster:39cedacf4279462c942b,bias_p000,4,a1,a2,up_substitution,True,-1.656,-3.312,1.656
ISIC_0031107,cluster:77bfc5e89e99850f637c,bias_p000,4,a0,a0,none,False,0.0,0.0,0.0
ISIC_0031109,cluster:11df417e61bf73392b96,bias_p000,4,a0,a0,none,False,0.0,0.0,0.0
ISIC_0031126,cluster:6f6241cecb594a46ec21,bias_p000,4,a2,a2,none,False,-2.5875,-2.5875,0.0
ISIC_0031127,cluster:54e08b99d361d87f20b6,bias_p000,4,a0,a0,none,False,0.0,0.0,0.0
ISIC_0031128,cluster:c8e2626fbb7e3eb3d45a,bias_p000,4,a0,a0,none,False,0.0,0.0,0.0
ISIC_0031130,cluster:6c03f5a8e67b28175243,bias_p000,4,a3,a0,down_substitution,True,-4.56,-1.625,-2.9349999999999996
ISIC_0031132,cluster:5a9da8fd88c5754e3ac2,bias_p000,4,a0,a0,none,False,-1.2,-1.2,0.0
ISIC_0031137,cluster:ab6c94586585e5872686,bias_p000,4,a0,a0,none,False,0.0,0.0,0.0
ISIC_0031160,cluster:62b652825b41071dee36,bias_p000,4,a0,a0,none,False,0.0,0.0,0.0
ISIC_0031169,cluster:a53b6cac5b98a752f9a6,bias_p000,4,a0,a0,none,False,-9.0,-9.0,0.0
ISIC_0031205,cluster:8a1f0d02f97ae675f3f5,bias_p000,4,a0,a0,none,False,0.0,0.0,0.0
ISIC_0031207,cluster:11d1bc1cb57e83067aa3,bias_p000,4,a0,a0,none,False,0.0,0.0,0.0
ISIC_0031220,cluster:a07883b8d29ac6ca7440,bias_p000,4,a0,a0,none,False,0.0,0.0,0.0
ISIC_0031224,cluster:5b3906102da8f60520af,bias_p000,4,a0,a0,none,False,0.0,0.0,0.0
ISIC_0031233,cluster:86b752f7beb36d65454e,bias_p000,4,a3,a0,down_substitution,True,0.0,-18.0,18.0
ISIC_0031234,cluster:94ceb6314aab5c225e16,bias_p000,4,a2,a0,down_substitution,True,-4.6,0.0,-4.6
ISIC_0031248,cluster:56ad396c94a041ca70e7,bias_p000,4,a0,a0,none,False,0.0,0.0,0.0
ISIC_0031260,cluster:8c51ea0fa24b3ca93bf7,bias_p000,4,a3,a0,down_substitution,True,-8.625,0.0,-8.625
ISIC_0031266,cluster:7b15f3409de76a9873fe,bias_p000,4,a3,a2,down_substitution,True,-1.44,0.0,-1.44
ISIC_0031273,cluster:a74c39befbde7d1c40e4,bias_p000,4,a0,a0,none,False,0.0,0.0,0.0
ISIC_0031275,cluster:60842c0bf9635c75fd97,bias_p000,4,a0,a0,none,False,0.0,0.0,0.0
ISIC_0031279,cluster:69472b72f643f65c2dc0,bias_p000,4,a0,a0,none,False,0.0,0.0,0.0
ISIC_0031281,cluster:76dbf5c2b8e8f5952353,bias_p000,4,a0,a0,none,False,0.0,0.0,0.0
ISIC_0031285,cluster:e818d3a8272548947977,bias_p000,4,a0,a0,none,False,0.0,0.0,0.0
ISIC_0031288,cluster:ac5fd8cef49a96775025,bias_p000,4,a0,a0,none,False,0.0,0.0,0.0
ISIC_0031293,cluster:bd1c4a1886bc5d2b675c,bias_p000,4,a0,a0,none,False,0.0,0.0,0.0
ISIC_0031297,cluster:cceaeeaa7fa243ac514b,bias_p000,4,a0,a0,none,False,0.0,0.0,0.0
ISIC_0031305,cluster:1386a0cc74977c6f54ac,bias_p000,4,a3,a0,down_substitution,True,-8.28,0.0,-8.28
ISIC_0031309,cluster:22a1dd479ea6436870d6,bias_p000,4,a3,a2,down_substitution,True,-5.3999999999999995,-3.5999999999999996,-1.7999999999999998
ISIC_0031314,cluster:d5dc6e6926a9039676c0,bias_p000,4,a0,a0,none,False,0.0,0.0,0.0
ISIC_0031322,cluster:65b270f41007db0f5dfe,bias_p000,4,a0,a0,none,False,0.0,0.0,0.0
ISIC_0031324,cluster:bca05e9143a3f9f4da1a,bias_p000,4,a0,a0,none,False,0.0,0.0,0.0
ISIC_0031325,cluster:24d4bcfd1520a57db1e3,bias_p000,4,a0,a0,none,False,0.0,0.0,0.0
ISIC_0031326,cluster:2614bd7ca139aa14b18a,bias_p000,4,a0,a0,none,False,-1.8,-1.8,0.0
ISIC_0031347,cluster:0612281bec11f6e20687,bias_p000,4,a0,a0,none,False,0.0,0.0,0.0
ISIC_0031353,cluster:a6c63dd53b56f4c3a813,bias_p000,4,a3,a0,down_substitution,True,-6.8999999999999995,0.0,-6.8999999999999995
ISIC_0031374,cluster:85eb34edf8756ee9263e,bias_p000,4,a3,a1,down_substitution,True,-7.199999999999999,-2.4,-4.799999999999999
ISIC_0031376,cluster:186dd53c10eeef695a6d,bias_p000,4,a2,a1,down_substitution,True,-2.6219999999999994,0.0,-2.6219999999999994
ISIC_0031378,cluster:ab7390ffa0fb5844684d,bias_p000,4,a0,a0,none,False,-6.0,-6.0,0.0
ISIC_0031379,cluster:976245b85dfb85b1c2d6,bias_p000,4,a3,a0,down_substitution,True,-4.968,0.0,-4.968
ISIC_0031380,cluster:566877a5470d9a3a1321,bias_p000,4,a3,a0,down_substitution,True,-8.28,0.0,-8.28
ISIC_0031388,cluster:cc5dce9635fba875f927,bias_p000,4,a3,a0,down_substitution,True,-8.28,0.0,-8.28
ISIC_0031391,cluster:fa730741493c23a31d52,bias_p000,4,a0,a0,none,False,0.0,0.0,0.0
ISIC_0031396,cluster:f9677a6948285f68778b,bias_p000,4,a2,a1,down_substitution,True,-2.5,0.0,-2.5
ISIC_0031405,cluster:a06fd7c0f4939f82192e,bias_p000,4,a3,a0,down_substitution,True,-6.84,0.0,-6.84
ISIC_0031411,cluster:a19dc60e833b732fedb4,bias_p000,4,a0,a0,none,False,0.0,0.0,0.0
ISIC_0031412,cluster:89efae845c4e5947ef73,bias_p000,4,a2,a2,none,False,-1.7249999999999999,-1.7249999999999999,0.0
ISIC_0031413,cluster:4cda893a39468deea094,bias_p000,4,a3,a2,down_substitution,True,-2.07,0.0,-2.07
ISIC_0031416,cluster:d861f9473cd663609bf7,bias_p000,4,a0,a0,none,False,0.0,0.0,0.0
ISIC_0031428,cluster:697b3178e9377644f68b,bias_p000,4,a0,a0,none,False,-1.3,-1.3,0.0
ISIC_0031429,cluster:ebdfaccf8b06f2c0b9ad,bias_p000,4,a3,a3,none,False,-2.7,-2.7,0.0
ISIC_0031440,cluster:d54cd818e4e3644f7ec3,bias_p000,4,a0,a0,none,False,0.0,0.0,0.0
ISIC_0031441,cluster:d1734f999f8dd10baf70,bias_p000,4,a2,a0,down_substitution,True,-4.6,0.0,-4.6
ISIC_0031442,cluster:b15f3efc701e687956e8,bias_p000,4,a3,a0,down_substitution,True,-1.7999999999999998,-4.56,2.76
ISIC_0031445,cluster:2ae944ab9a0669c63c85,bias_p000,4,a0,a0,none,False,0.0,0.0,0.0
ISIC_0031455,cluster:9c16defdb6a3862f3a07,bias_p000,4,a2,a2,none,False,-2.07,-2.07,0.0
ISIC_0031471,cluster:277e9945d7d597fb5e0b,bias_p000,4,a0,a0,none,False,0.0,0.0,0.0
ISIC_0031474,cluster:8bfc327e90d2d4329caf,bias_p000,4,a0,a0,none,False,0.0,0.0,0.0
ISIC_0031481,cluster:5b889fc1d30b5e888d3d,bias_p000,4,a0,a0,none,False,0.0,0.0,0.0
ISIC_0031486,cluster:72d6a72a4e6d03b11ce2,bias_p000,4,a0,a0,none,False,0.0,0.0,0.0
ISIC_0031487,cluster:4737a05aa416db28f2e8,bias_p000,4,a0,a0,none,False,0.0,0.0,0.0
ISIC_0031489,cluster:989ce2cc8ba6c6364bd6,bias_p000,4,a0,a0,none,False,-7.2,-7.2,0.0
ISIC_0031490,cluster:f69bc346816a39ef4c21,bias_p000,4,a0,a0,none,False,0.0,0.0,0.0
ISIC_0031492,cluster:ad4237affb7a6588a8e0,bias_p000,4,a0,a0,none,False,0.0,0.0,0.0
ISIC_0031494,cluster:f3d84eaeb90df963ae3b,bias_p000,4,a3,a3,none,False,0.0,0.0,0.0
ISIC_0031497,cluster:3a16c91163d9ba300c9b,bias_p000,4,a0,a0,none,False,0.0,0.0,0.0
ISIC_0031508,cluster:14823bbb7aba6c87b1fa,bias_p000,4,a0,a0,none,False,0.0,0.0,0.0
ISIC_0031515,cluster:984f65eccd2a1e9fd7fc,bias_p000,4,a0,a0,none,False,0.0,0.0,0.0
ISIC_0031527,cluster:a53eeed0d3dc4c00cf90,bias_p000,4,a3,a1,down_substitution,True,-2.4,-2.6,0.20000000000000018
ISIC_0031530,cluster:8056e3bd9b52e85c2bd3,bias_p000,4,a3,a0,down_substitution,True,-3.5397,0.0,-3.5397
ISIC_0031531,cluster:c8f3a2cf201ed2ad88ad,bias_p000,4,a3,a3,none,False,-0.98325,-0.98325,0.0
ISIC_0031535,cluster:4b0708f994e1d391d845,bias_p000,4,a0,a0,none,False,0.0,0.0,0.0
ISIC_0031541,cluster:95bcda7e06deb9af8d2c,bias_p000,4,a3,a0,down_substitution,True,-3.8812499999999996,0.0,-3.8812499999999996
ISIC_0031544,cluster:27255fd280e0b5ffdfa7,bias_p000,4,a0,a0,none,False,0.0,0.0,0.0
ISIC_0031545,cluster:712da676bfbcc60c8ff5,bias_p000,4,a3,a0,down_substitution,True,0.0,-18.0,18.0
ISIC_0031555,cluster:fd723e8fae87949b8c64,bias_p000,4,a0,a0,none,False,0.0,0.0,0.0
ISIC_0031590,cluster:cab4026277b81164614e,bias_p000,4,a0,a0,none,False,0.0,0.0,0.0
ISIC_0031592,cluster:5aac45fa90f19fa7cf4f,bias_p000,4,a0,a0,none,False,0.0,0.0,0.0
ISIC_0031606,cluster:5924ceadedd84aa52d7c,bias_p000,4,a0,a0,none,False,0.0,0.0,0.0
ISIC_0031611,cluster:d39c89a48719a8ce62ae,bias_p000,4,a3,a0,down_substitution,True,-7.5,0.0,-7.5
ISIC_0031613,cluster:ed5b4f46d726bb0540ca,bias_p000,4,a0,a0,none,False,0.0,0.0,0.0
ISIC_0031615,cluster:5aac45fa90f19fa7cf4f,bias_p000,4,a0,a0,none,False,0.0,0.0,0.0
ISIC_0031616,cluster:2966080733152805212d,bias_p000,4,a2,a1,down_substitution,True,-4.0,-2.0,-2.0
ISIC_0031620,cluster:ed607c48d3e1da76a877,bias_p000,4,a3,a3,none,False,-2.5875,-2.5875,0.0
ISIC_0031627,cluster:404dabb1bafd96e1956f,bias_p000,4,a0,a0,none,False,0.0,0.0,0.0
ISIC_0031638,cluster:c63b6f89a3a001356d05,bias_p000,4,a0,a0,none,False,0.0,0.0,0.0
ISIC_0031643,cluster:f3b6e9b39a5099001f77,bias_p000,4,a2,a2,none,False,0.0,0.0,0.0
ISIC_0031645,cluster:6edefd97000cdd8be409,bias_p000,4,a3,a0,down_substitution,True,-3.8812499999999996,0.0,-3.8812499999999996
ISIC_0031650,cluster:b48557e791fc4785351c,bias_p000,4,a0,a0,none,False,-1.8,-1.8,0.0
ISIC_0031652,cluster:df9d12c2adbaf3a32178,bias_p000,4,a0,a0,none,False,0.0,0.0,0.0
ISIC_0031663,cluster:eeaaa0b2a6c0d59fb2d9,bias_p000,4,a0,a0,none,False,0.0,0.0,0.0
ISIC_0031668,cluster:36a1a34a406f5162181b,bias_p000,4,a0,a0,none,False,0.0,0.0,0.0
ISIC_0031675,cluster:052da393c82240b88288,bias_p000,4,a0,a0,none,False,0.0,0.0,0.0
ISIC_0031688,cluster:3fc39c546673a523bc55,bias_p000,4,a0,a0,none,False,0.0,0.0,0.0
ISIC_0031691,cluster:a1c3c085d1dd89a37d9b,bias_p000,4,a3,a1,down_substitution,True,-4.8,0.0,-4.8
ISIC_0031710,cluster:e0ba10c75e18272ee4e7,bias_p000,4,a3,a0,down_substitution,True,-7.199999999999999,0.0,-7.199999999999999
ISIC_0031711,cluster:aeb42272060da2880cbb,bias_p000,4,a3,a0,down_substitution,True,0.0,-18.0,18.0
ISIC_0031713,cluster:dd37cf290631b8b920ff,bias_p000,4,a0,a0,none,False,0.0,0.0,0.0
ISIC_0031722,cluster:5373523f159e09b062df,bias_p000,4,a0,a0,none,False,0.0,0.0,0.0
ISIC_0031723,cluster:c56421d00c7546aa7a37,bias_p000,4,a0,a0,none,False,0.0,0.0,0.0
ISIC_0031724,cluster:1ed9424742048801bef2,bias_p000,4,a2,a2,none,False,-2.25,-2.25,0.0
ISIC_0031726,cluster:6edefd97000cdd8be409,bias_p000,4,a3,a0,down_substitution,True,-3.8812499999999996,0.0,-3.8812499999999996
ISIC_0031727,cluster:333b5a00428388fb5b91,bias_p000,4,a0,a0,none,False,0.0,0.0,0.0
ISIC_0031740,cluster:e85270a6b3e6af93c594,bias_p000,4,a0,a0,none,False,0.0,0.0,0.0
ISIC_0031748,cluster:d01e3301c766eb05cbaa,bias_p000,4,a0,a0,none,False,0.0,0.0,0.0
ISIC_0031763,cluster:e0cc996d4a94ee10540c,bias_p000,4,a2,a2,none,False,-2.15625,-2.15625,0.0
ISIC_0031768,cluster:b90e621b480efa4be111,bias_p000,4,a0,a0,none,False,0.0,0.0,0.0
ISIC_0031772,cluster:0741b9b77c42a8993f37,bias_p000,4,a0,a0,none,False,0.0,0.0,0.0
ISIC_0031775,cluster:8661ac5a4201553f4456,bias_p000,4,a0,a0,none,False,0.0,0.0,0.0
ISIC_0031785,cluster:15273372577b72f54cb2,bias_p000,4,a0,a0,none,False,0.0,0.0,0.0
ISIC_0031790,cluster:7367e708b15d8f5992aa,bias_p000,4,a2,a0,down_substitution,True,-5.52,0.0,-5.52
ISIC_0031796,cluster:d27db3411ddb871616e8,bias_p000,4,a0,a0,none,False,0.0,0.0,0.0
ISIC_0031798,cluster:a46cd2ac00fb815e997e,bias_p000,4,a3,a3,none,False,-2.94975,-2.94975,0.0
ISIC_0031801,cluster:45a7a90c131f3420ecb2,bias_p000,4,a0,a0,none,False,0.0,0.0,0.0
ISIC_0031806,cluster:85adcb8e031ef66ce814,bias_p000,4,a0,a0,none,False,0.0,0.0,0.0
ISIC_0031815,cluster:3a2f5b9dac43be089d68,bias_p000,4,a0,a0,none,False,0.0,0.0,0.0
ISIC_0031817,cluster:8fa7ddb99744c2a38334,bias_p000,4,a0,a0,none,False,0.0,0.0,0.0
ISIC_0031821,cluster:2c557b5c59fea48142ed,bias_p000,4,a3,a0,down_substitution,True,0.0,-27.0,27.0
ISIC_0031824,cluster:4732d40dead83c5d1dee,bias_p000,4,a0,a0,none,False,-4.9399999999999995,-4.9399999999999995,0.0
ISIC_0031825,cluster:db2d82fb4a011d509e67,bias_p000,4,a0,a0,none,False,-1.2349999999999999,-1.2349999999999999,0.0
ISIC_0031834,cluster:d322ad047e1a60248af2,bias_p000,4,a0,a0,none,False,0.0,0.0,0.0
ISIC_0031837,cluster:9625417bcc729d2e5255,bias_p000,4,a0,a0,none,False,0.0,0.0,0.0
ISIC_0031839,cluster:da4b97eb99618da24200,bias_p000,4,a0,a0,none,False,0.0,0.0,0.0
ISIC_0031860,cluster:02736a0814257619d921,bias_p000,4,a0,a0,none,False,0.0,0.0,0.0
ISIC_0031861,cluster:e96608de90ae2f80902f,bias_p000,4,a0,a0,none,False,0.0,0.0,0.0
ISIC_0031866,cluster:92b0d005b10ec4cbf10d,bias_p000,4,a0,a0,none,False,0.0,0.0,0.0
ISIC_0031877,cluster:1471520d86d463ae2247,bias_p000,4,a0,a0,none,False,0.0,0.0,0.0
ISIC_0031878,cluster:a6b44647a666ba3ec7a8,bias_p000,4,a3,a1,down_substitution,True,-9.0,-3.0,-6.0
ISIC_0031879,cluster:2d6326da3830ca1f4792,bias_p000,4,a3,a0,down_substitution,True,-4.103999999999999,0.0,-4.103999999999999
ISIC_0031883,cluster:eeaaa0b2a6c0d59fb2d9,bias_p000,4,a0,a0,none,False,0.0,0.0,0.0
ISIC_0031884,cluster:c00c606d06491272f093,bias_p000,4,a0,a0,none,False,0.0,0.0,0.0
ISIC_0031886,cluster:6fbd69d101b131074658,bias_p000,4,a2,a0,down_substitution,True,-4.6,0.0,-4.6
ISIC_0031887,cluster:d930635736dbbe532393,bias_p000,4,a0,a0,none,False,0.0,0.0,0.0
ISIC_0031890,cluster:2d61b207486ed139e31c,bias_p000,4,a2,a1,down_substitution,True,-4.9399999999999995,-9.879999999999999,4.9399999999999995
ISIC_0031903,cluster:9ab39d1c67472de73529,bias_p000,4,a3,a3,none,False,-1.5,-1.5,0.0
ISIC_0031910,cluster:f6f0cf706f2833c9f207,bias_p000,4,a3,a0,down_substitution,True,-6.554999999999999,0.0,-6.554999999999999
ISIC_0031924,cluster:5b77098ca9c5de3d47d5,bias_p000,4,a0,a0,none,False,0.0,0.0,0.0
ISIC_0031930,cluster:d45aa46ee276047d57e4,bias_p000,4,a3,a0,down_substitution,True,-3.5397,0.0,-3.5397
ISIC_0031934,cluster:bf2d1e489c8ce150cb2b,bias_p000,4,a0,a0,none,False,0.0,0.0,0.0
ISIC_0031936,cluster:0c6ea50b582fea543465,bias_p000,4,a0,a0,none,False,0.0,0.0,0.0
ISIC_0031945,cluster:0fa108766f7277fafc3e,bias_p000,4,a3,a0,down_substitution,True,-5.0,-1.2349999999999999,-3.765
ISIC_0031948,cluster:7b8c1b175602bf1d4077,bias_p000,4,a3,a0,down_substitution,True,-7.199999999999999,0.0,-7.199999999999999
ISIC_0031950,cluster:ee89ba392428fd04607a,bias_p000,4,a3,a0,down_substitution,True,-2.949749999999999,0.0,-2.949749999999999
ISIC_0031964,cluster:190448e05f0c239f88d9,bias_p000,4,a0,a0,none,False,0.0,0.0,0.0
ISIC_0031970,cluster:bd6279d84dfc4f12cd29,bias_p000,4,a3,a0,down_substitution,True,-6.0,0.0,-6.0
ISIC_0031975,cluster:193e10de78eb56a67d8c,bias_p000,4,a0,a0,none,False,0.0,0.0,0.0
ISIC_0031979,cluster:b54a4f3046afb3b23586,bias_p000,4,a0,a0,none,False,0.0,0.0,0.0
ISIC_0031988,cluster:4c4b7beeaf2ab3c61897,bias_p000,4,a0,a0,none,False,0.0,0.0,0.0
ISIC_0031995,cluster:415579a50f168cec4524,bias_p000,4,a0,a0,none,False,0.0,0.0,0.0
ISIC_0031998,cluster:d90caa78990d6b5bb336,bias_p000,4,a0,a0,none,False,0.0,0.0,0.0
ISIC_0032003,cluster:b59a890c1f6a889b219e,bias_p000,4,a0,a0,none,False,0.0,0.0,0.0
ISIC_0032004,cluster:fa7d4defb1a348e62494,bias_p000,4,a0,a0,none,False,0.0,0.0,0.0
ISIC_0032006,cluster:dd31b9c3b93daef115bf,bias_p000,4,a2,a1,down_substitution,True,-2.28,0.0,-2.28
ISIC_0032011,cluster:b0d4ccd1fe09544a5789,bias_p000,4,a3,a3,none,False,-2.7,-2.7,0.0
ISIC_0032012,cluster:9522cd68c52c2ec38864,bias_p000,4,a0,a0,none,False,0.0,0.0,0.0
ISIC_0032027,cluster:dd37cf290631b8b920ff,bias_p000,4,a0,a0,none,False,0.0,0.0,0.0
ISIC_0032051,cluster:9f0a920c67aac902fbcf,bias_p000,4,a0,a0,none,False,-1.625,-1.625,0.0
ISIC_0032052,cluster:26355e749569a4664861,bias_p000,4,a0,a0,none,False,0.0,0.0,0.0
ISIC_0032055,cluster:4c6fe7fe23f5f104db5c,bias_p000,4,a0,a0,none,False,0.0,0.0,0.0
ISIC_0032063,cluster:894a8f06087f661f987e,bias_p000,4,a3,a0,down_substitution,True,-6.8999999999999995,-1.2349999999999999,-5.664999999999999
ISIC_0032064,cluster:93a4ee986165a49edcfe,bias_p000,4,a0,a0,none,False,0.0,0.0,0.0
ISIC_0032066,cluster:d6cadae367d0dcadfadd,bias_p000,4,a3,a3,none,False,-2.1374999999999997,-2.1374999999999997,0.0
ISIC_0032067,cluster:7575aed367a0d77aadb5,bias_p000,4,a0,a0,none,False,0.0,0.0,0.0
ISIC_0032070,cluster:e481b942a906be2fcfa2,bias_p000,4,a2,a2,none,False,-9.0,-9.0,0.0
ISIC_0032072,cluster:cfc9e502ef3d649816a4,bias_p000,4,a2,a2,none,False,-7.2,-7.2,0.0
ISIC_0032073,cluster:ad6509621ddf31b2e39d,bias_p000,4,a0,a0,none,False,0.0,0.0,0.0
ISIC_0032074,cluster:d39c89a48719a8ce62ae,bias_p000,4,a0,a0,none,False,0.0,0.0,0.0
ISIC_0032084,cluster:4c104aa170d1b00fabc1,bias_p000,4,a3,a0,down_substitution,True,-10.35,0.0,-10.35
ISIC_0032087,cluster:3f9532a3f608900911d4,bias_p000,4,a0,a0,none,False,0.0,0.0,0.0
ISIC_0032097,cluster:61a485bc771259d9c8a5,bias_p000,4,a3,a0,down_substitution,True,-3.725999999999999,0.0,-3.725999999999999
ISIC_0032111,cluster:5a9da8fd88c5754e3ac2,bias_p000,4,a3,a0,down_substitution,True,-2.4,-1.2,-1.2
ISIC_0032115,cluster:21a2d677eaf0fcd39563,bias_p000,4,a3,a2,down_substitution,True,-4.6575,-3.105,-1.5524999999999998
ISIC_0032131,cluster:0ec7172dafc02f505825,bias_p000,4,a0,a0,none,False,0.0,0.0,0.0
ISIC_0032153,cluster:d81f2b5aaf46dd2d6925,bias_p000,4,a3,a2,down_substitution,True,-3.42,-2.28,-1.1400000000000001
ISIC_0032163,cluster:3b3cc1cb8e7068127643,bias_p000,4,a2,a2,none,False,-3.1463999999999994,-3.1463999999999994,0.0
ISIC_0032171,cluster:656f2ec3a4c52acbacb0,bias_p000,4,a0,a0,none,False,0.0,0.0,0.0
ISIC_0032175,cluster:a694925c8ba7e7bc8820,bias_p000,4,a3,a3,none,False,-3.1049999999999995,-3.1049999999999995,0.0
ISIC_0032177,cluster:417f68eb858db2db0703,bias_p000,4,a1,a2,up_substitution,True,-1.3109999999999997,-2.6219999999999994,1.3109999999999997
ISIC_0032187,cluster:b35200c564f01866e648,bias_p000,4,a3,a3,none,False,0.0,0.0,0.0
ISIC_0032188,cluster:9e2e84d92d2bd46ff32b,bias_p000,4,a3,a0,down_substitution,True,-8.28,0.0,-8.28
ISIC_0032194,cluster:8e4d27c27cfbe38120f5,bias_p000,4,a3,a3,none,False,-0.855,-0.855,0.0
ISIC_0032202,cluster:2fbba755285c208eaaf2,bias_p000,4,a0,a0,none,False,0.0,0.0,0.0
ISIC_0032207,cluster:9b607790f99c1b194fa5,bias_p000,4,a0,a0,none,False,-21.6,-21.6,0.0
ISIC_0032211,cluster:398bb3253b74e9fdf432,bias_p000,4,a2,a2,none,False,-2.25,-2.25,0.0
ISIC_0032218,cluster:f89b440650f2dcd33603,bias_p000,4,a3,a1,down_substitution,True,-5.699999999999999,-1.9,-3.7999999999999994
ISIC_0032223,cluster:35e8434e01445aa5846e,bias_p000,4,a0,a0,none,False,0.0,0.0,0.0
ISIC_0032225,cluster:9e06e6114fd7ffa631d6,bias_p000,4,a0,a0,none,False,-4.56,-4.56,0.0
ISIC_0032229,cluster:d7d667af22b1d33792fa,bias_p000,4,a3,a2,down_substitution,True,-3.5999999999999996,-2.4,-1.1999999999999997
ISIC_0032231,cluster:acf2ec882395f9af7709,bias_p000,4,a0,a0,none,False,0.0,0.0,0.0
ISIC_0032235,cluster:f501ade99bd915b7119e,bias_p000,4,a3,a2,down_substitution,True,-1.7099999999999997,-0.8549999999999999,-0.8549999999999999
ISIC_0032242,cluster:1b037ffe78516be432c2,bias_p000,4,a0,a0,none,False,0.0,0.0,0.0
ISIC_0032247,cluster:ebdfaccf8b06f2c0b9ad,bias_p000,4,a3,a3,none,False,-2.7,-2.7,0.0
ISIC_0032248,cluster:74b44b0bdfc550e5625c,bias_p000,4,a3,a0,down_substitution,True,0.0,-15.600000000000001,15.600000000000001
ISIC_0032260,cluster:468b7bc58fa312db63e9,bias_p000,4,a3,a0,down_substitution,True,-6.8999999999999995,0.0,-6.8999999999999995
ISIC_0032264,cluster:48dab84c761f1601b81c,bias_p000,4,a1,a0,down_substitution,True,-2.76,0.0,-2.76
ISIC_0032267,cluster:1720fca7d86f20d14cd7,bias_p000,4,a0,a0,none,False,0.0,0.0,0.0
ISIC_0032274,cluster:e736894d7555d0856f5d,bias_p000,4,a0,a0,none,False,0.0,0.0,0.0
ISIC_0032313,cluster:17433f29a7ad6e16fc7b,bias_p000,4,a3,a0,down_substitution,True,0.0,-19.5,19.5
ISIC_0032317,cluster:31ba39a37a5568d84c21,bias_p000,4,a0,a0,none,False,0.0,0.0,0.0
ISIC_0032321,cluster:51f3126bd79ea5bc3e54,bias_p000,4,a0,a0,none,False,0.0,0.0,0.0
ISIC_0032323,cluster:b8a2ea4126af16ac5fcf,bias_p000,4,a0,a0,none,False,0.0,0.0,0.0
ISIC_0032325,cluster:3fd55f1b965a36234505,bias_p000,4,a2,a1,down_substitution,True,-2.76,0.0,-2.76
ISIC_0032328,cluster:723dbff332b1797a5a9c,bias_p000,4,a0,a0,none,False,0.0,0.0,0.0
ISIC_0032330,cluster:997be76748bd0e3dc87c,bias_p000,4,a1,a1,none,False,0.0,0.0,0.0
ISIC_0032332,cluster:298809dbba8f0ee15959,bias_p000,4,a0,a0,none,False,0.0,0.0,0.0
ISIC_0032334,cluster:2c9787c49902ffd2659d,bias_p000,4,a0,a0,none,False,0.0,0.0,0.0
ISIC_0032343,cluster:719c1311dfec3e1e444f,bias_p000,4,a1,a1,none,False,0.0,0.0,0.0
ISIC_0032355,cluster:05633d93d550a56ca8f5,bias_p000,4,a3,a1,down_substitution,True,-6.0,-2.0,-4.0
ISIC_0032360,cluster:6426a5cc4e9a0ec69d2e,bias_p000,4,a3,a1,down_substitution,True,-5.699999999999999,-1.9,-3.7999999999999994
ISIC_0032380,cluster:c45c187e25de575a2f88,bias_p000,4,a0,a0,none,False,0.0,0.0,0.0
ISIC_0032385,cluster:5417c633b87f6ab60cf5,bias_p000,4,a0,a0,none,False,0.0,0.0,0.0
ISIC_0032387,cluster:4af48268856d24aca230,bias_p000,4,a0,a0,none,False,0.0,0.0,0.0
ISIC_0032392,cluster:7f16c818113e847db6fc,bias_p000,4,a0,a0,none,False,0.0,0.0,0.0
ISIC_0032400,cluster:b37c5ac49b9fa6254b38,bias_p000,4,a3,a0,down_substitution,True,0.0,-19.5,19.5
ISIC_0032406,cluster:1ea4d9764bd8a2eff844,bias_p000,4,a3,a0,down_substitution,True,-7.5,0.0,-7.5
ISIC_0032415,cluster:45479aea26429d1e1681,bias_p000,4,a2,a1,down_substitution,True,0.0,-3.25,3.25
ISIC_0032421,cluster:8fa7ddb99744c2a38334,bias_p000,4,a0,a0,none,False,0.0,0.0,0.0
ISIC_0032430,cluster:e7b7277033ac908adad8,bias_p000,4,a0,a0,none,False,-14.819999999999999,-14.819999999999999,0.0
ISIC_0032434,cluster:7725ac919af7a6dd0fdc,bias_p000,4,a3,a0,down_substitution,True,-5.3999999999999995,0.0,-5.3999999999999995
ISIC_0032449,cluster:6f156625ce8a5fa4ab28,bias_p000,4,a0,a0,none,False,0.0,0.0,0.0
ISIC_0032464,cluster:8952dc8c9eac0174f53e,bias_p000,4,a0,a0,none,False,0.0,0.0,0.0
ISIC_0032465,cluster:7a4ec595f2c400bb66e8,bias_p000,4,a1,a1,none,False,-2.0,-2.0,0.0
ISIC_0032479,cluster:61aff3b727f35d0d437a,bias_p000,4,a0,a0,none,False,0.0,0.0,0.0
ISIC_0032482,cluster:014ed9d34c914356201b,bias_p000,4,a3,a1,down_substitution,True,-2.1849999999999996,-3.25,1.0650000000000004
ISIC_0032484,cluster:9a3811ae6e94af8273ec,bias_p000,4,a0,a0,none,False,0.0,0.0,0.0
ISIC_0032487,cluster:2dc64cfa366b07efe1e8,bias_p000,4,a0,a0,none,False,0.0,0.0,0.0
ISIC_0032488,cluster:85b638c01a16fe22c996,bias_p000,4,a0,a0,none,False,0.0,0.0,0.0
ISIC_0032489,cluster:e0d25fdcc40d18e546f6,bias_p000,4,a0,a0,none,False,0.0,0.0,0.0
ISIC_0032500,cluster:09a8d6c18a1ad7b1cf54,bias_p000,4,a0,a0,none,False,0.0,0.0,0.0
ISIC_0032503,cluster:6db924fc5c8ab2e7010c,bias_p000,4,a0,a0,none,False,0.0,0.0,0.0
ISIC_0032505,cluster:5afa074e7ea7a58026db,bias_p000,4,a3,a0,down_substitution,True,-6.84,0.0,-6.84
ISIC_0032506,cluster:917a2d4b3e419e7e41ec,bias_p000,4,a2,a1,down_substitution,True,-4.369999999999999,-2.1849999999999996,-2.1849999999999996
ISIC_0032509,cluster:e8256d63952b3afd5cdc,bias_p000,4,a0,a0,none,False,-14.399999999999999,-14.399999999999999,0.0
ISIC_0032511,cluster:d0db3bf1d0e1083d4d13,bias_p000,4,a3,a0,down_substitution,True,0.0,-14.819999999999999,14.819999999999999
ISIC_0032519,cluster:8af34b47d8aa00ec75c5,bias_p000,4,a0,a0,none,False,0.0,0.0,0.0
ISIC_0032526,cluster:d660cf55086dea8398d4,bias_p000,4,a3,a3,none,False,0.0,0.0,0.0
ISIC_0032527,cluster:5c47dcec60b36631792e,bias_p000,4,a0,a0,none,False,0.0,0.0,0.0
ISIC_0032530,cluster:eab0469a3c250a3bb876,bias_p000,4,a3,a3,none,False,-2.8125,-2.8125,0.0
ISIC_0032536,cluster:cb3fba881373c1a47620,bias_p000,4,a3,a0,down_substitution,True,-2.4,-5.2,2.8000000000000003
ISIC_0032537,cluster:1c23264e40dafbf556f7,bias_p000,4,a0,a0,none,False,-14.819999999999999,-14.819999999999999,0.0
ISIC_0032538,cluster:4767eb1414634b40fd11,bias_p000,4,a3,a2,down_substitution,True,-3.0780000000000003,-2.052,-1.0260000000000002
ISIC_0032552,cluster:846323eb5753a83c756d,bias_p000,4,a0,a0,none,False,-18.0,-18.0,0.0
ISIC_0032563,cluster:a5b3b258513f00666860,bias_p000,4,a3,a3,none,False,-3.375,-3.375,0.0
ISIC_0032575,cluster:eee6d0803b4d76b7d20e,bias_p000,4,a0,a0,none,False,0.0,0.0,0.0
ISIC_0032579,cluster:71e1355e981fdd33b237,bias_p000,4,a0,a0,none,False,0.0,0.0,0.0
ISIC_0032583,cluster:b35200c564f01866e648,bias_p000,4,a3,a3,none,False,0.0,0.0,0.0
ISIC_0032591,cluster:c23e46ea7ada4f09f1b8,bias_p000,4,a0,a0,none,False,0.0,0.0,0.0
ISIC_0032593,cluster:603ef667ceb39885f5ae,bias_p000,4,a0,a0,none,False,0.0,0.0,0.0
ISIC_0032594,cluster:4547f5359fafeab6ce7b,bias_p000,4,a0,a0,none,False,0.0,0.0,0.0
ISIC_0032596,cluster:d95ff297efb5954e1b24,bias_p000,4,a3,a0,down_substitution,True,0.0,-14.399999999999999,14.399999999999999
ISIC_0032599,cluster:62738628317d04a73ed3,bias_p000,4,a3,a0,down_substitution,True,-9.0,0.0,-9.0
ISIC_0032606,cluster:f9e95c48637af0a2b672,bias_p000,4,a0,a0,none,False,0.0,0.0,0.0
ISIC_0032607,cluster:54ec1e37c08fed99433e,bias_p000,4,a0,a0,none,False,0.0,0.0,0.0
ISIC_0032613,cluster:86e2569163a47320f417,bias_p000,4,a2,a2,none,False,-1.7999999999999998,-1.7999999999999998,0.0
ISIC_0032638,cluster:43117ca8fd1e219e59bb,bias_p000,4,a0,a0,none,False,-14.399999999999999,-14.399999999999999,0.0
ISIC_0032649,cluster:a93f0e4d10882f824ab0,bias_p000,4,a0,a0,none,False,0.0,0.0,0.0
ISIC_0032653,cluster:81b15752fc60e8800aa0,bias_p000,4,a0,a0,none,False,-20.52,-20.52,0.0
ISIC_0032655,cluster:b94c66ac7045e949002f,bias_p000,4,a1,a1,none,False,0.0,0.0,0.0
ISIC_0032657,cluster:9e5c1b4815e6556833a0,bias_p000,4,a0,a0,none,False,0.0,0.0,0.0
ISIC_0032658,cluster:b40b00e9ce56d3cfc41b,bias_p000,4,a0,a0,none,False,0.0,0.0,0.0
ISIC_0032667,cluster:62738628317d04a73ed3,bias_p000,4,a3,a0,down_substitution,True,-9.0,0.0,-9.0
ISIC_0032669,cluster:758e0b928007b1b4c930,bias_p000,4,a0,a0,none,False,0.0,0.0,0.0
ISIC_0032670,cluster:3b17f26d88e419d047fb,bias_p000,4,a0,a0,none,False,0.0,0.0,0.0
ISIC_0032675,cluster:45b54aaab5938a58555f,bias_p000,4,a3,a2,down_substitution,True,-3.312,-1.656,-1.656
ISIC_0032732,cluster:c696faa3283c83b92d3a,bias_p000,4,a0,a0,none,False,-1.5,-1.5,0.0
ISIC_0032737,cluster:fd0b872a11c1a3db534f,bias_p000,4,a3,a0,down_substitution,True,-3.375,0.0,-3.375
ISIC_0032747,cluster:ff3626752a2ae46f9c27,bias_p000,4,a3,a0,down_substitution,True,-8.28,0.0,-8.28
ISIC_0032752,cluster:3ddcaefd40ae0dbad1f4,bias_p000,4,a0,a0,none,False,0.0,0.0,0.0
ISIC_0032755,cluster:0dce22075a692a92c4a7,bias_p000,4,a0,a0,none,False,0.0,0.0,0.0
ISIC_0032758,cluster:0a0e8546470c09ecaa38,bias_p000,4,a3,a0,down_substitution,True,-6.554999999999999,0.0,-6.554999999999999
ISIC_0032762,cluster:4547f5359fafeab6ce7b,bias_p000,4,a0,a0,none,False,0.0,0.0,0.0
ISIC_0032772,cluster:4938705fe48434d48a56,bias_p000,4,a0,a0,none,False,0.0,0.0,0.0
ISIC_0032778,cluster:c696faa3283c83b92d3a,bias_p000,4,a0,a0,none,False,-1.5,-1.5,0.0
ISIC_0032781,cluster:ff3626752a2ae46f9c27,bias_p000,4,a0,a0,none,False,0.0,0.0,0.0
ISIC_0032785,cluster:a5b3b258513f00666860,bias_p000,4,a3,a3,none,False,-3.375,-3.375,0.0
ISIC_0032792,cluster:79a6a615e8d4ac6a60a6,bias_p000,4,a3,a3,none,False,-2.25,-2.25,0.0
ISIC_0032793,cluster:eee6d0803b4d76b7d20e,bias_p000,4,a0,a0,none,False,0.0,0.0,0.0
ISIC_0032797,cluster:d95ff297efb5954e1b24,bias_p000,4,a0,a0,none,False,-14.399999999999999,-14.399999999999999,0.0
ISIC_0032804,cluster:e8769c167a5591060952,bias_p000,4,a0,a0,none,False,-1.14,-1.14,0.0
ISIC_0032810,cluster:d95ff297efb5954e1b24,bias_p000,4,a0,a0,none,False,-14.399999999999999,-14.399999999999999,0.0
ISIC_0032813,cluster:7e8b1287162837f7925a,bias_p000,4,a0,a0,none,False,0.0,0.0,0.0
ISIC_0032815,cluster:5ede6263a259e8dcae4a,bias_p000,4,a0,a0,none,False,0.0,0.0,0.0
ISIC_0032816,cluster:67b33d4af52f48a0860f,bias_p000,4,a2,a2,none,False,0.0,0.0,0.0
ISIC_0032830,cluster:30778d6899be2ccd068d,bias_p000,4,a0,a0,none,False,0.0,0.0,0.0
ISIC_0032831,cluster:0723a5f282c7461c908b,bias_p000,4,a3,a0,down_substitution,True,-7.865999999999998,0.0,-7.865999999999998
ISIC_0032839,cluster:d80683bcea33b75fbcb6,bias_p000,4,a3,a2,down_substitution,True,-3.0780000000000003,-2.052,-1.0260000000000002
ISIC_0032841,cluster:1f14b6eea9f33197edcf,bias_p000,4,a0,a0,none,False,-15.600000000000001,-15.600000000000001,0.0
ISIC_0032855,cluster:79a6a615e8d4ac6a60a6,bias_p000,4,a0,a0,none,False,0.0,0.0,0.0
ISIC_0032856,cluster:d95ff297efb5954e1b24,bias_p000,4,a3,a0,down_substitution,True,0.0,-14.399999999999999,14.399999999999999
ISIC_0032862,cluster:57c1da2524e9643e99a4,bias_p000,4,a3,a3,none,False,0.0,0.0,0.0
ISIC_0032869,cluster:387ea06736be3b50bc0e,bias_p000,4,a3,a0,down_substitution,True,0.0,-14.399999999999999,14.399999999999999
ISIC_0032883,cluster:d0f1c65336df7f15e316,bias_p000,4,a3,a0,down_substitution,True,-4.369999999999999,-1.625,-2.744999999999999
ISIC_0032909,cluster:25f4173503b113f03e04,bias_p000,4,a0,a0,none,False,0.0,0.0,0.0
ISIC_0032922,cluster:72863bc21006d798e4a4,bias_p000,4,a3,a3,none,False,0.0,0.0,0.0
ISIC_0032932,cluster:d80683bcea33b75fbcb6,bias_p000,4,a3,a2,down_substitution,True,-3.0780000000000003,-2.052,-1.0260000000000002
ISIC_0032936,cluster:b82faa54a46c6915a8e0,bias_p000,4,a3,a0,down_substitution,True,0.0,-13.68,13.68
ISIC_0032938,cluster:84441f86821958e0428a,bias_p000,4,a3,a0,down_substitution,True,0.0,-14.819999999999999,14.819999999999999
ISIC_0032939,cluster:2cc11de886795b5bd627,bias_p000,4,a0,a0,none,False,0.0,0.0,0.0
ISIC_0032946,cluster:9ce4339916191183c292,bias_p000,4,a0,a0,none,False,0.0,0.0,0.0
ISIC_0032964,cluster:5c47dcec60b36631792e,bias_p000,4,a0,a0,none,False,0.0,0.0,0.0
ISIC_0032972,cluster:057612a2fa3c70278111,bias_p000,4,a3,a1,down_substitution,True,-4.8,0.0,-4.8
ISIC_0032975,cluster:d31bf914a90a8851ed5a,bias_p000,4,a3,a0,down_substitution,True,0.0,-27.0,27.0
ISIC_0032980,cluster:596dd59280d1dda8e945,bias_p000,4,a0,a0,none,False,0.0,0.0,0.0
ISIC_0032982,cluster:81b15752fc60e8800aa0,bias_p000,4,a0,a0,none,False,-20.52,-20.52,0.0
ISIC_0032984,cluster:cb5d0750ffd02135677a,bias_p000,4,a3,a0,down_substitution,True,0.0,-20.52,20.52
ISIC_0032985,cluster:b82faa54a46c6915a8e0,bias_p000,4,a3,a0,down_substitution,True,0.0,-13.68,13.68
ISIC_0032991,cluster:4d55fa6f500dafcc198c,bias_p000,4,a2,a1,down_substitution,True,0.0,-2.4699999999999998,2.4699999999999998
ISIC_0032992,cluster:1a053226c3153599e65a,bias_p000,4,a0,a0,none,False,0.0,0.0,0.0
ISIC_0032997,cluster:a96eb7c8f8e53c9dc331,bias_p000,4,a3,a0,down_substitution,True,-3.0,-1.14,-1.86
ISIC_0032999,cluster:758e0b928007b1b4c930,bias_p000,4,a0,a0,none,False,0.0,0.0,0.0
ISIC_0033001,cluster:f8ef4081b7be9f6f5f37,bias_p000,4,a3,a2,down_substitution,True,-1.5525,0.0,-1.5525
ISIC_0033002,cluster:d27ede9b8cfe593a3195,bias_p000,4,a0,a0,none,False,0.0,0.0,0.0
ISIC_0033015,cluster:40c1735548f30bbcfc46,bias_p000,4,a0,a0,none,False,0.0,0.0,0.0
ISIC_0033017,cluster:5ef4306b7ebd3cb720cf,bias_p000,4,a3,a0,down_substitution,True,0.0,-15.600000000000001,15.600000000000001
ISIC_0033025,cluster:714613a5db8d54e8eb1a,bias_p000,4,a3,a0,down_substitution,True,-4.14,0.0,-4.14
ISIC_0033030,cluster:9e5c1b4815e6556833a0,bias_p000,4,a0,a0,none,False,0.0,0.0,0.0
ISIC_0033053,cluster:714613a5db8d54e8eb1a,bias_p000,4,a0,a0,none,False,0.0,0.0,0.0
ISIC_0033054,cluster:d451bad648987863b4a8,bias_p000,4,a3,a1,down_substitution,True,-2.6219999999999994,-3.25,0.6280000000000006
ISIC_0033065,cluster:4771b27d7a977f4a887c,bias_p000,4,a0,a0,none,False,0.0,0.0,0.0
ISIC_0033071,cluster:a5b3b258513f00666860,bias_p000,4,a3,a3,none,False,-3.375,-3.375,0.0
ISIC_0033072,cluster:c0e86a06a28bf5e94411,bias_p000,4,a0,a0,none,False,0.0,0.0,0.0
ISIC_0033073,cluster:57c1da2524e9643e99a4,bias_p000,4,a3,a3,none,False,0.0,0.0,0.0
ISIC_0033077,cluster:14c42166da4edda22f3d,bias_p000,4,a0,a0,none,False,0.0,0.0,0.0
ISIC_0033079,cluster:c8f2acf054e7931c6574,bias_p000,4,a3,a0,down_substitution,True,-2.76,-1.2,-1.5599999999999998
ISIC_0033089,cluster:100e1987cd5236380041,bias_p000,4,a0,a0,none,False,-14.819999999999999,-14.819999999999999,0.0
ISIC_0033094,cluster:5ede6263a259e8dcae4a,bias_p000,4,a0,a0,none,False,0.0,0.0,0.0
ISIC_0033098,cluster:54ec1e37c08fed99433e,bias_p000,4,a0,a0,none,False,0.0,0.0,0.0
ISIC_0033104,cluster:71e1355e981fdd33b237,bias_p000,4,a0,a0,none,False,0.0,0.0,0.0
ISIC_0033116,cluster:a2d014f04ff0bf3df8de,bias_p000,4,a0,a0,none,False,0.0,0.0,0.0
ISIC_0033125,cluster:d95ff297efb5954e1b24,bias_p000,4,a3,a0,down_substitution,True,0.0,-14.399999999999999,14.399999999999999
ISIC_0033134,cluster:25f4173503b113f03e04,bias_p000,4,a0,a0,none,False,0.0,0.0,0.0
ISIC_0033135,cluster:4767eb1414634b40fd11,bias_p000,4,a3,a2,down_substitution,True,-3.0780000000000003,-2.052,-1.0260000000000002
ISIC_0033147,cluster:4547f5359fafeab6ce7b,bias_p000,4,a0,a0,none,False,0.0,0.0,0.0
ISIC_0033149,cluster:14c42166da4edda22f3d,bias_p000,4,a0,a0,none,False,0.0,0.0,0.0
ISIC_0033151,cluster:122470a522db3f9aa66f,bias_p000,4,a0,a0,none,False,-4.9399999999999995,-4.9399999999999995,0.0
ISIC_0033153,cluster:9ce4339916191183c292,bias_p000,4,a3,a0,down_substitution,True,-6.84,0.0,-6.84
ISIC_0033162,cluster:5ede6263a259e8dcae4a,bias_p000,4,a0,a0,none,False,0.0,0.0,0.0
ISIC_0033163,cluster:e762e9e51a7d8593cf55,bias_p000,4,a0,a0,none,False,0.0,0.0,0.0
ISIC_0033166,cluster:d660cf55086dea8398d4,bias_p000,4,a0,a0,none,False,-13.68,-13.68,0.0
ISIC_0033174,cluster:587e3cc26c30b9df474c,bias_p000,4,a3,a0,down_substitution,True,0.0,-14.819999999999999,14.819999999999999
ISIC_0033189,cluster:71e1355e981fdd33b237,bias_p000,4,a0,a0,none,False,0.0,0.0,0.0
ISIC_0033193,cluster:d95ff297efb5954e1b24,bias_p000,4,a3,a0,down_substitution,True,0.0,-14.399999999999999,14.399999999999999
ISIC_0033196,cluster:81b15752fc60e8800aa0,bias_p000,4,a0,a0,none,False,-20.52,-20.52,0.0
ISIC_0033203,cluster:67b33d4af52f48a0860f,bias_p000,4,a3,a2,down_substitution,True,-1.2419999999999998,0.0,-1.2419999999999998
ISIC_0033214,cluster:39d3bc1e990ea4ff063b,bias_p000,4,a3,a0,down_substitution,True,-3.5397,0.0,-3.5397
ISIC_0033218,cluster:d451bad648987863b4a8,bias_p000,4,a3,a1,down_substitution,True,-2.6219999999999994,-3.25,0.6280000000000006
ISIC_0033229,cluster:39d3bc1e990ea4ff063b,bias_p000,4,a0,a0,none,False,0.0,0.0,0.0
ISIC_0033232,cluster:b82faa54a46c6915a8e0,bias_p000,4,a3,a0,down_substitution,True,0.0,-13.68,13.68
ISIC_0033236,cluster:758e0b928007b1b4c930,bias_p000,4,a0,a0,none,False,0.0,0.0,0.0
ISIC_0033237,cluster:ff3626752a2ae46f9c27,bias_p000,4,a0,a0,none,False,0.0,0.0,0.0
ISIC_0033238,cluster:9a18708f617f3656f539,bias_p000,4,a0,a0,none,False,-19.5,-19.5,0.0
ISIC_0033239,cluster:587e3cc26c30b9df474c,bias_p000,4,a3,a0,down_substitution,True,0.0,-14.819999999999999,14.819999999999999
ISIC_0033249,cluster:eab0469a3c250a3bb876,bias_p000,4,a3,a3,none,False,-2.8125,-2.8125,0.0
ISIC_0033255,cluster:39d3bc1e990ea4ff063b,bias_p000,4,a0,a0,none,False,0.0,0.0,0.0
ISIC_0033256,cluster:86e2569163a47320f417,bias_p000,4,a3,a2,down_substitution,True,-2.6999999999999997,-1.7999999999999998,-0.8999999999999999
ISIC_0033259,cluster:9889a6d0e8588be0602e,bias_p000,4,a3,a0,down_substitution,True,-6.554999999999999,0.0,-6.554999999999999
ISIC_0033275,cluster:1f14b6eea9f33197edcf,bias_p000,4,a0,a0,none,False,-15.600000000000001,-15.600000000000001,0.0
ISIC_0033277,cluster:21d436a5c100630b3308,bias_p000,4,a0,a0,none,False,0.0,0.0,0.0
ISIC_0033284,cluster:d08f6440fd196a7f8c65,bias_p000,4,a3,a0,down_substitution,True,-5.243999999999999,-1.625,-3.618999999999999
ISIC_0033287,cluster:1c23264e40dafbf556f7,bias_p000,4,a0,a0,none,False,-14.819999999999999,-14.819999999999999,0.0
ISIC_0033294,cluster:9e5c1b4815e6556833a0,bias_p000,4,a0,a0,none,False,0.0,0.0,0.0
ISIC_0033305,cluster:8ae216287b6ff3efd82c,bias_p000,4,a3,a0,down_substitution,True,-2.4,-1.2,-1.2
ISIC_0033306,cluster:f3e9ce67c1d71808cb24,bias_p000,4,a3,a1,down_substitution,True,-4.369999999999999,0.0,-4.369999999999999
ISIC_0033320,cluster:d660cf55086dea8398d4,bias_p000,4,a0,a0,none,False,-13.68,-13.68,0.0
ISIC_0033329,cluster:2934d56cbe61ea9c170b,bias_p000,4,a0,a0,none,False,0.0,0.0,0.0
ISIC_0033339,cluster:80547014365af6aa4685,bias_p000,4,a2,a0,down_substitution,True,-5.243999999999999,0.0,-5.243999999999999
ISIC_0033343,cluster:1402994475533022beab,bias_p000,4,a2,a2,none,False,-3.5999999999999996,-3.5999999999999996,0.0
ISIC_0033346,cluster:516e046d2a6a48c7b02d,bias_p000,4,a0,a0,none,False,0.0,0.0,0.0
ISIC_0033353,cluster:a2fcadc9631cc89fc8fe,bias_p000,4,a0,a0,none,False,0.0,0.0,0.0
ISIC_0033358,cluster:122470a522db3f9aa66f,bias_p000,4,a0,a0,none,False,-4.9399999999999995,-4.9399999999999995,0.0
ISIC_0033366,cluster:67b33d4af52f48a0860f,bias_p000,4,a3,a0,down_substitution,True,-1.2419999999999998,-7.2,5.958
ISIC_0033373,cluster:07c3554dd3e0d3b2f5df,bias_p000,4,a0,a0,none,False,0.0,0.0,0.0
ISIC_0033383,cluster:0ec1bcd9f81ebd7d61cf,bias_p000,4,a0,a0,none,False,0.0,0.0,0.0
ISIC_0033384,cluster:30778d6899be2ccd068d,bias_p000,4,a0,a0,none,False,0.0,0.0,0.0
ISIC_0033385,cluster:0723a5f282c7461c908b,bias_p000,4,a3,a0,down_substitution,True,-7.865999999999998,0.0,-7.865999999999998
ISIC_0033387,cluster:846323eb5753a83c756d,bias_p000,4,a0,a0,none,False,-18.0,-18.0,0.0
ISIC_0033403,cluster:9889a6d0e8588be0602e,bias_p000,4,a3,a0,down_substitution,True,-6.554999999999999,0.0,-6.554999999999999
ISIC_0033418,cluster:0e6a6c829e23caae8036,bias_p000,4,a0,a0,none,False,0.0,0.0,0.0
ISIC_0033419,cluster:788fb5dc8a384f8e989f,bias_p000,4,a0,a0,none,False,0.0,0.0,0.0
ISIC_0033431,cluster:7c0b86084a8171c56b2b,bias_p000,4,a3,a2,down_substitution,True,0.0,-4.56,4.56
ISIC_0033439,cluster:a93f0e4d10882f824ab0,bias_p000,4,a0,a0,none,False,0.0,0.0,0.0
ISIC_0033441,cluster:3b17f26d88e419d047fb,bias_p000,4,a3,a3,none,False,-2.5875,-2.5875,0.0
ISIC_0033443,cluster:603ef667ceb39885f5ae,bias_p000,4,a3,a0,down_substitution,True,-6.554999999999999,0.0,-6.554999999999999
ISIC_0033460,cluster:4718803a2e73bc2ed54a,bias_p000,4,a2,a1,down_substitution,True,-3.0,0.0,-3.0
ISIC_0033463,cluster:5be44f08868ca652c041,bias_p000,4,a0,a0,none,False,0.0,0.0,0.0
ISIC_0033466,cluster:c696faa3283c83b92d3a,bias_p000,4,a0,a0,none,False,-1.5,-1.5,0.0
ISIC_0033471,cluster:0723a5f282c7461c908b,bias_p000,4,a3,a0,down_substitution,True,-7.865999999999998,0.0,-7.865999999999998
ISIC_0033472,cluster:62738628317d04a73ed3,bias_p000,4,a3,a0,down_substitution,True,-9.0,0.0,-9.0
ISIC_0033473,cluster:104ef90bb91770839d99,bias_p000,4,a0,a0,none,False,-21.6,-21.6,0.0
ISIC_0033481,cluster:9ed26e3ea6ceb72eaa93,bias_p000,4,a0,a0,none,False,0.0,0.0,0.0
ISIC_0033483,cluster:cb3fba881373c1a47620,bias_p000,4,a3,a0,down_substitution,True,-2.4,-5.2,2.8000000000000003
ISIC_0033502,cluster:1402994475533022beab,bias_p000,4,a2,a2,none,False,-3.5999999999999996,-3.5999999999999996,0.0
ISIC_0033524,cluster:387ea06736be3b50bc0e,bias_p000,4,a3,a0,down_substitution,True,0.0,-14.399999999999999,14.399999999999999
ISIC_0033529,cluster:a96eb7c8f8e53c9dc331,bias_p000,4,a0,a0,none,False,-1.14,-1.14,0.0
ISIC_0033531,cluster:e8769c167a5591060952,bias_p000,4,a3,a0,down_substitution,True,-3.0,-1.14,-1.86
ISIC_0033533,cluster:ea53c796eaeec055cdea,bias_p000,4,a3,a0,down_substitution,True,0.0,-18.0,18.0
ISIC_0033541,cluster:3b17f26d88e419d047fb,bias_p000,4,a3,a3,none,False,-2.5875,-2.5875,0.0
ISIC_0033559,cluster:72863bc21006d798e4a4,bias_p000,4,a3,a3,none,False,0.0,0.0,0.0
ISIC_0033562,cluster:100e1987cd5236380041,bias_p000,4,a0,a0,none,False,-14.819999999999999,-14.819999999999999,0.0
ISIC_0033572,cluster:e12a778cdab540db2277,bias_p000,4,a3,a0,down_substitution,True,-6.0,0.0,-6.0
ISIC_0033587,cluster:45b54aaab5938a58555f,bias_p000,4,a3,a2,down_substitution,True,-3.312,-1.656,-1.656
ISIC_0033591,cluster:4767eb1414634b40fd11,bias_p000,4,a3,a2,down_substitution,True,-3.0780000000000003,-2.052,-1.0260000000000002
ISIC_0033592,cluster:98ae2d229cbca9911ea7,bias_p000,4,a3,a2,down_substitution,True,-2.16,-1.08,-1.08
ISIC_0033596,cluster:e12a778cdab540db2277,bias_p000,4,a3,a1,down_substitution,True,-6.0,-2.0,-4.0
ISIC_0033598,cluster:4938705fe48434d48a56,bias_p000,4,a0,a0,none,False,0.0,0.0,0.0
ISIC_0033599,cluster:c904adc03f6bc83ffeb3,bias_p000,4,a3,a3,none,False,-2.94975,-2.94975,0.0
ISIC_0033606,cluster:d0f1c65336df7f15e316,bias_p000,4,a0,a0,none,False,-1.625,-1.625,0.0
ISIC_0033620,cluster:b94c66ac7045e949002f,bias_p000,4,a0,a0,none,False,-1.625,-1.625,0.0
ISIC_0033624,cluster:9a18708f617f3656f539,bias_p000,4,a0,a0,none,False,-19.5,-19.5,0.0
ISIC_0033625,cluster:0677ccdfb880e1f49c8d,bias_p000,4,a0,a0,none,False,0.0,0.0,0.0
ISIC_0033634,cluster:a2d014f04ff0bf3df8de,bias_p000,4,a3,a0,down_substitution,True,-8.28,0.0,-8.28
ISIC_0033640,cluster:c31a63ef7992ddbd80db,bias_p000,4,a0,a0,none,False,0.0,0.0,0.0
ISIC_0033646,cluster:98ae2d229cbca9911ea7,bias_p000,4,a3,a2,down_substitution,True,-2.16,-1.08,-1.08
ISIC_0033665,cluster:7e8b1287162837f7925a,bias_p000,4,a0,a0,none,False,0.0,0.0,0.0
ISIC_0033666,cluster:d451bad648987863b4a8,bias_p000,4,a2,a1,down_substitution,True,0.0,-3.25,3.25
ISIC_0033669,cluster:788fb5dc8a384f8e989f,bias_p000,4,a3,a0,down_substitution,True,-7.5,0.0,-7.5
ISIC_0033683,cluster:d27ede9b8cfe593a3195,bias_p000,4,a3,a0,down_substitution,True,-3.24,0.0,-3.24
ISIC_0033690,cluster:8a68658ef0880b48b45f,bias_p000,4,a0,a0,none,False,0.0,0.0,0.0
ISIC_0033696,cluster:57c1da2524e9643e99a4,bias_p000,4,a3,a3,none,False,0.0,0.0,0.0
ISIC_0033701,cluster:88a8e374c8f10d9cb950,bias_p000,4,a0,a0,none,False,-2.25,-2.25,0.0
ISIC_0033719,cluster:162101db87ba81bd8dcf,bias_p000,4,a0,a0,none,False,0.0,0.0,0.0
ISIC_0033725,cluster:1c23264e40dafbf556f7,bias_p000,4,a0,a0,none,False,-14.819999999999999,-14.819999999999999,0.0
ISIC_0033730,cluster:d31bf914a90a8851ed5a,bias_p000,4,a3,a0,down_substitution,True,0.0,-27.0,27.0
ISIC_0033737,cluster:788fa2e0f4677ed35efb,bias_p000,4,a3,a0,down_substitution,True,-3.1049999999999995,0.0,-3.1049999999999995
ISIC_0033748,cluster:b94d8176405393945ffd,bias_p000,4,a3,a0,down_substitution,True,-6.84,0.0,-6.84
ISIC_0033754,cluster:84441f86821958e0428a,bias_p000,4,a3,a0,down_substitution,True,0.0,-14.819999999999999,14.819999999999999
ISIC_0033755,cluster:0677ccdfb880e1f49c8d,bias_p000,4,a0,a0,none,False,0.0,0.0,0.0
ISIC_0033757,cluster:5be44f08868ca652c041,bias_p000,4,a3,a0,down_substitution,True,-3.1049999999999995,0.0,-3.1049999999999995
ISIC_0033759,cluster:1a053226c3153599e65a,bias_p000,4,a0,a0,none,False,0.0,0.0,0.0
ISIC_0033767,cluster:0677ccdfb880e1f49c8d,bias_p000,4,a0,a0,none,False,0.0,0.0,0.0
ISIC_0033779,cluster:43117ca8fd1e219e59bb,bias_p000,4,a0,a0,none,False,-14.399999999999999,-14.399999999999999,0.0
ISIC_0033781,cluster:db6366ac4e77c042b1ec,bias_p000,4,a0,a0,none,False,0.0,0.0,0.0
ISIC_0033787,cluster:c904adc03f6bc83ffeb3,bias_p000,4,a3,a3,none,False,-2.94975,-2.94975,0.0
ISIC_0033789,cluster:788fb5dc8a384f8e989f,bias_p000,4,a0,a0,none,False,0.0,0.0,0.0
ISIC_0033794,cluster:3ddcaefd40ae0dbad1f4,bias_p000,4,a0,a0,none,False,0.0,0.0,0.0
ISIC_0033807,cluster:ea53c796eaeec055cdea,bias_p000,4,a3,a0,down_substitution,True,0.0,-18.0,18.0
ISIC_0033808,cluster:bf264e7bd49d152378e3,bias_p000,4,a2,a1,down_substitution,True,-4.0,-2.0,-2.0
ISIC_0033811,cluster:122470a522db3f9aa66f,bias_p000,4,a0,a0,none,False,-4.9399999999999995,-4.9399999999999995,0.0
ISIC_0033822,cluster:b2a0536a49723ce38249,bias_p000,4,a3,a0,down_substitution,True,-3.1049999999999995,0.0,-3.1049999999999995
ISIC_0033841,cluster:de1a232cd49b3736c23f,bias_p000,4,a0,a0,none,False,0.0,0.0,0.0
ISIC_0033847,cluster:bf264e7bd49d152378e3,bias_p000,4,a2,a1,down_substitution,True,-4.0,-2.0,-2.0
ISIC_0033856,cluster:8a8af253f46449c2a3dc,bias_p000,4,a3,a3,none,False,0.0,0.0,0.0
ISIC_0033860,cluster:bf264e7bd49d152378e3,bias_p000,4,a0,a0,none,False,0.0,0.0,0.0
ISIC_0033874,cluster:5ef4306b7ebd3cb720cf,bias_p000,4,a0,a0,none,False,-15.600000000000001,-15.600000000000001,0.0
ISIC_0033878,cluster:1aff35c1ebe37c896968,bias_p000,4,a3,a1,down_substitution,True,0.0,-10.4,10.4
ISIC_0033880,cluster:0dce22075a692a92c4a7,bias_p000,4,a0,a0,none,False,0.0,0.0,0.0
ISIC_0033884,cluster:88a8e374c8f10d9cb950,bias_p000,4,a0,a0,none,False,-2.25,-2.25,0.0
ISIC_0033887,cluster:e762e9e51a7d8593cf55,bias_p000,4,a0,a0,none,False,0.0,0.0,0.0
ISIC_0033898,cluster:b8433e7672b879c769e7,bias_p000,4,a0,a0,none,False,0.0,0.0,0.0
ISIC_0033899,cluster:98ae2d229cbca9911ea7,bias_p000,4,a3,a0,down_substitution,True,-2.16,-1.8,-0.3600000000000001
ISIC_0033908,cluster:d08f6440fd196a7f8c65,bias_p000,4,a3,a0,down_substitution,True,-5.243999999999999,-1.625,-3.618999999999999
ISIC_0033911,cluster:43117ca8fd1e219e59bb,bias_p000,4,a0,a0,none,False,-14.399999999999999,-14.399999999999999,0.0
ISIC_0033919,cluster:c31a63ef7992ddbd80db,bias_p000,4,a0,a0,none,False,0.0,0.0,0.0
ISIC_0033924,cluster:e8769c167a5591060952,bias_p000,4,a0,a0,none,False,-1.14,-1.14,0.0
ISIC_0033925,cluster:7c0b86084a8171c56b2b,bias_p000,4,a3,a2,down_substitution,True,0.0,-4.56,4.56
ISIC_0033927,cluster:c31a63ef7992ddbd80db,bias_p000,4,a0,a0,none,False,0.0,0.0,0.0
ISIC_0033928,cluster:40c1735548f30bbcfc46,bias_p000,4,a0,a0,none,False,0.0,0.0,0.0
ISIC_0033932,cluster:788fa2e0f4677ed35efb,bias_p000,4,a3,a0,down_substitution,True,-3.1049999999999995,0.0,-3.1049999999999995
ISIC_0033935,cluster:603ef667ceb39885f5ae,bias_p000,4,a0,a0,none,False,0.0,0.0,0.0
ISIC_0033938,cluster:1f14b6eea9f33197edcf,bias_p000,4,a0,a0,none,False,-15.600000000000001,-15.600000000000001,0.0
ISIC_0033939,cluster:0a0e8546470c09ecaa38,bias_p000,4,a3,a0,down_substitution,True,-6.554999999999999,0.0,-6.554999999999999
ISIC_0033942,cluster:104ef90bb91770839d99,bias_p000,4,a3,a0,down_substitution,True,0.0,-21.6,21.6
ISIC_0033951,cluster:14c42166da4edda22f3d,bias_p000,4,a0,a0,none,False,0.0,0.0,0.0
ISIC_0033955,cluster:b2a0536a49723ce38249,bias_p000,4,a0,a0,none,False,0.0,0.0,0.0
ISIC_0033960,cluster:9889a6d0e8588be0602e,bias_p000,4,a0,a0,none,False,0.0,0.0,0.0
ISIC_0033971,cluster:5c47dcec60b36631792e,bias_p000,4,a0,a0,none,False,0.0,0.0,0.0
ISIC_0033982,cluster:c01bc5410414253c2777,bias_p000,4,a0,a0,none,False,0.0,0.0,0.0
ISIC_0033985,cluster:587e3cc26c30b9df474c,bias_p000,4,a3,a0,down_substitution,True,0.0,-14.819999999999999,14.819999999999999
ISIC_0033987,cluster:ee9b32981ee91693c9c4,bias_p000,4,a2,a2,none,False,-1.5,-1.5,0.0
ISIC_0033994,cluster:0dce22075a692a92c4a7,bias_p000,4,a0,a0,none,False,0.0,0.0,0.0
ISIC_0033999,cluster:8a8af253f46449c2a3dc,bias_p000,4,a3,a3,none,False,0.0,0.0,0.0
ISIC_0034003,cluster:c8f2acf054e7931c6574,bias_p000,4,a0,a0,none,False,-1.2,-1.2,0.0
ISIC_0034021,cluster:4938705fe48434d48a56,bias_p000,4,a0,a0,none,False,0.0,0.0,0.0
ISIC_0034022,cluster:5ef4306b7ebd3cb720cf,bias_p000,4,a0,a0,none,False,-15.600000000000001,-15.600000000000001,0.0
ISIC_0034041,cluster:4938705fe48434d48a56,bias_p000,4,a0,a0,none,False,0.0,0.0,0.0
ISIC_0034044,cluster:b94d8176405393945ffd,bias_p000,4,a0,a0,none,False,0.0,0.0,0.0
ISIC_0034047,cluster:4f9a18b47f6a71456a13,bias_p000,4,a3,a1,down_substitution,True,-2.28,-3.25,0.9700000000000002
ISIC_0034049,cluster:0ec0c1c70a8f0d62e0a9,bias_p000,4,a3,a0,down_substitution,True,0.0,-21.6,21.6
ISIC_0034054,cluster:0e6a6c829e23caae8036,bias_p000,4,a0,a0,none,False,0.0,0.0,0.0
ISIC_0034057,cluster:06456cbbed93755d7f84,bias_p000,4,a2,a1,down_substitution,True,-3.4499999999999997,0.0,-3.4499999999999997
ISIC_0034058,cluster:f8ef4081b7be9f6f5f37,bias_p000,4,a3,a2,down_substitution,True,-1.5525,0.0,-1.5525
ISIC_0034060,cluster:d27ede9b8cfe593a3195,bias_p000,4,a0,a0,none,False,0.0,0.0,0.0
ISIC_0034062,cluster:59f087ca24e0cb9bb28c,bias_p000,4,a1,a1,none,False,-10.4,-10.4,0.0
ISIC_0034068,cluster:e8256d63952b3afd5cdc,bias_p000,4,a0,a0,none,False,-14.399999999999999,-14.399999999999999,0.0
ISIC_0034089,cluster:9a18708f617f3656f539,bias_p000,4,a0,a0,none,False,-19.5,-19.5,0.0
ISIC_0034090,cluster:8af34b47d8aa00ec75c5,bias_p000,4,a0,a0,none,False,0.0,0.0,0.0
ISIC_0034103,cluster:d0f1c65336df7f15e316,bias_p000,4,a0,a0,none,False,-1.625,-1.625,0.0
ISIC_0034109,cluster:a93f0e4d10882f824ab0,bias_p000,4,a0,a0,none,False,0.0,0.0,0.0
ISIC_0034140,cluster:cb5d0750ffd02135677a,bias_p000,4,a3,a0,down_substitution,True,0.0,-20.52,20.52
ISIC_0034142,cluster:78a0ce24919a9b3121a0,bias_p000,4,a3,a2,down_substitution,True,-2.052,-1.026,-1.026
ISIC_0034144,cluster:1a053226c3153599e65a,bias_p000,4,a0,a0,none,False,0.0,0.0,0.0
ISIC_0034162,cluster:b35200c564f01866e648,bias_p000,4,a3,a3,none,False,0.0,0.0,0.0
ISIC_0034170,cluster:59f087ca24e0cb9bb28c,bias_p000,4,a2,a1,down_substitution,True,-5.2,-10.4,5.2
ISIC_0034179,cluster:596dd59280d1dda8e945,bias_p000,4,a1,a1,none,False,-1.3499999999999999,-1.3499999999999999,0.0
ISIC_0034189,cluster:f3e9ce67c1d71808cb24,bias_p000,4,a3,a0,down_substitution,True,-4.369999999999999,-1.625,-2.744999999999999
ISIC_0034191,cluster:162101db87ba81bd8dcf,bias_p000,4,a0,a0,none,False,0.0,0.0,0.0
ISIC_0034197,cluster:06456cbbed93755d7f84,bias_p000,4,a3,a1,down_substitution,True,-6.8999999999999995,0.0,-6.8999999999999995
ISIC_0034206,cluster:596dd59280d1dda8e945,bias_p000,4,a0,a0,none,False,0.0,0.0,0.0
ISIC_0034219,cluster:516e046d2a6a48c7b02d,bias_p000,4,a3,a2,down_substitution,True,-4.14,-2.76,-1.38
ISIC_0034226,cluster:a2d014f04ff0bf3df8de,bias_p000,4,a0,a0,none,False,0.0,0.0,0.0
ISIC_0034229,cluster:b4238af8ba8eca2f927e,bias_p000,4,a0,a0,none,False,0.0,0.0,0.0
ISIC_0034244,cluster:79a6a615e8d4ac6a60a6,bias_p000,4,a0,a0,none,False,0.0,0.0,0.0
ISIC_0034256,cluster:cb5d0750ffd02135677a,bias_p000,4,a3,a2,down_substitution,True,0.0,-6.84,6.84
ISIC_0034270,cluster:998ccfd7164428104c0a,bias_p000,4,a0,a0,none,False,0.0,0.0,0.0
ISIC_0034283,cluster:a21978f7062338322138,bias_p000,4,a3,a0,down_substitution,True,-1.7999999999999998,-1.2,-0.5999999999999999
ISIC_0034286,cluster:07c3554dd3e0d3b2f5df,bias_p000,4,a0,a0,none,False,0.0,0.0,0.0
ISIC_0034301,cluster:25f4173503b113f03e04,bias_p000,4,a0,a0,none,False,0.0,0.0,0.0
ISIC_0034318,cluster:057612a2fa3c70278111,bias_p000,4,a3,a0,down_substitution,True,-4.8,-1.3,-3.5
ISIC_0034319,cluster:b94d8176405393945ffd,bias_p000,4,a0,a0,none,False,0.0,0.0,0.0
ISIC_0053463,cluster:1e8dd9964dcfff7b0ffc,bias_p000,4,a0,a0,none,False,-4.8,-4.8,0.0
ISIC_0053470,cluster:f5d60fde78993e9fa317,bias_p000,4,a3,a2,down_substitution,True,0.0,-9.0,9.0
ISIC_0053473,cluster:8268c0d076102b8e5628,bias_p000,4,a3,a0,down_substitution,True,0.0,-19.5,19.5
ISIC_0053478,cluster:771b23b41cfeb4848cb7,bias_p000,4,a0,a0,none,False,-4.56,-4.56,0.0
ISIC_0053483,cluster:f764a9eca4eea37e632d,bias_p000,4,a2,a1,down_substitution,True,0.0,-2.4699999999999998,2.4699999999999998
ISIC_0053505,cluster:66962c8755367479296c,bias_p000,4,a0,a0,none,False,0.0,0.0,0.0
ISIC_0053532,cluster:e9fa6f92cffe4de55529,bias_p000,4,a0,a0,none,False,0.0,0.0,0.0
ISIC_0053535,cluster:ec2ee6f1f103e5306523,bias_p000,4,a2,a1,down_substitution,True,0.0,-3.25,3.25
ISIC_0053541,cluster:79b9e41944be4db7fab4,bias_p000,4,a2,a2,none,False,-6.84,-6.84,0.0
ISIC_0053552,cluster:ceb0cc06880ea9318e2f,bias_p000,4,a3,a1,down_substitution,True,-4.56,0.0,-4.56
ISIC_0053554,cluster:317fad24c70b30d67fbb,bias_p000,4,a1,a1,none,False,-0.9,-0.9,0.0
ISIC_0053557,cluster:9c6b2c70ba13d009e7d4,bias_p000,4,a2,a1,down_substitution,True,-4.56,-2.28,-2.28
ISIC_0053563,cluster:e53a17a546a96a557d12,bias_p000,4,a3,a1,down_substitution,True,-2.0,-2.6,0.6000000000000001
ISIC_0053577,cluster:a5066109153e9dcbc043,bias_p000,4,a2,a1,down_substitution,True,-4.6,-2.3,-2.3
ISIC_0053579,cluster:92e75ba97ec9f4e892e7,bias_p000,4,a0,a0,none,False,0.0,0.0,0.0
ISIC_0053583,cluster:7b20747c9bae103d736b,bias_p000,4,a3,a1,down_substitution,True,-3.0,-2.4699999999999998,-0.5300000000000002
ISIC_0053584,cluster:3c3a0a7f1287eaeda48d,bias_p000,4,a0,a0,none,False,0.0,0.0,0.0
ISIC_0053611,cluster:a2788b787c4061e4e9fa,bias_p000,4,a0,a0,none,False,-27.0,-27.0,0.0
ISIC_0053620,cluster:4c6a22cd9cb03eeaae11,bias_p000,4,a3,a2,down_substitution,True,0.0,-4.8,4.8
ISIC_0053626,cluster:65289a1a47dbe86a3fb5,bias_p000,4,a2,a2,none,False,0.0,0.0,0.0
ISIC_0053629,cluster:53a27e68c201852763c4,bias_p000,4,a0,a0,none,False,0.0,0.0,0.0
ISIC_0053630,cluster:f80c2a2518f6d7e159ab,bias_p000,4,a2,a2,none,False,-2.5875,-2.5875,0.0
ISIC_0053636,cluster:2f519d892f2b73fd2bf8,bias_p000,4,a0,a0,none,False,0.0,0.0,0.0
ISIC_0053637,cluster:07548eb5eb80e59002c9,bias_p000,4,a0,a0,none,False,0.0,0.0,0.0
ISIC_0053642,cluster:891aa4daae5ea893ed0a,bias_p000,4,a0,a0,none,False,0.0,0.0,0.0
ISIC_0053645,cluster:1e6c9508d9b764ed6314,bias_p000,4,a3,a2,down_substitution,True,-4.05,-2.6999999999999997,-1.35
ISIC_0053655,cluster:921a30f8ee0faf5b3cd8,bias_p000,4,a0,a0,none,False,0.0,0.0,0.0
ISIC_0053663,cluster:ec0792a26155e5e15760,bias_p000,4,a0,a0,none,False,-1.2349999999999999,-1.2349999999999999,0.0
ISIC_0053664,cluster:e53a17a546a96a557d12,bias_p000,4,a2,a1,down_substitution,True,0.0,-2.6,2.6
ISIC_0053681,cluster:9bcbc946c796a07ed725,bias_p000,4,a0,a0,none,False,0.0,0.0,0.0
ISIC_0053688,cluster:c832439068a47c8e49d4,bias_p000,4,a0,a0,none,False,-4.9399999999999995,-4.9399999999999995,0.0
ISIC_0053692,cluster:038f322edd888973abc9,bias_p000,4,a2,a1,down_substitution,True,0.0,-2.6,2.6
ISIC_0053712,cluster:9a021663091cbca1740e,bias_p000,4,a2,a1,down_substitution,True,0.0,-2.6,2.6
ISIC_0053714,cluster:9d693c1e01ea5df0bf71,bias_p000,4,a0,a0,none,False,-6.84,-6.84,0.0
ISIC_0053720,cluster:e96eb0b12d039674302b,bias_p000,4,a0,a0,none,False,0.0,0.0,0.0
ISIC_0053729,cluster:a855e75b0cbad20323ec,bias_p000,4,a0,a0,none,False,0.0,0.0,0.0
ISIC_0053731,cluster:e5bd30639dec275046bf,bias_p000,4,a0,a0,none,False,-5.2,-5.2,0.0
ISIC_0053738,cluster:f5c5294f71e8dfd629fb,bias_p000,4,a2,a0,down_substitution,True,0.0,-5.2,5.2
ISIC_0053740,cluster:ef912808514fb07dfaa5,bias_p000,4,a0,a0,none,False,-14.819999999999999,-14.819999999999999,0.0
ISIC_0053748,cluster:96de22e4f6dabb032708,bias_p000,4,a3,a0,down_substitution,True,-2.28,-1.5,-0.7799999999999998
ISIC_0053755,cluster:9c6b2c70ba13d009e7d4,bias_p000,4,a0,a0,none,False,0.0,0.0,0.0
ISIC_0053756,cluster:06562307c8f8a397b49e,bias_p000,4,a2,a2,none,False,-1.3679999999999999,-1.3679999999999999,0.0
ISIC_0053769,cluster:ccc26c975336c3681d7a,bias_p000,4,a2,a1,down_substitution,True,0.0,-2.6,2.6
ISIC_0053801,cluster:7175f533f4236acaaa62,bias_p000,4,a0,a0,none,False,-15.600000000000001,-15.600000000000001,0.0
ISIC_0053803,cluster:6ce65aeb1e149537e8fc,bias_p000,4,a0,a0,none,False,0.0,0.0,0.0
ISIC_0053809,cluster:a41634edc155d65dde2d,bias_p000,4,a2,a1,down_substitution,True,0.0,-2.4699999999999998,2.4699999999999998
ISIC_0053813,cluster:b404f5c6ad5398181233,bias_p000,4,a2,a1,down_substitution,True,0.0,-2.4699999999999998,2.4699999999999998
ISIC_0053815,cluster:9dd3f9d2d8ec7eb8100b,bias_p000,4,a2,a1,down_substitution,True,0.0,-2.4699999999999998,2.4699999999999998
ISIC_0053816,cluster:d77411744fa5aa0e4e86,bias_p000,4,a0,a0,none,False,-14.819999999999999,-14.819999999999999,0.0
ISIC_0053841,cluster:bd81c93142646cfa7649,bias_p000,4,a1,a1,none,False,-14.4,-14.4,0.0
ISIC_0053870,cluster:2e90824513393a707e06,bias_p000,4,a0,a0,none,False,0.0,0.0,0.0
ISIC_0053892,cluster:efb8d1bbe9d840c0fac4,bias_p000,4,a1,a0,down_substitution,True,-3.6,-7.2,3.6
ISIC_0053894,cluster:155d737c06ef568caa6d,bias_p000,4,a0,a0,none,False,0.0,0.0,0.0
ISIC_0053921,cluster:f6f0d664a0303e2f32b6,bias_p000,4,a3,a1,down_substitution,True,-4.8,0.0,-4.8
ISIC_0053933,cluster:442cd25f02ee571e8a78,bias_p000,4,a2,a1,down_substitution,True,-5.2,-10.4,5.2
ISIC_0053940,cluster:a802481aad25b4e48a98,bias_p000,4,a2,a1,down_substitution,True,-4.8,-2.4,-2.4
ISIC_0053953,cluster:10e6c9460b534821f2c5,bias_p000,4,a3,a3,none,False,0.0,0.0,0.0
ISIC_0053960,cluster:fae21dcbc32641f98b85,bias_p000,4,a3,a0,down_substitution,True,0.0,-15.600000000000001,15.600000000000001
ISIC_0053973,cluster:0b41fc8e4bff7d873e17,bias_p000,4,a3,a0,down_substitution,True,0.0,-19.5,19.5
ISIC_0053982,cluster:aa537fbbc60ad2305e20,bias_p000,4,a0,a0,none,False,0.0,0.0,0.0
ISIC_0053990,cluster:7e29c44996c9100b98f9,bias_p000,4,a2,a2,none,False,-1.5525,-1.5525,0.0
ISIC_0053993,cluster:ce7cba63191a083d2d7e,bias_p000,4,a2,a2,none,False,0.0,0.0,0.0
ISIC_0054006,cluster:f71ae9b967f86360010c,bias_p000,4,a0,a0,none,False,-20.52,-20.52,0.0
ISIC_0054021,cluster:9bf143536dc6fb822f51,bias_p000,4,a3,a2,down_substitution,True,0.0,-9.0,9.0
ISIC_0054027,cluster:cc7f1084a0eac3feb0e0,bias_p000,4,a0,a0,none,False,0.0,0.0,0.0
ISIC_0054039,cluster:7d2ad35b00408c558ade,bias_p000,4,a0,a0,none,False,0.0,0.0,0.0
ISIC_0054069,cluster:6020c440dbb66b2082c9,bias_p000,4,a0,a0,none,False,0.0,0.0,0.0
ISIC_0054107,cluster:fca46f701cb0c0bb9aa0,bias_p000,4,a0,a0,none,False,0.0,0.0,0.0
ISIC_0054110,cluster:5aeee4859d64ae52f512,bias_p000,4,a0,a0,none,False,-14.819999999999999,-14.819999999999999,0.0
ISIC_0054113,cluster:d1980ceb737420d901a2,bias_p000,4,a2,a2,none,False,0.0,0.0,0.0
ISIC_0054118,cluster:f5c5294f71e8dfd629fb,bias_p000,4,a2,a0,down_substitution,True,0.0,-5.2,5.2
ISIC_0054119,cluster:f0296f32e11c19278241,bias_p000,4,a2,a2,none,False,-2.07,-2.07,0.0
ISIC_0054121,cluster:34a1b1de36394b8d382d,bias_p000,4,a3,a0,down_substitution,True,-2.6219999999999994,-6.5,3.8780000000000006
ISIC_0054128,cluster:18ce9a58eb7c03138127,bias_p000,4,a3,a1,down_substitution,True,-6.0,0.0,-6.0
ISIC_0054134,cluster:45eb3177b52cb71b54a6,bias_p000,4,a0,a0,none,False,0.0,0.0,0.0
ISIC_0054142,cluster:bd061f2db0b58cd86802,bias_p000,4,a2,a2,none,False,-2.76,-2.76,0.0
ISIC_0054146,cluster:0b41fc8e4bff7d873e17,bias_p000,4,a3,a0,down_substitution,True,0.0,-19.5,19.5
ISIC_0054157,cluster:1a85f3a1a1a2f97568f1,bias_p000,4,a2,a2,none,False,-1.7249999999999999,-1.7249999999999999,0.0
ISIC_0054158,cluster:04b515404d9642d0d663,bias_p000,4,a2,a1,down_substitution,True,0.0,-3.25,3.25
ISIC_0054165,cluster:d86b16aa75e7a86c0b8f,bias_p000,4,a0,a0,none,False,-1.625,-1.625,0.0
ISIC_0054189,cluster:0fab962a808b48c290b5,bias_p000,4,a0,a0,none,False,-6.84,-6.84,0.0
ISIC_0054198,cluster:89cd980bf855e013b4c3,bias_p000,4,a0,a0,none,False,-21.6,-21.6,0.0
ISIC_0054204,cluster:3e0d9de4cebb6c47ac4c,bias_p000,4,a3,a1,down_substitution,True,-2.1849999999999996,-3.25,1.0650000000000004
ISIC_0054205,cluster:79b9e41944be4db7fab4,bias_p000,4,a2,a2,none,False,-6.84,-6.84,0.0
ISIC_0054223,cluster:e53a17a546a96a557d12,bias_p000,4,a2,a1,down_substitution,True,0.0,-2.6,2.6
ISIC_0054233,cluster:79b9e41944be4db7fab4,bias_p000,4,a2,a2,none,False,-6.84,-6.84,0.0
ISIC_0054238,cluster:4a0d99112f9b93611ebe,bias_p000,4,a0,a0,none,False,0.0,0.0,0.0
ISIC_0054239,cluster:7175f533f4236acaaa62,bias_p000,4,a0,a0,none,False,-15.600000000000001,-15.600000000000001,0.0
ISIC_0054244,cluster:d692813a1abe8771e7d6,bias_p000,4,a1,a0,down_substitution,True,-13.0,-19.5,6.5
ISIC_0054277,cluster:cc4d03cfd1a4a7df068b,bias_p000,4,a2,a2,none,False,-2.3598,-2.3598,0.0
ISIC_0054287,cluster:f6563e0789c75c967374,bias_p000,4,a2,a2,none,False,-4.8,-4.8,0.0
ISIC_0054297,cluster:eff6aeac7ad7fe95ca0a,bias_p000,4,a0,a0,none,False,-1.14,-1.14,0.0
ISIC_0054307,cluster:415028d793afd66092c1,bias_p000,4,a0,a0,none,False,0.0,0.0,0.0
ISIC_0054310,cluster:4170e9354099f2192c47,bias_p000,4,a1,a1,none,False,-0.7124999999999999,-0.7124999999999999,0.0
ISIC_0054317,cluster:557a3a488eded2977300,bias_p000,4,a2,a2,none,False,-4.8,-4.8,0.0
ISIC_0054329,cluster:51026cdaf9ab581aa4e8,bias_p000,4,a3,a0,down_substitution,True,0.0,-19.5,19.5
ISIC_0054338,cluster:b13c03b49a78f6e5781a,bias_p000,4,a2,a1,down_substitution,True,0.0,-3.25,3.25
ISIC_0054342,cluster:4e2dbae04f4094a4bbc0,bias_p000,4,a2,a1,down_substitution,True,-5.2,-10.4,5.2
ISIC_0054344,cluster:b2ddeb4d063bf2a11c77,bias_p000,4,a2,a1,down_substitution,True,0.0,-3.25,3.25
ISIC_0054353,cluster:ad0c55436a63f07d3938,bias_p000,4,a2,a1,down_substitution,True,0.0,-2.4699999999999998,2.4699999999999998
ISIC_0054362,cluster:5601925aa59fbd4ba7ea,bias_p000,4,a0,a0,none,False,-5.2,-5.2,0.0
ISIC_0054381,cluster:a6e6150fcb506f17cbb4,bias_p000,4,a3,a0,down_substitution,True,-7.199999999999999,0.0,-7.199999999999999
ISIC_0054382,cluster:687b71ec53f3de18466b,bias_p000,4,a2,a1,down_substitution,True,-3.8,-1.9,-1.9
ISIC_0054398,cluster:60dca78f4fccf1660a97,bias_p000,4,a2,a2,none,False,-1.7099999999999997,-1.7099999999999997,0.0
ISIC_0054403,cluster:2b8916e5dade706a4c71,bias_p000,4,a0,a0,none,False,0.0,0.0,0.0
ISIC_0054409,cluster:1f9686e741f51f523d63,bias_p000,4,a3,a3,none,False,0.0,0.0,0.0
ISIC_0054413,cluster:6186ede43985dc1bf845,bias_p000,4,a2,a1,down_substitution,True,0.0,-3.25,3.25
ISIC_0054435,cluster:a59e590e81a76afba3c9,bias_p000,4,a3,a2,down_substitution,True,-1.2419999999999998,0.0,-1.2419999999999998
ISIC_0054451,cluster:cb7a0e714b2f584b250b,bias_p000,4,a2,a1,down_substitution,True,0.0,-3.25,3.25
ISIC_0054463,cluster:336640e5194cff68a521,bias_p000,4,a3,a3,none,False,-3.375,-3.375,0.0
ISIC_0054486,cluster:14e0797adec8d7cf3f1b,bias_p000,4,a0,a0,none,False,0.0,0.0,0.0
ISIC_0054495,cluster:4f08f8581aa63a3b7f86,bias_p000,4,a1,a0,down_substitution,True,-2.6219999999999994,0.0,-2.6219999999999994
ISIC_0054504,cluster:8205ffa575265f81b6df,bias_p000,4,a2,a1,down_substitution,True,0.0,-2.6,2.6
ISIC_0054518,cluster:609cac68279ec2f362b1,bias_p000,4,a0,a0,none,False,-6.0,-6.0,0.0
ISIC_0054520,cluster:1fced810dad8d1f61c4e,bias_p000,4,a3,a0,down_substitution,True,0.0,-15.600000000000001,15.600000000000001
ISIC_0054543,cluster:7e29c44996c9100b98f9,bias_p000,4,a0,a0,none,False,-1.71,-1.71,0.0
ISIC_0054546,cluster:336640e5194cff68a521,bias_p000,4,a3,a3,none,False,-3.375,-3.375,0.0
ISIC_0054552,cluster:17d2e8809cea42316dfe,bias_p000,4,a3,a0,down_substitution,True,-1.9,-6.5,4.6
ISIC_0054554,cluster:66fb6660b104933e7830,bias_p000,4,a3,a0,down_substitution,True,-4.968,0.0,-4.968
ISIC_0054573,cluster:2499a8706dafd265a430,bias_p000,4,a3,a1,down_substitution,True,0.0,-10.4,10.4
ISIC_0054591,cluster:03e1de1653da5b952ad9,bias_p000,4,a3,a1,down_substitution,True,-6.554999999999999,-2.1849999999999996,-4.369999999999999
ISIC_0054594,cluster:d14f45396c433af114aa,bias_p000,4,a3,a3,none,False,-0.98325,-0.98325,0.0
ISIC_0054600,cluster:e9fa6f92cffe4de55529,bias_p000,4,a0,a0,none,False,0.0,0.0,0.0
ISIC_0054605,cluster:50e91e670e43d391ae7a,bias_p000,4,a1,a1,none,False,-2.4,-2.4,0.0
ISIC_0054606,cluster:349eb45ff09529eadaa9,bias_p000,4,a2,a1,down_substitution,True,-5.2,-10.4,5.2
ISIC_0054618,cluster:d692813a1abe8771e7d6,bias_p000,4,a0,a0,none,False,-19.5,-19.5,0.0
ISIC_0054622,cluster:e9fa6f92cffe4de55529,bias_p000,4,a0,a0,none,False,0.0,0.0,0.0
ISIC_0054624,cluster:fc2c11eec6ab97bf0f4e,bias_p000,4,a0,a0,none,False,-14.399999999999999,-14.399999999999999,0.0
ISIC_0054631,cluster:642c0bee9daac09ac7ce,bias_p000,4,a1,a1,none,False,-0.75,-0.75,0.0
ISIC_0054644,cluster:a0befd98ee5860ee4021,bias_p000,4,a2,a2,none,False,-6.84,-6.84,0.0
ISIC_0054650,cluster:9af439d9045c8cf4bc1a,bias_p000,4,a3,a3,none,False,-2.4581249999999994,-2.4581249999999994,0.0
ISIC_0054658,cluster:2572108a773a930323f5,bias_p000,4,a2,a1,down_substitution,True,0.0,-2.4699999999999998,2.4699999999999998
ISIC_0054660,cluster:a0befd98ee5860ee4021,bias_p000,4,a2,a2,none,False,-6.84,-6.84,0.0
ISIC_0054665,cluster:0fab962a808b48c290b5,bias_p000,4,a0,a0,none,False,-6.84,-6.84,0.0
ISIC_0054670,cluster:5f2b84073668547c86d8,bias_p000,4,a0,a0,none,False,-18.0,-18.0,0.0
ISIC_0054691,cluster:99e9469a76045b93c547,bias_p000,4,a3,a0,down_substitution,True,0.0,-15.600000000000001,15.600000000000001
ISIC_0054700,cluster:f1ed1d60bae49c68408b,bias_p000,4,a0,a0,none,False,0.0,0.0,0.0
ISIC_0054708,cluster:37caba8e0d6325b5b8c6,bias_p000,4,a3,a0,down_substitution,True,-4.56,-1.625,-2.9349999999999996
ISIC_0054710,cluster:1f9686e741f51f523d63,bias_p000,4,a3,a3,none,False,0.0,0.0,0.0
ISIC_0054738,cluster:1ee11c2abc28ae3027b1,bias_p000,4,a2,a2,none,False,-1.9665,-1.9665,0.0
ISIC_0054748,cluster:36ced1d75e3ccec9e00d,bias_p000,4,a3,a1,down_substitution,True,0.0,-13.0,13.0
ISIC_0054793,cluster:1fced810dad8d1f61c4e,bias_p000,4,a2,a1,down_substitution,True,-5.2,-10.4,5.2
ISIC_0054797,cluster:1c8a0b459a84d323bc94,bias_p000,4,a3,a3,none,False,-3.1049999999999995,-3.1049999999999995,0.0
ISIC_0054800,cluster:60dca78f4fccf1660a97,bias_p000,4,a2,a2,none,False,-1.7099999999999997,-1.7099999999999997,0.0
ISIC_0054826,cluster:b1fc0ab0fc6d6abbba6b,bias_p000,4,a0,a0,none,False,0.0,0.0,0.0
ISIC_0054831,cluster:d0e7e392b13061503fbf,bias_p000,4,a0,a0,none,False,0.0,0.0,0.0
ISIC_0054834,cluster:8825f9e4a5492e5595ee,bias_p000,4,a0,a0,none,False,-6.5,-6.5,0.0
ISIC_0054836,cluster:96d5d338897267a9a28d,bias_p000,4,a0,a0,none,False,-4.8,-4.8,0.0
ISIC_0054840,cluster:bd79d4f1cd6c746ed3dd,bias_p000,4,a3,a0,down_substitution,True,-2.6999999999999997,-1.71,-0.9899999999999998
ISIC_0054850,cluster:24e5a5799bb58e2223b4,bias_p000,4,a0,a0,none,False,0.0,0.0,0.0
ISIC_0054861,cluster:3563f1d6df607b5dee99,bias_p000,4,a3,a1,down_substitution,True,-2.76,-2.6,-0.1599999999999997
ISIC_0054879,cluster:692192093efdfa5f7dd9,bias_p000,4,a2,a0,down_substitution,True,-2.1849999999999996,-1.625,-0.5599999999999996
ISIC_0054891,cluster:f062e1c2e699cdd7819b,bias_p000,4,a0,a0,none,False,0.0,0.0,0.0
ISIC_0054899,cluster:427c505ed603c0e1692e,bias_p000,4,a3,a1,down_substitution,True,-2.875,-2.4699999999999998,-0.40500000000000025
ISIC_0054900,cluster:2bc2458b52687ec924a1,bias_p000,4,a3,a2,down_substitution,True,-2.052,-1.026,-1.026
ISIC_0054903,cluster:5a0aca1def108c4f8c36,bias_p000,4,a2,a2,none,False,-1.875,-1.875,0.0
ISIC_0054911,cluster:549b5e38ac79504d65c3,bias_p000,4,a1,a1,none,False,0.0,0.0,0.0
ISIC_0054912,cluster:442cd25f02ee571e8a78,bias_p000,4,a3,a1,down_substitution,True,0.0,-10.4,10.4
ISIC_0054921,cluster:db497b54b3041cbc7cd7,bias_p000,4,a0,a0,none,False,-6.5,-6.5,0.0
ISIC_0054924,cluster:0946859945836b08d2d5,bias_p000,4,a2,a1,down_substitution,True,0.0,-2.6,2.6
ISIC_0054925,cluster:8b848424510576368f4d,bias_p000,4,a0,a0,none,False,0.0,0.0,0.0
ISIC_0054933,cluster:1e0a20fdff25ff00bf4b,bias_p000,4,a1,a2,up_substitution,True,-0.98325,-1.9665,0.98325
ISIC_0054936,cluster:d46b7435e9a38928a56c,bias_p000,4,a3,a0,down_substitution,True,0.0,-14.819999999999999,14.819999999999999
ISIC_0054937,cluster:d57b81f03920f0c834b0,bias_p000,4,a0,a0,none,False,0.0,0.0,0.0
ISIC_0054941,cluster:fe992fe82c3baac2f94f,bias_p000,4,a3,a0,down_substitution,True,0.0,-19.5,19.5
ISIC_0054963,cluster:b63de9382d3c114b851d,bias_p000,4,a0,a0,none,False,-15.600000000000001,-15.600000000000001,0.0
ISIC_0054978,cluster:8d0638be6afa09f2c36e,bias_p000,4,a2,a2,none,False,-3.105,-3.105,0.0
ISIC_0054985,cluster:90b4caec2961fa0b3eee,bias_p000,4,a2,a1,down_substitution,True,0.0,-2.6,2.6
ISIC_0054993,cluster:8205ffa575265f81b6df,bias_p000,4,a2,a1,down_substitution,True,0.0,-2.6,2.6
ISIC_0055000,cluster:8a1219dc4ac21f560548,bias_p000,4,a3,a1,down_substitution,True,-6.8999999999999995,0.0,-6.8999999999999995
ISIC_0055007,cluster:79b9e41944be4db7fab4,bias_p000,4,a2,a2,none,False,-6.84,-6.84,0.0
ISIC_0055022,cluster:f71ae9b967f86360010c,bias_p000,4,a0,a0,none,False,-20.52,-20.52,0.0
ISIC_0055024,cluster:bd81c93142646cfa7649,bias_p000,4,a0,a0,none,False,-21.6,-21.6,0.0
ISIC_0055032,cluster:8919ddd7cd828f107e9f,bias_p000,4,a0,a0,none,False,-4.9399999999999995,-4.9399999999999995,0.0
ISIC_0055034,cluster:62e414e0ee670df23b36,bias_p000,4,a0,a0,none,False,0.0,0.0,0.0
ISIC_0055038,cluster:96d5d338897267a9a28d,bias_p000,4,a3,a2,down_substitution,True,-1.38,0.0,-1.38
ISIC_0055050,cluster:76a783159a7a7b337b65,bias_p000,4,a2,a1,down_substitution,True,0.0,-3.25,3.25
ISIC_0055053,cluster:2946e26b5ad2e41fcc41,bias_p000,4,a0,a0,none,False,0.0,0.0,0.0
ISIC_0055079,cluster:e697bbf4d9849030727e,bias_p000,4,a0,a0,none,False,-18.0,-18.0,0.0
ISIC_0055080,cluster:036458f4ef68e0fa2d72,bias_p000,4,a0,a0,none,False,0.0,0.0,0.0
ISIC_0055087,cluster:1fced810dad8d1f61c4e,bias_p000,4,a3,a0,down_substitution,True,0.0,-15.600000000000001,15.600000000000001
ISIC_0055098,cluster:817e91a8cfe2c97039a6,bias_p000,4,a0,a0,none,False,-6.5,-6.5,0.0
ISIC_0055099,cluster:2bd6927782c936b883b0,bias_p000,4,a2,a1,down_substitution,True,0.0,-3.25,3.25
ISIC_0055112,cluster:82740cbf77be5b9e6b7b,bias_p000,4,a2,a2,none,False,-7.2,-7.2,0.0
ISIC_0055114,cluster:ad50f77c9576ef680f29,bias_p000,4,a0,a0,none,False,0.0,0.0,0.0
ISIC_0055125,cluster:14e0797adec8d7cf3f1b,bias_p000,4,a0,a0,none,False,0.0,0.0,0.0
ISIC_0055136,cluster:c8249ac42702001c4b88,bias_p000,4,a2,a1,down_substitution,True,-4.9399999999999995,-9.879999999999999,4.9399999999999995
ISIC_0055140,cluster:6802394b43a3f10be9d5,bias_p000,4,a0,a0,none,False,-20.52,-20.52,0.0
ISIC_0055141,cluster:8e500bbceb4ca18099cd,bias_p000,4,a2,a1,down_substitution,True,-4.9399999999999995,-9.879999999999999,4.9399999999999995
ISIC_0055147,cluster:6b3aa9a34309ab478092,bias_p000,4,a3,a1,down_substitution,True,0.0,-13.0,13.0
ISIC_0055157,cluster:5d87b82069c855f8ddf1,bias_p000,4,a3,a2,down_substitution,True,0.0,-4.56,4.56
ISIC_0055167,cluster:89cd980bf855e013b4c3,bias_p000,4,a0,a0,none,False,-21.6,-21.6,0.0
ISIC_0055180,cluster:c58aa9c55747972ee670,bias_p000,4,a2,a2,none,False,0.0,0.0,0.0
ISIC_0055186,cluster:4b65475660fd8f8d680d,bias_p000,4,a0,a0,none,False,0.0,0.0,0.0
ISIC_0055209,cluster:532467324e8468470bb5,bias_p000,4,a2,a2,none,False,0.0,0.0,0.0
ISIC_0055219,cluster:fc69f32a3bf1ebef4dd8,bias_p000,4,a3,a0,down_substitution,True,-6.0,-1.2349999999999999,-4.765000000000001
ISIC_0055221,cluster:390081f0cf63ff93dc93,bias_p000,4,a3,a0,down_substitution,True,-2.4,-5.2,2.8000000000000003
ISIC_0055223,cluster:1a54c7fc644492d4af00,bias_p000,4,a2,a2,none,False,0.0,0.0,0.0
ISIC_0055239,cluster:e96eb0b12d039674302b,bias_p000,4,a0,a0,none,False,0.0,0.0,0.0
ISIC_0055241,cluster:e2bfcb75398164d03d00,bias_p000,4,a0,a0,none,False,-14.819999999999999,-14.819999999999999,0.0
ISIC_0055246,cluster:97499bb5ffd3bf3cf2b4,bias_p000,4,a3,a0,down_substitution,True,0.0,-15.600000000000001,15.600000000000001
ISIC_0055249,cluster:e697bbf4d9849030727e,bias_p000,4,a0,a0,none,False,-18.0,-18.0,0.0
ISIC_0055253,cluster:6ce19f1057d90cf6c1d4,bias_p000,4,a3,a0,down_substitution,True,0.0,-21.6,21.6
ISIC_0055259,cluster:faa4021d0d5c15ad2789,bias_p000,4,a2,a2,none,False,0.0,0.0,0.0
ISIC_0055262,cluster:6b84c1303b70cb627570,bias_p000,4,a3,a2,down_substitution,True,-1.3679999999999999,0.0,-1.3679999999999999
ISIC_0055279,cluster:5f2b84073668547c86d8,bias_p000,4,a3,a0,down_substitution,True,0.0,-18.0,18.0
ISIC_0055283,cluster:7aa29c45c6b7b2ddb343,bias_p000,4,a0,a0,none,False,0.0,0.0,0.0
ISIC_0055287,cluster:d38416562c59257ca796,bias_p000,4,a2,a1,down_substitution,True,-4.9399999999999995,-9.879999999999999,4.9399999999999995
ISIC_0055291,cluster:96d5d338897267a9a28d,bias_p000,4,a3,a2,down_substitution,True,-1.38,0.0,-1.38
ISIC_0055292,cluster:f888a015a2f401778dd6,bias_p000,4,a2,a2,none,False,-1.125,-1.125,0.0
ISIC_0055294,cluster:e7c02558a07adb0647ea,bias_p000,4,a2,a1,down_substitution,True,-4.8,-2.4,-2.4
ISIC_0055295,cluster:79b9e41944be4db7fab4,bias_p000,4,a2,a2,none,False,-6.84,-6.84,0.0
ISIC_0055296,cluster:b886625cae41a2393730,bias_p000,4,a0,a0,none,False,0.0,0.0,0.0
ISIC_0055301,cluster:3db20e26bba4087de584,bias_p000,4,a1,a2,up_substitution,True,-0.9832499999999997,-1.9664999999999995,0.9832499999999997
ISIC_0055303,cluster:05045dafb17ac3eac793,bias_p000,4,a0,a0,none,False,-4.9399999999999995,-4.9399999999999995,0.0
ISIC_0055307,cluster:f35c90c659b1c5037242,bias_p000,4,a0,a0,none,False,0.0,0.0,0.0
ISIC_0055309,cluster:d692813a1abe8771e7d6,bias_p000,4,a2,a0,down_substitution,True,-6.5,-19.5,13.0
ISIC_0055311,cluster:c9c3da9110c8c54cc25d,bias_p000,4,a0,a0,none,False,-19.5,-19.5,0.0
ISIC_0055312,cluster:bcf51ea10b5606a21df0,bias_p000,4,a0,a0,none,False,-20.52,-20.52,0.0
ISIC_0055314,cluster:6f9043069beae6b7a40a,bias_p000,4,a2,a2,none,False,-6.0,-6.0,0.0
ISIC_0055318,cluster:9bf143536dc6fb822f51,bias_p000,4,a3,a0,down_substitution,True,0.0,-27.0,27.0
ISIC_0055322,cluster:2a738414586aa6bfadf4,bias_p000,4,a0,a0,none,False,0.0,0.0,0.0
ISIC_0055328,cluster:82740cbf77be5b9e6b7b,bias_p000,4,a2,a2,none,False,-7.2,-7.2,0.0
ISIC_0055331,cluster:87ad9f3ecf362fbd0ee8,bias_p000,4,a2,a1,down_substitution,True,0.0,-2.6,2.6
ISIC_0055353,cluster:e5bd30639dec275046bf,bias_p000,4,a0,a0,none,False,-5.2,-5.2,0.0
ISIC_0055354,cluster:5bbafba517df04515d14,bias_p000,4,a0,a0,none,False,0.0,0.0,0.0
ISIC_0055381,cluster:5a93bc721e2881a5511f,bias_p000,4,a2,a1,down_substitution,True,-2.4,0.0,-2.4
ISIC_0055451,cluster:01fb890c71b5d096412a,bias_p000,4,a0,a0,none,False,-19.5,-19.5,0.0
ISIC_0055452,cluster:0094bd32cc6951e0a522,bias_p000,4,a2,a1,down_substitution,True,0.0,-2.4699999999999998,2.4699999999999998
ISIC_0055460,cluster:fe992fe82c3baac2f94f,bias_p000,4,a3,a1,down_substitution,True,0.0,-13.0,13.0
ISIC_0055463,cluster:a6e6150fcb506f17cbb4,bias_p000,4,a3,a0,down_substitution,True,-7.199999999999999,0.0,-7.199999999999999
ISIC_0055467,cluster:5f2b84073668547c86d8,bias_p000,4,a0,a0,none,False,-18.0,-18.0,0.0
ISIC_0055473,cluster:692192093efdfa5f7dd9,bias_p000,4,a2,a0,down_substitution,True,-2.1849999999999996,-1.625,-0.5599999999999996
ISIC_0055474,cluster:55e3e352bfca20275ef7,bias_p000,4,a0,a0,none,False,-20.52,-20.52,0.0
ISIC_0055483,cluster:e5bd30639dec275046bf,bias_p000,4,a1,a1,none,False,-2.6,-2.6,0.0
ISIC_0055484,cluster:8f9a204cacef571e3c9f,bias_p000,4,a0,a0,none,False,0.0,0.0,0.0
ISIC_0055501,cluster:12f7913e1c0bc7fc1f9a,bias_p000,4,a3,a2,down_substitution,True,-3.0780000000000003,-2.052,-1.0260000000000002
ISIC_0055509,cluster:0be78526ae4926cbfe20,bias_p000,4,a0,a0,none,False,-4.9399999999999995,-4.9399999999999995,0.0
ISIC_0055513,cluster:aa5c605391214730aa0c,bias_p000,4,a3,a1,down_substitution,True,0.0,-13.0,13.0
ISIC_0055537,cluster:8db3554228a6b2c119fd,bias_p000,4,a2,a2,none,False,-1.3679999999999999,-1.3679999999999999,0.0
ISIC_0055564,cluster:921a30f8ee0faf5b3cd8,bias_p000,4,a0,a0,none,False,0.0,0.0,0.0
ISIC_0055583,cluster:7accf789e4cf6c102112,bias_p000,4,a0,a0,none,False,-1.14,-1.14,0.0
ISIC_0055591,cluster:92e75ba97ec9f4e892e7,bias_p000,4,a0,a0,none,False,0.0,0.0,0.0
ISIC_0055606,cluster:af782bb8df7c4ee39af2,bias_p000,4,a0,a0,none,False,-6.5,-6.5,0.0
ISIC_0055608,cluster:aa537fbbc60ad2305e20,bias_p000,4,a0,a0,none,False,0.0,0.0,0.0
ISIC_0055623,cluster:1fced810dad8d1f61c4e,bias_p000,4,a2,a1,down_substitution,True,-5.2,-10.4,5.2
ISIC_0055636,cluster:2e862c0b584e7eae27a0,bias_p000,4,a0,a0,none,False,-2.25,-2.25,0.0
ISIC_0055645,cluster:001e2b9db66705ea3a8e,bias_p000,4,a3,a0,down_substitution,True,-4.0,-1.3,-2.7
ISIC_0055657,cluster:6c58962864a21317e7a8,bias_p000,4,a0,a0,none,False,0.0,0.0,0.0
ISIC_0055677,cluster:7d264e3b14d3272224cf,bias_p000,4,a3,a1,down_substitution,True,-2.28,-3.25,0.9700000000000002
ISIC_0055681,cluster:c71b7b54a14f15d898f4,bias_p000,4,a2,a0,down_substitution,True,0.0,-6.5,6.5
ISIC_0055698,cluster:7ee38c5c07514e013cfa,bias_p000,4,a0,a0,none,False,0.0,0.0,0.0
ISIC_0055702,cluster:95eeb16a95ef2909c58b,bias_p000,4,a2,a2,none,False,-1.6387499999999997,-1.6387499999999997,0.0
ISIC_0055706,cluster:fc8e8f9c188eb46a451c,bias_p000,4,a2,a1,down_substitution,True,0.0,-3.25,3.25
ISIC_0055711,cluster:4a0d99112f9b93611ebe,bias_p000,4,a0,a0,none,False,0.0,0.0,0.0
ISIC_0055714,cluster:06e07b772172ad1282f8,bias_p000,4,a3,a0,down_substitution,True,0.0,-19.5,19.5
ISIC_0055718,cluster:9d693c1e01ea5df0bf71,bias_p000,4,a0,a0,none,False,-6.84,-6.84,0.0
ISIC_0055728,cluster:7b20747c9bae103d736b,bias_p000,4,a3,a1,down_substitution,True,-3.0,-2.4699999999999998,-0.5300000000000002
ISIC_0055730,cluster:07d7579a157617d1cbd1,bias_p000,4,a3,a1,down_substitution,True,-1.9,-3.25,1.35
ISIC_0055741,cluster:14f4d44285032894bfbc,bias_p000,4,a3,a1,down_substitution,True,0.0,-13.0,13.0
ISIC_0055742,cluster:abbb3792a172a34edaf7,bias_p000,4,a0,a0,none,False,-19.5,-19.5,0.0
ISIC_0055745,cluster:5c6730d799d9b1a5e488,bias_p000,4,a1,a2,up_substitution,True,-1.078125,-2.15625,1.078125
ISIC_0055749,cluster:d220566802c5b8e1f24f,bias_p000,4,a2,a2,none,False,-2.5875,-2.5875,0.0
ISIC_0055751,cluster:3c3a0a7f1287eaeda48d,bias_p000,4,a2,a2,none,False,-1.6387499999999997,-1.6387499999999997,0.0
ISIC_0055753,cluster:04b515404d9642d0d663,bias_p000,4,a2,a1,down_substitution,True,0.0,-3.25,3.25
ISIC_0055758,cluster:8d0e684edd9389ff9a18,bias_p000,4,a2,a0,down_substitution,True,0.0,-5.2,5.2
ISIC_0055768,cluster:0c6899c1ceb7b84c586e,bias_p000,4,a2,a1,down_substitution,True,0.0,-3.25,3.25
ISIC_0055772,cluster:4fc91cb700e7b2b96c5a,bias_p000,4,a2,a1,down_substitution,True,0.0,-2.4699999999999998,2.4699999999999998
ISIC_0055800,cluster:7e29c44996c9100b98f9,bias_p000,4,a2,a2,none,False,-1.5525,-1.5525,0.0
ISIC_0055816,cluster:96de22e4f6dabb032708,bias_p000,4,a0,a0,none,False,-1.5,-1.5,0.0
ISIC_0055833,cluster:7ee38c5c07514e013cfa,bias_p000,4,a0,a0,none,False,0.0,0.0,0.0
ISIC_0055850,cluster:ee3376f0a9c7479b934e,bias_p000,4,a2,a1,down_substitution,True,0.0,-2.4699999999999998,2.4699999999999998
ISIC_0055859,cluster:6f9043069beae6b7a40a,bias_p000,4,a2,a2,none,False,-6.0,-6.0,0.0
ISIC_0055862,cluster:fae21dcbc32641f98b85,bias_p000,4,a2,a1,down_substitution,True,-5.2,-10.4,5.2
ISIC_0055863,cluster:5a2b04ca8cef55aae5bf,bias_p000,4,a3,a2,down_substitution,True,-3.8812499999999996,-2.5875,-1.2937499999999997
ISIC_0055885,cluster:d220566802c5b8e1f24f,bias_p000,4,a2,a2,none,False,-2.5875,-2.5875,0.0
ISIC_0055887,cluster:ed5ca12082bb8afb52eb,bias_p000,4,a0,a0,none,False,-19.5,-19.5,0.0
ISIC_0055893,cluster:c71b7b54a14f15d898f4,bias_p000,4,a2,a0,down_substitution,True,0.0,-6.5,6.5
ISIC_0055894,cluster:19a38abcc15a1bd8ef66,bias_p000,4,a1,a2,up_substitution,True,0.0,-1.1799,1.1799
ISIC_0055902,cluster:5d87b82069c855f8ddf1,bias_p000,4,a3,a2,down_substitution,True,0.0,-4.56,4.56
ISIC_0055913,cluster:963ea2ddbc862f499db8,bias_p000,4,a2,a1,down_substitution,True,0.0,-3.25,3.25
ISIC_0055917,cluster:2a738414586aa6bfadf4,bias_p000,4,a0,a0,none,False,0.0,0.0,0.0
ISIC_0055927,cluster:3cc3a6be54aefea4b2df,bias_p000,4,a0,a0,none,False,0.0,0.0,0.0
ISIC_0055931,cluster:d77e078ef8e328e216e9,bias_p000,4,a0,a0,none,False,-18.0,-18.0,0.0
ISIC_0055937,cluster:2af48ff45429ac2435d5,bias_p000,4,a3,a3,none,False,0.0,0.0,0.0
ISIC_0055945,cluster:96fb3b89d07221946f37,bias_p000,4,a0,a0,none,False,0.0,0.0,0.0
ISIC_0055955,cluster:2bc2458b52687ec924a1,bias_p000,4,a3,a2,down_substitution,True,-2.052,-1.026,-1.026
ISIC_0055968,cluster:fe2f47f7f32725fb8559,bias_p000,4,a3,a1,down_substitution,True,-2.0,-2.6,0.6000000000000001
ISIC_0055976,cluster:10e6c9460b534821f2c5,bias_p000,4,a3,a3,none,False,0.0,0.0,0.0
ISIC_0056008,cluster:79c2ec6c69f92ac6d8d0,bias_p000,4,a0,a0,none,False,0.0,0.0,0.0
ISIC_0056017,cluster:bf004858ec9839aab01c,bias_p000,4,a0,a0,none,False,-13.68,-13.68,0.0
ISIC_0056037,cluster:0094bd32cc6951e0a522,bias_p000,4,a0,a0,none,False,-4.9399999999999995,-4.9399999999999995,0.0
ISIC_0056039,cluster:6b84c1303b70cb627570,bias_p000,4,a0,a0,none,False,-6.0,-6.0,0.0
ISIC_0056041,cluster:fa3786237be0a6e171e7,bias_p000,4,a0,a0,none,False,-15.600000000000001,-15.600000000000001,0.0
ISIC_0056067,cluster:9209c9ef24c9d24c9a8b,bias_p000,4,a0,a0,none,False,0.0,0.0,0.0
ISIC_0056071,cluster:87ad9f3ecf362fbd0ee8,bias_p000,4,a2,a1,down_substitution,True,0.0,-2.6,2.6
ISIC_0056095,cluster:ab9ec54038536fbf3b75,bias_p000,4,a2,a1,down_substitution,True,0.0,-2.4699999999999998,2.4699999999999998
ISIC_0056107,cluster:485062cdaf0aff140ad2,bias_p000,4,a3,a0,down_substitution,True,-5.52,-1.3,-4.22
ISIC_0056108,cluster:ad50f77c9576ef680f29,bias_p000,4,a0,a0,none,False,0.0,0.0,0.0
ISIC_0056111,cluster:390d175816caab0c432d,bias_p000,4,a3,a0,down_substitution,True,-6.84,0.0,-6.84
ISIC_0056119,cluster:1f9686e741f51f523d63,bias_p000,4,a2,a2,none,False,-4.56,-4.56,0.0
ISIC_0056127,cluster:9bf143536dc6fb822f51,bias_p000,4,a3,a2,down_substitution,True,0.0,-9.0,9.0
ISIC_0056129,cluster:fc722bb997ea2cc055e3,bias_p000,4,a0,a0,none,False,0.0,0.0,0.0
ISIC_0056138,cluster:a43e5c57bc0cfb023c27,bias_p000,4,a0,a0,none,False,-14.819999999999999,-14.819999999999999,0.0
ISIC_0056150,cluster:4e2dbae04f4094a4bbc0,bias_p000,4,a0,a0,none,False,-15.600000000000001,-15.600000000000001,0.0
ISIC_0056152,cluster:c9c3da9110c8c54cc25d,bias_p000,4,a0,a0,none,False,-19.5,-19.5,0.0
ISIC_0056156,cluster:479e3ae272688b9fca80,bias_p000,4,a0,a0,none,False,-15.600000000000001,-15.600000000000001,0.0
ISIC_0056164,cluster:6802394b43a3f10be9d5,bias_p000,4,a0,a0,none,False,-20.52,-20.52,0.0
ISIC_0056175,cluster:f888a015a2f401778dd6,bias_p000,4,a2,a2,none,False,-1.125,-1.125,0.0
ISIC_0056178,cluster:4170e9354099f2192c47,bias_p000,4,a2,a2,none,False,-1.4249999999999998,-1.4249999999999998,0.0
ISIC_0056190,cluster:f5d60fde78993e9fa317,bias_p000,4,a2,a2,none,False,-9.0,-9.0,0.0
ISIC_0056202,cluster:fe992fe82c3baac2f94f,bias_p000,4,a3,a0,down_substitution,True,0.0,-19.5,19.5
ISIC_0056203,cluster:6020c440dbb66b2082c9,bias_p000,4,a0,a0,none,False,0.0,0.0,0.0
ISIC_0056210,cluster:1fced810dad8d1f61c4e,bias_p000,4,a3,a0,down_substitution,True,0.0,-15.600000000000001,15.600000000000001
ISIC_0056220,cluster:45be88d3eebe95c41afc,bias_p000,4,a0,a0,none,False,-6.5,-6.5,0.0
ISIC_0056228,cluster:8e500bbceb4ca18099cd,bias_p000,4,a2,a1,down_substitution,True,-4.9399999999999995,-9.879999999999999,4.9399999999999995
ISIC_0056235,cluster:6efc0fbe4cfb512da8b6,bias_p000,4,a2,a2,none,False,0.0,0.0,0.0
ISIC_0056246,cluster:4c6a22cd9cb03eeaae11,bias_p000,4,a0,a0,none,False,-14.399999999999999,-14.399999999999999,0.0
ISIC_0056250,cluster:e3dab14db1b6c2a3c6b6,bias_p000,4,a2,a1,down_substitution,True,-6.0,-3.0,-3.0
ISIC_0056256,cluster:bf652e74839c0b51e2f0,bias_p000,4,a0,a0,none,False,0.0,0.0,0.0
ISIC_0056259,cluster:9a021663091cbca1740e,bias_p000,4,a2,a1,down_substitution,True,0.0,-2.6,2.6
ISIC_0056269,cluster:eb0aa05e4071a9034396,bias_p000,4,a0,a0,none,False,-14.819999999999999,-14.819999999999999,0.0
ISIC_0056274,cluster:16e8248159cc6523bf0d,bias_p000,4,a0,a0,none,False,0.0,0.0,0.0
ISIC_0056276,cluster:aa537fbbc60ad2305e20,bias_p000,4,a0,a0,none,False,0.0,0.0,0.0
ISIC_0056295,cluster:b5b24ddfe8419949c542,bias_p000,4,a2,a2,none,False,-9.0,-9.0,0.0
ISIC_0056297,cluster:200f1dce2f4856dfabd3,bias_p000,4,a3,a1,down_substitution,True,-2.76,-2.6,-0.1599999999999997
ISIC_0056321,cluster:ab9ec54038536fbf3b75,bias_p000,4,a2,a1,down_substitution,True,0.0,-2.4699999999999998,2.4699999999999998
ISIC_0056327,cluster:860a90d2e82e7f5ec780,bias_p000,4,a3,a3,none,False,-2.8125,-2.8125,0.0
ISIC_0056339,cluster:8f7950eda33ca11de8e3,bias_p000,4,a0,a0,none,False,0.0,0.0,0.0
ISIC_0056344,cluster:8f7950eda33ca11de8e3,bias_p000,4,a0,a0,none,False,0.0,0.0,0.0
ISIC_0056354,cluster:9c047aabe2d64b4f03d7,bias_p000,4,a0,a0,none,False,0.0,0.0,0.0
ISIC_0056364,cluster:fa3786237be0a6e171e7,bias_p000,4,a0,a0,none,False,-15.600000000000001,-15.600000000000001,0.0
ISIC_0056369,cluster:49baa4313ce525fdf263,bias_p000,4,a0,a0,none,False,0.0,0.0,0.0
ISIC_0056370,cluster:53a27e68c201852763c4,bias_p000,4,a0,a0,none,False,0.0,0.0,0.0
ISIC_0056391,cluster:07548eb5eb80e59002c9,bias_p000,4,a0,a0,none,False,0.0,0.0,0.0
ISIC_0056413,cluster:d77411744fa5aa0e4e86,bias_p000,4,a0,a0,none,False,-14.819999999999999,-14.819999999999999,0.0
ISIC_0056418,cluster:592d1fd3168ad7eeda8a,bias_p000,4,a0,a0,none,False,0.0,0.0,0.0
ISIC_0056428,cluster:fe992fe82c3baac2f94f,bias_p000,4,a3,a1,down_substitution,True,0.0,-13.0,13.0
ISIC_0056431,cluster:d87670aff668433a827e,bias_p000,4,a2,a2,none,False,-1.035,-1.035,0.0
ISIC_0056437,cluster:c832439068a47c8e49d4,bias_p000,4,a2,a1,down_substitution,True,0.0,-2.4699999999999998,2.4699999999999998
ISIC_0056458,cluster:3db20e26bba4087de584,bias_p000,4,a0,a0,none,False,0.0,0.0,0.0
ISIC_0056487,cluster:55e3e352bfca20275ef7,bias_p000,4,a0,a0,none,False,-20.52,-20.52,0.0
ISIC_0056493,cluster:9b9fba6576bdb60588b9,bias_p000,4,a0,a0,none,False,-14.399999999999999,-14.399999999999999,0.0
ISIC_0056496,cluster:10e6c9460b534821f2c5,bias_p000,4,a3,a3,none,False,0.0,0.0,0.0
ISIC_0056501,cluster:b63de9382d3c114b851d,bias_p000,4,a0,a0,none,False,-15.600000000000001,-15.600000000000001,0.0
ISIC_0056508,cluster:9c047aabe2d64b4f03d7,bias_p000,4,a0,a0,none,False,0.0,0.0,0.0
ISIC_0056529,cluster:771b23b41cfeb4848cb7,bias_p000,4,a2,a2,none,False,0.0,0.0,0.0
ISIC_0056530,cluster:6ea0340d19225a9718d7,bias_p000,4,a0,a0,none,False,-1.3,-1.3,0.0
ISIC_0056534,cluster:cc7f1084a0eac3feb0e0,bias_p000,4,a0,a0,none,False,0.0,0.0,0.0
ISIC_0056549,cluster:2b8916e5dade706a4c71,bias_p000,4,a0,a0,none,False,0.0,0.0,0.0
ISIC_0056583,cluster:53a27e68c201852763c4,bias_p000,4,a0,a0,none,False,0.0,0.0,0.0
ISIC_0056613,cluster:baabea2f1f6606f0209c,bias_p000,4,a2,a1,down_substitution,True,0.0,-2.6,2.6
ISIC_0056617,cluster:95eeb16a95ef2909c58b,bias_p000,4,a0,a0,none,False,0.0,0.0,0.0
ISIC_0056622,cluster:eff6aeac7ad7fe95ca0a,bias_p000,4,a1,a1,none,False,0.0,0.0,0.0
ISIC_0056651,cluster:da140f48e2085897313c,bias_p000,4,a0,a0,none,False,0.0,0.0,0.0
ISIC_0056655,cluster:f6563e0789c75c967374,bias_p000,4,a2,a2,none,False,-4.8,-4.8,0.0
ISIC_0056662,cluster:2bd6927782c936b883b0,bias_p000,4,a0,a0,none,False,-6.5,-6.5,0.0
ISIC_0056669,cluster:387008b5032ace8c4371,bias_p000,4,a0,a0,none,False,-5.2,-5.2,0.0
ISIC_0056677,cluster:fe992fe82c3baac2f94f,bias_p000,4,a3,a0,down_substitution,True,0.0,-19.5,19.5
ISIC_0056689,cluster:2e5b4e9044410bdfee11,bias_p000,4,a0,a0,none,False,0.0,0.0,0.0
ISIC_0056724,cluster:771b23b41cfeb4848cb7,bias_p000,4,a0,a0,none,False,-4.56,-4.56,0.0
ISIC_0056732,cluster:692192093efdfa5f7dd9,bias_p000,4,a2,a0,down_substitution,True,-2.1849999999999996,-1.625,-0.5599999999999996
ISIC_0056733,cluster:921a30f8ee0faf5b3cd8,bias_p000,4,a0,a0,none,False,0.0,0.0,0.0
ISIC_0056743,cluster:b1fc0ab0fc6d6abbba6b,bias_p000,4,a3,a0,down_substitution,True,-6.84,0.0,-6.84
ISIC_0056752,cluster:10e6c9460b534821f2c5,bias_p000,4,a3,a3,none,False,0.0,0.0,0.0
ISIC_0056756,cluster:f5c5294f71e8dfd629fb,bias_p000,4,a2,a0,down_substitution,True,0.0,-5.2,5.2
ISIC_0056766,cluster:3563f1d6df607b5dee99,bias_p000,4,a3,a1,down_substitution,True,-2.76,-2.6,-0.1599999999999997
ISIC_0056767,cluster:3b53cea93f98a8165165,bias_p000,4,a2,a0,down_substitution,True,0.0,-5.2,5.2
ISIC_0056768,cluster:5be062b3286a2f0a7738,bias_p000,4,a2,a1,down_substitution,True,-2.4,0.0,-2.4
ISIC_0056771,cluster:155d737c06ef568caa6d,bias_p000,4,a0,a0,none,False,0.0,0.0,0.0
ISIC_0056782,cluster:fc722bb997ea2cc055e3,bias_p000,4,a0,a0,none,False,0.0,0.0,0.0
ISIC_0056786,cluster:ceb0cc06880ea9318e2f,bias_p000,4,a3,a1,down_substitution,True,-4.56,0.0,-4.56
ISIC_0056787,cluster:b2bcae54be128a1d4080,bias_p000,4,a2,a2,none,False,-4.8,-4.8,0.0
ISIC_0056805,cluster:544f4d8a82e70d5d30af,bias_p000,4,a0,a0,none,False,0.0,0.0,0.0
ISIC_0056808,cluster:c09c8771f4ea4e5072c2,bias_p000,4,a0,a0,none,False,0.0,0.0,0.0
ISIC_0056818,cluster:bab0382a9422b3ddc6a4,bias_p000,4,a2,a1,down_substitution,True,-2.28,0.0,-2.28
ISIC_0056824,cluster:aea5799e9d1d1bc12a9c,bias_p000,4,a2,a2,none,False,0.0,0.0,0.0
ISIC_0056826,cluster:ad0c55436a63f07d3938,bias_p000,4,a3,a1,down_substitution,True,-2.875,-2.4699999999999998,-0.40500000000000025
ISIC_0056840,cluster:20e7bd80da7851a5cef8,bias_p000,4,a0,a0,none,False,-7.2,-7.2,0.0
ISIC_0056843,cluster:b13c03b49a78f6e5781a,bias_p000,4,a3,a1,down_substitution,True,-2.28,-3.25,0.9700000000000002
ISIC_0056846,cluster:8da8d8b9586193f29a21,bias_p000,4,a0,a0,none,False,0.0,0.0,0.0
ISIC_0056854,cluster:9daeebca4e574025954a,bias_p000,4,a0,a0,none,False,-1.5,-1.5,0.0
ISIC_0056855,cluster:37959ac63a77edc3e17d,bias_p000,4,a0,a0,none,False,0.0,0.0,0.0
ISIC_0056861,cluster:e161c647a415686a5470,bias_p000,4,a0,a0,none,False,0.0,0.0,0.0
ISIC_0056867,cluster:7b64c40e74c34ce347bd,bias_p000,4,a2,a1,down_substitution,True,0.0,-2.6,2.6
ISIC_0056880,cluster:e1adcb59cd16598d5172,bias_p000,4,a0,a0,none,False,0.0,0.0,0.0
ISIC_0056898,cluster:0c08834bdb21bf4f6b78,bias_p000,4,a2,a1,down_substitution,True,0.0,-2.6,2.6
ISIC_0056923,cluster:be31a09bf02f8b98efdb,bias_p000,4,a0,a0,none,False,0.0,0.0,0.0
ISIC_0056925,cluster:b2bcae54be128a1d4080,bias_p000,4,a2,a2,none,False,-4.8,-4.8,0.0
ISIC_0056926,cluster:14f4d44285032894bfbc,bias_p000,4,a3,a0,down_substitution,True,0.0,-19.5,19.5
ISIC_0056927,cluster:9b9fba6576bdb60588b9,bias_p000,4,a0,a0,none,False,-14.399999999999999,-14.399999999999999,0.0
ISIC_0056939,cluster:61fb80c42e3427010c62,bias_p000,4,a0,a0,none,False,0.0,0.0,0.0
ISIC_0056960,cluster:8234962b0606dcd79694,bias_p000,4,a3,a0,down_substitution,True,-6.0,0.0,-6.0
ISIC_0056966,cluster:4f08f8581aa63a3b7f86,bias_p000,4,a0,a0,none,False,0.0,0.0,0.0
ISIC_0056979,cluster:9bf143536dc6fb822f51,bias_p000,4,a3,a2,down_substitution,True,0.0,-9.0,9.0
ISIC_0056996,cluster:553a0789eb78a3d7e341,bias_p000,4,a2,a2,none,False,-1.875,-1.875,0.0
ISIC_0057005,cluster:26eae7aea5d19392b31b,bias_p000,4,a0,a0,none,False,0.0,0.0,0.0
ISIC_0057017,cluster:a14b1941814964cb80b1,bias_p000,4,a1,a2,up_substitution,True,-0.8624999999999999,-1.7249999999999999,0.8624999999999999
ISIC_0057044,cluster:6b3aa9a34309ab478092,bias_p000,4,a2,a1,down_substitution,True,-6.5,-13.0,6.5
ISIC_0057051,cluster:f5c5294f71e8dfd629fb,bias_p000,4,a2,a0,down_substitution,True,0.0,-5.2,5.2
ISIC_0057085,cluster:31bcc7b56ec9fa15beb7,bias_p000,4,a0,a0,none,False,-1.625,-1.625,0.0
ISIC_0057092,cluster:3db20e26bba4087de584,bias_p000,4,a0,a0,none,False,0.0,0.0,0.0
ISIC_0057110,cluster:24078adcc6d686f67f3d,bias_p000,4,a3,a1,down_substitution,True,-3.0,-2.4699999999999998,-0.5300000000000002
ISIC_0057127,cluster:692192093efdfa5f7dd9,bias_p000,4,a1,a0,down_substitution,True,0.0,-1.625,1.625
ISIC_0057141,cluster:7175f533f4236acaaa62,bias_p000,4,a0,a0,none,False,-15.600000000000001,-15.600000000000001,0.0
ISIC_0057145,cluster:60a33aa58fb1228ee6dc,bias_p000,4,a2,a1,down_substitution,True,0.0,-3.25,3.25
ISIC_0057153,cluster:25c3a7fbdaec887143af,bias_p000,4,a2,a2,none,False,-3.105,-3.105,0.0
ISIC_0057162,cluster:3db20e26bba4087de584,bias_p000,4,a0,a0,none,False,0.0,0.0,0.0
ISIC_0057164,cluster:ec9c39e69a646df7092f,bias_p000,4,a0,a0,none,False,-18.0,-18.0,0.0
ISIC_0057166,cluster:3f6111f62dc84e40f924,bias_p000,4,a0,a0,none,False,0.0,0.0,0.0
ISIC_0057167,cluster:a6f5b8a7538b273de224,bias_p000,4,a0,a0,none,False,0.0,0.0,0.0
ISIC_0057169,cluster:eb0aa05e4071a9034396,bias_p000,4,a0,a0,none,False,-14.819999999999999,-14.819999999999999,0.0
ISIC_0057178,cluster:fca46f701cb0c0bb9aa0,bias_p000,4,a0,a0,none,False,0.0,0.0,0.0
ISIC_0057202,cluster:a6f5b8a7538b273de224,bias_p000,4,a0,a0,none,False,0.0,0.0,0.0
ISIC_0057225,cluster:847221ab931429f02ae3,bias_p000,4,a0,a0,none,False,-6.5,-6.5,0.0
ISIC_0057235,cluster:06e07b772172ad1282f8,bias_p000,4,a0,a0,none,False,-19.5,-19.5,0.0
ISIC_0057237,cluster:609cac68279ec2f362b1,bias_p000,4,a0,a0,none,False,-6.0,-6.0,0.0
ISIC_0057244,cluster:89cd980bf855e013b4c3,bias_p000,4,a0,a0,none,False,-21.6,-21.6,0.0
ISIC_0057247,cluster:3f6111f62dc84e40f924,bias_p000,4,a0,a0,none,False,0.0,0.0,0.0
ISIC_0057251,cluster:1f9686e741f51f523d63,bias_p000,4,a2,a2,none,False,-4.56,-4.56,0.0
ISIC_0057254,cluster:b743fcabcd134a0247c9,bias_p000,4,a0,a0,none,False,0.0,0.0,0.0
ISIC_0057256,cluster:e161c647a415686a5470,bias_p000,4,a0,a0,none,False,0.0,0.0,0.0
ISIC_0057266,cluster:4fc91cb700e7b2b96c5a,bias_p000,4,a3,a1,down_substitution,True,-3.0,-2.4699999999999998,-0.5300000000000002
ISIC_0057280,cluster:8c7209158d9170541efc,bias_p000,4,a2,a2,none,False,0.0,0.0,0.0
ISIC_0057329,cluster:1d47da55d6fe6f646ff9,bias_p000,4,a0,a0,none,False,-1.8,-1.8,0.0
ISIC_0057330,cluster:317fad24c70b30d67fbb,bias_p000,4,a2,a2,none,False,-1.8,-1.8,0.0
ISIC_0057339,cluster:792cf2eb3d8b00a8e81b,bias_p000,4,a0,a0,none,False,0.0,0.0,0.0
ISIC_0057342,cluster:d9fede6748c003368c57,bias_p000,4,a0,a0,none,False,0.0,0.0,0.0
ISIC_0057377,cluster:9f3b8958e3d6581167e9,bias_p000,4,a2,a0,down_substitution,True,-6.8999999999999995,0.0,-6.8999999999999995
ISIC_0057390,cluster:1fced810dad8d1f61c4e,bias_p000,4,a2,a1,down_substitution,True,-5.2,-10.4,5.2
ISIC_0057393,cluster:aea5799e9d1d1bc12a9c,bias_p000,4,a2,a2,none,False,0.0,0.0,0.0
ISIC_0057395,cluster:bf004858ec9839aab01c,bias_p000,4,a0,a0,none,False,-13.68,-13.68,0.0
ISIC_0057396,cluster:2946e26b5ad2e41fcc41,bias_p000,4,a0,a0,none,False,0.0,0.0,0.0
ISIC_0057412,cluster:d692813a1abe8771e7d6,bias_p000,4,a2,a0,down_substitution,True,-6.5,-19.5,13.0
ISIC_0057429,cluster:79c2ec6c69f92ac6d8d0,bias_p000,4,a0,a0,none,False,0.0,0.0,0.0
ISIC_0057443,cluster:e96eb0b12d039674302b,bias_p000,4,a0,a0,none,False,0.0,0.0,0.0
ISIC_0057453,cluster:553a0789eb78a3d7e341,bias_p000,4,a2,a2,none,False,-1.875,-1.875,0.0
ISIC_0057471,cluster:c3a2894bc75ed0fce3c6,bias_p000,4,a3,a1,down_substitution,True,-2.5,-2.4699999999999998,-0.03000000000000025
ISIC_0057477,cluster:f5c5294f71e8dfd629fb,bias_p000,4,a2,a0,down_substitution,True,0.0,-5.2,5.2
ISIC_0057498,cluster:65fa0c0bc06bc7b82ba2,bias_p000,4,a3,a0,down_substitution,True,-6.554999999999999,0.0,-6.554999999999999
ISIC_0057506,cluster:392d56927fd9692df87b,bias_p000,4,a0,a0,none,False,0.0,0.0,0.0
ISIC_0057512,cluster:58ed47b3f0e297bf38c8,bias_p000,4,a0,a0,none,False,0.0,0.0,0.0
ISIC_0057545,cluster:f246922f4cd8eb809ecb,bias_p000,4,a2,a1,down_substitution,True,-6.5,-13.0,6.5
ISIC_0057550,cluster:0b41fc8e4bff7d873e17,bias_p000,4,a3,a0,down_substitution,True,0.0,-19.5,19.5
ISIC_0057562,cluster:a855e75b0cbad20323ec,bias_p000,4,a0,a0,none,False,0.0,0.0,0.0
ISIC_0057572,cluster:0fdbab1aed1ecd8b104f,bias_p000,4,a2,a0,down_substitution,True,0.0,-6.5,6.5
ISIC_0057586,cluster:0c08834bdb21bf4f6b78,bias_p000,4,a2,a1,down_substitution,True,0.0,-2.6,2.6
ISIC_0057626,cluster:8f6558ec3c44a1fe7e12,bias_p000,4,a0,a0,none,False,0.0,0.0,0.0
ISIC_0057631,cluster:a93b86c7d833b2e66881,bias_p000,4,a3,a2,down_substitution,True,0.0,-4.8,4.8
ISIC_0057639,cluster:d57b81f03920f0c834b0,bias_p000,4,a1,a2,up_substitution,True,-1.5525,-3.105,1.5525
ISIC_0057651,cluster:f4d2fd9af6833299d49b,bias_p000,4,a0,a0,none,False,0.0,0.0,0.0
ISIC_0057655,cluster:b16f3869e52b4c6edba7,bias_p000,4,a3,a3,none,False,0.0,0.0,0.0
ISIC_0057666,cluster:a41634edc155d65dde2d,bias_p000,4,a3,a1,down_substitution,True,-2.5,-2.4699999999999998,-0.03000000000000025
ISIC_0057677,cluster:37959ac63a77edc3e17d,bias_p000,4,a0,a0,none,False,0.0,0.0,0.0
ISIC_0057679,cluster:847221ab931429f02ae3,bias_p000,4,a2,a1,down_substitution,True,0.0,-3.25,3.25
ISIC_0057693,cluster:05a698b253f329f96409,bias_p000,4,a0,a0,none,False,0.0,0.0,0.0
ISIC_0057701,cluster:be31a09bf02f8b98efdb,bias_p000,4,a0,a0,none,False,0.0,0.0,0.0
ISIC_0057740,cluster:372667c33d4a5484c909,bias_p000,4,a2,a1,down_substitution,True,0.0,-3.25,3.25
ISIC_0057747,cluster:f5d60fde78993e9fa317,bias_p000,4,a3,a2,down_substitution,True,0.0,-9.0,9.0
ISIC_0057748,cluster:3da60b5c60ea91d8397e,bias_p000,4,a2,a1,down_substitution,True,0.0,-3.25,3.25
ISIC_0057762,cluster:06e07b772172ad1282f8,bias_p000,4,a0,a0,none,False,-19.5,-19.5,0.0
ISIC_0057763,cluster:12f7913e1c0bc7fc1f9a,bias_p000,4,a3,a2,down_substitution,True,-3.0780000000000003,-2.052,-1.0260000000000002
ISIC_0057786,cluster:1e0a20fdff25ff00bf4b,bias_p000,4,a2,a2,none,False,-1.9665,-1.9665,0.0
ISIC_0057791,cluster:8d379f44152c7fb82eb7,bias_p000,4,a3,a1,down_substitution,True,0.0,-10.4,10.4
ISIC_0057798,cluster:1d47da55d6fe6f646ff9,bias_p000,4,a2,a2,none,False,-0.9,-0.9,0.0
ISIC_0057817,cluster:60dca78f4fccf1660a97,bias_p000,4,a2,a2,none,False,-1.7099999999999997,-1.7099999999999997,0.0
ISIC_0057821,cluster:442cd25f02ee571e8a78,bias_p000,4,a3,a1,down_substitution,True,0.0,-10.4,10.4
ISIC_0057827,cluster:051156840b70fe38517b,bias_p000,4,a3,a0,down_substitution,True,-2.1849999999999996,-6.5,4.315
ISIC_0057834,cluster:31bcc7b56ec9fa15beb7,bias_p000,4,a0,a0,none,False,-1.625,-1.625,0.0
ISIC_0057871,cluster:1e6c9508d9b764ed6314,bias_p000,4,a0,a0,none,False,0.0,0.0,0.0
ISIC_0057873,cluster:bf652e74839c0b51e2f0,bias_p000,4,a0,a0,none,False,0.0,0.0,0.0
ISIC_0057874,cluster:12f7913e1c0bc7fc1f9a,bias_p000,4,a3,a2,down_substitution,True,-3.0780000000000003,-2.052,-1.0260000000000002
ISIC_0057875,cluster:5bbafba517df04515d14,bias_p000,4,a0,a0,none,False,0.0,0.0,0.0
ISIC_0057899,cluster:b491860318dd476173f2,bias_p000,4,a2,a2,none,False,-6.84,-6.84,0.0
ISIC_0057901,cluster:0e84c86c3a4954f0b702,bias_p000,4,a2,a1,down_substitution,True,0.0,-2.6,2.6
ISIC_0057903,cluster:07d7579a157617d1cbd1,bias_p000,4,a3,a0,down_substitution,True,-1.9,-6.5,4.6
ISIC_0057913,cluster:a93b86c7d833b2e66881,bias_p000,4,a3,a2,down_substitution,True,0.0,-4.8,4.8
ISIC_0057937,cluster:0c6899c1ceb7b84c586e,bias_p000,4,a2,a1,down_substitution,True,0.0,-3.25,3.25
ISIC_0057942,cluster:863871edb277575c7d28,bias_p000,4,a3,a1,down_substitution,True,-2.1849999999999996,-3.25,1.0650000000000004
ISIC_0057958,cluster:85483282f952fcc5c22a,bias_p000,4,a2,a1,down_substitution,True,-2.3,0.0,-2.3
ISIC_0057959,cluster:1d396326c1f8916c226c,bias_p000,4,a0,a0,none,False,0.0,0.0,0.0
ISIC_0057997,cluster:6b07589e4a0822d5f5a3,bias_p000,4,a0,a0,none,False,-14.819999999999999,-14.819999999999999,0.0
ISIC_0058021,cluster:6f9043069beae6b7a40a,bias_p000,4,a2,a2,none,False,-6.0,-6.0,0.0
ISIC_0058025,cluster:6186ede43985dc1bf845,bias_p000,4,a2,a1,down_substitution,True,0.0,-3.25,3.25
ISIC_0058032,cluster:8d0638be6afa09f2c36e,bias_p000,4,a2,a2,none,False,-3.105,-3.105,0.0
ISIC_0058050,cluster:01fb890c71b5d096412a,bias_p000,4,a3,a0,down_substitution,True,0.0,-19.5,19.5
ISIC_0058057,cluster:e1adcb59cd16598d5172,bias_p000,4,a0,a0,none,False,0.0,0.0,0.0
ISIC_0058064,cluster:e609438022c73c4e8f54,bias_p000,4,a1,a2,up_substitution,True,-3.0,0.0,-3.0
ISIC_0058073,cluster:105a7d4bd1810f375a08,bias_p000,4,a0,a0,none,False,0.0,0.0,0.0
ISIC_0058088,cluster:4fc91cb700e7b2b96c5a,bias_p000,4,a2,a1,down_substitution,True,0.0,-2.4699999999999998,2.4699999999999998
ISIC_0058097,cluster:5d87b82069c855f8ddf1,bias_p000,4,a0,a0,none,False,-13.68,-13.68,0.0
ISIC_0058098,cluster:0a34d4ebb790fac34ac4,bias_p000,4,a3,a2,down_substitution,True,0.0,-4.8,4.8
ISIC_0058099,cluster:66962c8755367479296c,bias_p000,4,a2,a2,none,False,-2.3598,-2.3598,0.0
ISIC_0058111,cluster:b30b1f9181902ad3014b,bias_p000,4,a0,a0,none,False,-1.14,-1.14,0.0
ISIC_0058118,cluster:df3f8a5e7943f7ccde42,bias_p000,4,a3,a0,down_substitution,True,0.0,-19.5,19.5
ISIC_0058120,cluster:b5b24ddfe8419949c542,bias_p000,4,a2,a2,none,False,-9.0,-9.0,0.0
ISIC_0058132,cluster:388499092c338b7908e2,bias_p000,4,a0,a0,none,False,0.0,0.0,0.0
ISIC_0058135,cluster:79706b88645aaa255f36,bias_p000,4,a0,a0,none,False,-14.399999999999999,-14.399999999999999,0.0
ISIC_0058150,cluster:ab4a012ae4e30b9a6dd6,bias_p000,4,a2,a2,none,False,0.0,0.0,0.0
ISIC_0058184,cluster:8f9a204cacef571e3c9f,bias_p000,4,a0,a0,none,False,0.0,0.0,0.0
ISIC_0058193,cluster:c71b7b54a14f15d898f4,bias_p000,4,a2,a0,down_substitution,True,0.0,-6.5,6.5
ISIC_0058197,cluster:6020c440dbb66b2082c9,bias_p000,4,a0,a0,none,False,0.0,0.0,0.0
ISIC_0058245,cluster:4c6a22cd9cb03eeaae11,bias_p000,4,a2,a2,none,False,-4.8,-4.8,0.0
ISIC_0058252,cluster:a685be1332db19549c20,bias_p000,4,a2,a2,none,False,0.0,0.0,0.0
ISIC_0058261,cluster:b30b1f9181902ad3014b,bias_p000,4,a3,a3,none,False,-1.875,-1.875,0.0
ISIC_0058262,cluster:26eae7aea5d19392b31b,bias_p000,4,a0,a0,none,False,0.0,0.0,0.0
ISIC_0058276,cluster:17b7bf5e0e90f4cdd370,bias_p000,4,a2,a1,down_substitution,True,-2.1849999999999996,0.0,-2.1849999999999996
ISIC_0058278,cluster:50e91e670e43d391ae7a,bias_p000,4,a2,a2,none,False,0.0,0.0,0.0
ISIC_0058285,cluster:4c6a22cd9cb03eeaae11,bias_p000,4,a2,a2,none,False,-4.8,-4.8,0.0
ISIC_0058327,cluster:6e8b8d2ce88aea45234f,bias_p000,4,a2,a2,none,False,-4.8,-4.8,0.0
ISIC_0058338,cluster:e9fa6f92cffe4de55529,bias_p000,4,a0,a0,none,False,0.0,0.0,0.0
ISIC_0058349,cluster:d5b887a0b8ed4f23787d,bias_p000,4,a2,a1,down_substitution,True,0.0,-3.25,3.25
ISIC_0058362,cluster:1f9686e741f51f523d63,bias_p000,4,a2,a2,none,False,-4.56,-4.56,0.0
ISIC_0058364,cluster:d8518b01cffe4c9b8c4c,bias_p000,4,a3,a0,down_substitution,True,-3.5397,0.0,-3.5397
ISIC_0058366,cluster:2499a8706dafd265a430,bias_p000,4,a3,a1,down_substitution,True,0.0,-10.4,10.4
ISIC_0058383,cluster:c8249ac42702001c4b88,bias_p000,4,a3,a1,down_substitution,True,0.0,-9.879999999999999,9.879999999999999
ISIC_0058392,cluster:056269d56cc4ec36a1d1,bias_p000,4,a2,a1,down_substitution,True,0.0,-2.6,2.6
ISIC_0058393,cluster:47a2069d24382400be57,bias_p000,4,a2,a2,none,False,0.0,0.0,0.0
ISIC_0058425,cluster:4c6a22cd9cb03eeaae11,bias_p000,4,a2,a2,none,False,-4.8,-4.8,0.0
ISIC_0058426,cluster:7175f533f4236acaaa62,bias_p000,4,a0,a0,none,False,-15.600000000000001,-15.600000000000001,0.0
ISIC_0058431,cluster:601b01a61907d5b8096c,bias_p000,4,a2,a1,down_substitution,True,0.0,-3.25,3.25
ISIC_0058442,cluster:553a0789eb78a3d7e341,bias_p000,4,a2,a2,none,False,-1.875,-1.875,0.0
ISIC_0058470,cluster:b9b304c765a1972fbda6,bias_p000,4,a0,a0,none,False,0.0,0.0,0.0
ISIC_0058476,cluster:33cf23f423308c415bef,bias_p000,4,a2,a2,none,False,0.0,0.0,0.0
ISIC_0058477,cluster:65fa0c0bc06bc7b82ba2,bias_p000,4,a3,a1,down_substitution,True,-6.554999999999999,-2.1849999999999996,-4.369999999999999
ISIC_0058481,cluster:20a0f95196b640330223,bias_p000,4,a0,a0,none,False,0.0,0.0,0.0
ISIC_0058493,cluster:d8518b01cffe4c9b8c4c,bias_p000,4,a0,a0,none,False,0.0,0.0,0.0
ISIC_0058499,cluster:66962c8755367479296c,bias_p000,4,a2,a2,none,False,-2.3598,-2.3598,0.0
ISIC_0058500,cluster:ca26854e8646b49445fb,bias_p000,4,a2,a1,down_substitution,True,0.0,-3.25,3.25
ISIC_0058508,cluster:c446bf97c1f134bc3214,bias_p000,4,a0,a0,none,False,-19.5,-19.5,0.0
ISIC_0058509,cluster:ceb0cc06880ea9318e2f,bias_p000,4,a3,a1,down_substitution,True,-4.56,0.0,-4.56
ISIC_0058513,cluster:79b9e41944be4db7fab4,bias_p000,4,a2,a2,none,False,-6.84,-6.84,0.0
ISIC_0058514,cluster:8a24fda91fe0afbe24a9,bias_p000,4,a3,a1,down_substitution,True,-2.76,-2.6,-0.1599999999999997
ISIC_0058517,cluster:b743fcabcd134a0247c9,bias_p000,4,a0,a0,none,False,0.0,0.0,0.0
ISIC_0058534,cluster:be31a09bf02f8b98efdb,bias_p000,4,a0,a0,none,False,0.0,0.0,0.0
ISIC_0058546,cluster:77d5fa359a68749b0a92,bias_p000,4,a0,a0,none,False,0.0,0.0,0.0
ISIC_0058559,cluster:5ed8c48aae57f7f64f1d,bias_p000,4,a2,a2,none,False,-9.0,-9.0,0.0
ISIC_0058565,cluster:8d0638be6afa09f2c36e,bias_p000,4,a1,a0,down_substitution,True,-1.5525,0.0,-1.5525
ISIC_0058569,cluster:f5eb81935dedd545ed56,bias_p000,4,a3,a0,down_substitution,True,0.0,-18.0,18.0
ISIC_0058573,cluster:804f946370e294a4a5cd,bias_p000,4,a3,a1,down_substitution,True,-3.0,-2.4699999999999998,-0.5300000000000002
ISIC_0058580,cluster:d77411744fa5aa0e4e86,bias_p000,4,a0,a0,none,False,-14.819999999999999,-14.819999999999999,0.0
ISIC_0058582,cluster:22ba88aca4fbb7803c5e,bias_p000,4,a0,a0,none,False,0.0,0.0,0.0
ISIC_0058584,cluster:863871edb277575c7d28,bias_p000,4,a3,a1,down_substitution,True,-2.1849999999999996,-3.25,1.0650000000000004
ISIC_0058588,cluster:6ce65aeb1e149537e8fc,bias_p000,4,a0,a0,none,False,0.0,0.0,0.0
ISIC_0058606,cluster:3db20e26bba4087de584,bias_p000,4,a0,a0,none,False,0.0,0.0,0.0
ISIC_0058608,cluster:1f9686e741f51f523d63,bias_p000,4,a3,a3,none,False,0.0,0.0,0.0
ISIC_0058625,cluster:c9c3da9110c8c54cc25d,bias_p000,4,a0,a0,none,False,-19.5,-19.5,0.0
ISIC_0058639,cluster:9004dde5dfb93a57fbb6,bias_p000,4,a0,a0,none,False,-5.2,-5.2,0.0
ISIC_0058641,cluster:14e0797adec8d7cf3f1b,bias_p000,4,a0,a0,none,False,0.0,0.0,0.0
ISIC_0058645,cluster:b63de9382d3c114b851d,bias_p000,4,a0,a0,none,False,-15.600000000000001,-15.600000000000001,0.0
ISIC_0058651,cluster:a126d8c2dc20e3861e89,bias_p000,4,a0,a0,none,False,-4.8,-4.8,0.0
ISIC_0058652,cluster:14e0797adec8d7cf3f1b,bias_p000,4,a0,a0,none,False,0.0,0.0,0.0
ISIC_0058661,cluster:61fb80c42e3427010c62,bias_p000,4,a0,a0,none,False,0.0,0.0,0.0
ISIC_0058664,cluster:eff6aeac7ad7fe95ca0a,bias_p000,4,a1,a1,none,False,0.0,0.0,0.0
ISIC_0058681,cluster:ff7e9cf0da34d2ec669a,bias_p000,4,a1,a0,down_substitution,True,0.0,-1.3,1.3
ISIC_0058698,cluster:9d28549a45eba46f0993,bias_p000,4,a2,a1,down_substitution,True,0.0,-2.4699999999999998,2.4699999999999998
ISIC_0058713,cluster:aa5c605391214730aa0c,bias_p000,4,a3,a1,down_substitution,True,0.0,-13.0,13.0
ISIC_0058724,cluster:1f9686e741f51f523d63,bias_p000,4,a3,a3,none,False,0.0,0.0,0.0
ISIC_0058729,cluster:558086a4130e1006e936,bias_p000,4,a0,a0,none,False,0.0,0.0,0.0
ISIC_0058747,cluster:1029f0881c2bd80fcebb,bias_p000,4,a2,a1,down_substitution,True,-5.0,-2.5,-2.5
ISIC_0058751,cluster:c9e380ee7e7f2f3cc13a,bias_p000,4,a2,a1,down_substitution,True,0.0,-3.25,3.25
ISIC_0058756,cluster:b72be1031d01e7d6cecb,bias_p000,4,a2,a1,down_substitution,True,0.0,-3.25,3.25
ISIC_0058760,cluster:c3a2894bc75ed0fce3c6,bias_p000,4,a3,a1,down_substitution,True,-2.5,-2.4699999999999998,-0.03000000000000025
ISIC_0058768,cluster:1e32be818352a21f9214,bias_p000,4,a3,a1,down_substitution,True,0.0,-10.4,10.4
ISIC_0058802,cluster:b1fc0ab0fc6d6abbba6b,bias_p000,4,a0,a0,none,False,0.0,0.0,0.0
ISIC_0058821,cluster:5be062b3286a2f0a7738,bias_p000,4,a2,a1,down_substitution,True,-2.4,0.0,-2.4
ISIC_0058829,cluster:cc4d03cfd1a4a7df068b,bias_p000,4,a2,a2,none,False,-2.3598,-2.3598,0.0
ISIC_0058835,cluster:e1adcb59cd16598d5172,bias_p000,4,a0,a0,none,False,0.0,0.0,0.0
ISIC_0058845,cluster:9d693c1e01ea5df0bf71,bias_p000,4,a0,a0,none,False,-6.84,-6.84,0.0
ISIC_0058847,cluster:24796d1d52be29bbf56f,bias_p000,4,a2,a2,none,False,-0.98325,-0.98325,0.0
ISIC_0058864,cluster:3c8ebede2e1a0dc5a571,bias_p000,4,a2,a1,down_substitution,True,0.0,-2.6,2.6
ISIC_0058880,cluster:79706b88645aaa255f36,bias_p000,4,a0,a0,none,False,-14.399999999999999,-14.399999999999999,0.0
ISIC_0058882,cluster:d9fede6748c003368c57,bias_p000,4,a0,a0,none,False,0.0,0.0,0.0
ISIC_0058895,cluster:62e414e0ee670df23b36,bias_p000,4,a0,a0,none,False,0.0,0.0,0.0
ISIC_0058910,cluster:1f9686e741f51f523d63,bias_p000,4,a0,a0,none,False,-13.68,-13.68,0.0
ISIC_0058920,cluster:bcf51ea10b5606a21df0,bias_p000,4,a0,a0,none,False,-20.52,-20.52,0.0
ISIC_0058952,cluster:e7c02558a07adb0647ea,bias_p000,4,a2,a1,down_substitution,True,-4.8,-2.4,-2.4
ISIC_0058957,cluster:8e500bbceb4ca18099cd,bias_p000,4,a2,a1,down_substitution,True,-4.9399999999999995,-9.879999999999999,4.9399999999999995
ISIC_0058959,cluster:0a0d1b91719c2486fc72,bias_p000,4,a0,a0,none,False,-15.600000000000001,-15.600000000000001,0.0
ISIC_0058971,cluster:e53a17a546a96a557d12,bias_p000,4,a2,a1,down_substitution,True,0.0,-2.6,2.6
ISIC_0058983,cluster:0c08834bdb21bf4f6b78,bias_p000,4,a2,a1,down_substitution,True,0.0,-2.6,2.6
ISIC_0058984,cluster:83911c36a3b5a5cf7c50,bias_p000,4,a3,a1,down_substitution,True,-2.4,-2.6,0.20000000000000018
ISIC_0058990,cluster:eff6aeac7ad7fe95ca0a,bias_p000,4,a0,a0,none,False,-1.14,-1.14,0.0
ISIC_0058996,cluster:33cf23f423308c415bef,bias_p000,4,a2,a2,none,False,0.0,0.0,0.0
ISIC_0059000,cluster:53a27e68c201852763c4,bias_p000,4,a2,a2,none,False,-2.5875,-2.5875,0.0
ISIC_0059008,cluster:89af3566eddd6d482aa8,bias_p000,4,a0,a0,none,False,0.0,0.0,0.0
ISIC_0059066,cluster:0a0d1b91719c2486fc72,bias_p000,4,a0,a0,none,False,-15.600000000000001,-15.600000000000001,0.0
ISIC_0059076,cluster:9bf143536dc6fb822f51,bias_p000,4,a2,a2,none,False,-9.0,-9.0,0.0
ISIC_0059081,cluster:c266f7ba43f755bdbaba,bias_p000,4,a2,a1,down_substitution,True,0.0,-2.6,2.6
ISIC_0059104,cluster:442cd25f02ee571e8a78,bias_p000,4,a3,a1,down_substitution,True,0.0,-10.4,10.4
ISIC_0059106,cluster:6badffbf378681dc3a17,bias_p000,4,a2,a1,down_substitution,True,0.0,-2.6,2.6
ISIC_0059111,cluster:8205ffa575265f81b6df,bias_p000,4,a2,a1,down_substitution,True,0.0,-2.6,2.6
ISIC_0059118,cluster:06d7de627f541666d127,bias_p000,4,a2,a1,down_substitution,True,-2.6219999999999994,0.0,-2.6219999999999994
ISIC_0059135,cluster:45be88d3eebe95c41afc,bias_p000,4,a0,a0,none,False,-6.5,-6.5,0.0
ISIC_0059136,cluster:687b71ec53f3de18466b,bias_p000,4,a2,a1,down_substitution,True,-3.8,-1.9,-1.9
ISIC_0059140,cluster:99e9469a76045b93c547,bias_p000,4,a3,a0,down_substitution,True,0.0,-15.600000000000001,15.600000000000001
ISIC_0059148,cluster:fa3786237be0a6e171e7,bias_p000,4,a0,a0,none,False,-15.600000000000001,-15.600000000000001,0.0
ISIC_0059165,cluster:fc2c11eec6ab97bf0f4e,bias_p000,4,a0,a0,none,False,-14.399999999999999,-14.399999999999999,0.0
ISIC_0059219,cluster:1e73fac64e141351ac53,bias_p000,4,a0,a0,none,False,-15.600000000000001,-15.600000000000001,0.0
ISIC_0059230,cluster:c09c8771f4ea4e5072c2,bias_p000,4,a0,a0,none,False,0.0,0.0,0.0
ISIC_0059242,cluster:bab0382a9422b3ddc6a4,bias_p000,4,a2,a1,down_substitution,True,-2.28,0.0,-2.28
ISIC_0059265,cluster:93bf601d7a9e2f0538ce,bias_p000,4,a3,a3,none,False,-3.8812499999999996,-3.8812499999999996,0.0
ISIC_0059267,cluster:1ee11c2abc28ae3027b1,bias_p000,4,a2,a2,none,False,-1.9665,-1.9665,0.0
ISIC_0059295,cluster:cf34dd059e5901b79b8c,bias_p000,4,a3,a3,none,False,-3.1049999999999995,-3.1049999999999995,0.0
ISIC_0059306,cluster:20ede188454f7bd88e7f,bias_p000,4,a0,a0,none,False,-5.2,-5.2,0.0
ISIC_0059341,cluster:89af3566eddd6d482aa8,bias_p000,4,a0,a0,none,False,0.0,0.0,0.0
ISIC_0059349,cluster:97499bb5ffd3bf3cf2b4,bias_p000,4,a0,a0,none,False,-15.600000000000001,-15.600000000000001,0.0
ISIC_0059353,cluster:5aeee4859d64ae52f512,bias_p000,4,a0,a0,none,False,-14.819999999999999,-14.819999999999999,0.0
ISIC_0059360,cluster:8c7209158d9170541efc,bias_p000,4,a2,a2,none,False,0.0,0.0,0.0
ISIC_0059362,cluster:a93b86c7d833b2e66881,bias_p000,4,a3,a2,down_substitution,True,0.0,-4.8,4.8
ISIC_0059370,cluster:e9fa6f92cffe4de55529,bias_p000,4,a0,a0,none,False,0.0,0.0,0.0
ISIC_0059372,cluster:5af9fb9d549f73a7147e,bias_p000,4,a2,a2,none,False,0.0,0.0,0.0
ISIC_0059379,cluster:9c6b2c70ba13d009e7d4,bias_p000,4,a0,a0,none,False,0.0,0.0,0.0
ISIC_0059385,cluster:155d737c06ef568caa6d,bias_p000,4,a0,a0,none,False,0.0,0.0,0.0
ISIC_0059397,cluster:0c08834bdb21bf4f6b78,bias_p000,4,a1,a1,none,False,-2.6,-2.6,0.0
ISIC_0059405,cluster:0da965439c6af4c1d015,bias_p000,4,a2,a2,none,False,-7.2,-7.2,0.0
ISIC_0059416,cluster:2fb14cb315dae87838cc,bias_p000,4,a2,a1,down_substitution,True,-4.8,-2.4,-2.4
ISIC_0059418,cluster:3266bc8e24b4474d50b1,bias_p000,4,a0,a0,none,False,0.0,0.0,0.0
ISIC_0059420,cluster:442cd25f02ee571e8a78,bias_p000,4,a3,a1,down_substitution,True,0.0,-10.4,10.4
ISIC_0059424,cluster:1f9686e741f51f523d63,bias_p000,4,a0,a0,none,False,-13.68,-13.68,0.0
ISIC_0059432,cluster:53a27e68c201852763c4,bias_p000,4,a0,a0,none,False,0.0,0.0,0.0
ISIC_0059434,cluster:60d7d4c928562118c07c,bias_p000,4,a0,a0,none,False,0.0,0.0,0.0
ISIC_0059436,cluster:26eae7aea5d19392b31b,bias_p000,4,a0,a0,none,False,0.0,0.0,0.0
ISIC_0059438,cluster:9c6b2c70ba13d009e7d4,bias_p000,4,a0,a0,none,False,0.0,0.0,0.0
ISIC_0059439,cluster:be31a09bf02f8b98efdb,bias_p000,4,a0,a0,none,False,0.0,0.0,0.0
ISIC_0059444,cluster:d77e078ef8e328e216e9,bias_p000,4,a0,a0,none,False,-18.0,-18.0,0.0
ISIC_0059447,cluster:3563f1d6df607b5dee99,bias_p000,4,a3,a1,down_substitution,True,-2.76,-2.6,-0.1599999999999997
ISIC_0059465,cluster:24e5a5799bb58e2223b4,bias_p000,4,a0,a0,none,False,0.0,0.0,0.0
ISIC_0059477,cluster:1a3044e70c900b5786bc,bias_p000,4,a1,a1,none,False,-0.8549999999999999,-0.8549999999999999,0.0
ISIC_0059480,cluster:001e2b9db66705ea3a8e,bias_p000,4,a3,a0,down_substitution,True,-4.0,-1.3,-2.7
ISIC_0059488,cluster:1937ec662037ff1cf09a,bias_p000,4,a3,a2,down_substitution,True,0.0,-4.8,4.8
ISIC_0059513,cluster:d77411744fa5aa0e4e86,bias_p000,4,a2,a1,down_substitution,True,-4.9399999999999995,-9.879999999999999,4.9399999999999995
ISIC_0059519,cluster:1029f0881c2bd80fcebb,bias_p000,4,a2,a1,down_substitution,True,-5.0,-2.5,-2.5
ISIC_0059524,cluster:1c41164bf72897b59cef,bias_p000,4,a0,a0,none,False,-6.5,-6.5,0.0
ISIC_0059572,cluster:40b8b328e60ec53017fc,bias_p000,4,a0,a0,none,False,-6.5,-6.5,0.0
ISIC_0059587,cluster:07548eb5eb80e59002c9,bias_p000,4,a3,a0,down_substitution,True,-4.32,0.0,-4.32
ISIC_0059599,cluster:0fab962a808b48c290b5,bias_p000,4,a3,a2,down_substitution,True,-1.5525,0.0,-1.5525
ISIC_0059609,cluster:85dde53cb44709b8fede,bias_p000,4,a0,a0,none,False,0.0,0.0,0.0
ISIC_0059614,cluster:1ee11c2abc28ae3027b1,bias_p000,4,a2,a2,none,False,-1.9665,-1.9665,0.0
ISIC_0059626,cluster:7cc48728c36fb9908291,bias_p000,4,a0,a0,none,False,0.0,0.0,0.0
ISIC_0059635,cluster:fca46f701cb0c0bb9aa0,bias_p000,4,a2,a1,down_substitution,True,-5.0,-2.5,-2.5
ISIC_0059669,cluster:e2bfcb75398164d03d00,bias_p000,4,a2,a0,down_substitution,True,-4.9399999999999995,-14.819999999999999,9.879999999999999
ISIC_0059681,cluster:e9fa6f92cffe4de55529,bias_p000,4,a0,a0,none,False,0.0,0.0,0.0
ISIC_0059699,cluster:f4d2fd9af6833299d49b,bias_p000,4,a0,a0,none,False,0.0,0.0,0.0
ISIC_0059700,cluster:9b9fba6576bdb60588b9,bias_p000,4,a0,a0,none,False,-14.399999999999999,-14.399999999999999,0.0
ISIC_0059711,cluster:cc4d03cfd1a4a7df068b,bias_p000,4,a2,a2,none,False,-2.3598,-2.3598,0.0
ISIC_0059713,cluster:707ab3313d25e849887a,bias_p000,4,a0,a0,none,False,0.0,0.0,0.0
ISIC_0059721,cluster:04379f18c00df43352e8,bias_p000,4,a2,a2,none,False,-2.6999999999999997,-2.6999999999999997,0.0
ISIC_0059725,cluster:9810c33283cd5afa7145,bias_p000,4,a2,a1,down_substitution,True,0.0,-3.25,3.25
ISIC_0059741,cluster:2572108a773a930323f5,bias_p000,4,a2,a1,down_substitution,True,0.0,-2.4699999999999998,2.4699999999999998
ISIC_0059743,cluster:fc722bb997ea2cc055e3,bias_p000,4,a0,a0,none,False,0.0,0.0,0.0
ISIC_0059762,cluster:7aa29c45c6b7b2ddb343,bias_p000,4,a0,a0,none,False,0.0,0.0,0.0
ISIC_0059793,cluster:b461ccc8b5e3e53d230d,bias_p000,4,a2,a1,down_substitution,True,0.0,-2.4699999999999998,2.4699999999999998
ISIC_0059813,cluster:415028d793afd66092c1,bias_p000,4,a0,a0,none,False,0.0,0.0,0.0
ISIC_0059818,cluster:c7936cfb603dc3c856dd,bias_p000,4,a0,a0,none,False,0.0,0.0,0.0
ISIC_0059835,cluster:0da965439c6af4c1d015,bias_p000,4,a0,a0,none,False,-21.6,-21.6,0.0
ISIC_0059836,cluster:6802394b43a3f10be9d5,bias_p000,4,a0,a0,none,False,-20.52,-20.52,0.0
ISIC_0059841,cluster:85483282f952fcc5c22a,bias_p000,4,a2,a1,down_substitution,True,-2.3,0.0,-2.3
ISIC_0059864,cluster:2e5b4e9044410bdfee11,bias_p000,4,a0,a0,none,False,0.0,0.0,0.0
ISIC_0059865,cluster:0fdbab1aed1ecd8b104f,bias_p000,4,a2,a0,down_substitution,True,0.0,-6.5,6.5
ISIC_0059886,cluster:74ae0beda631c7db6c2d,bias_p000,4,a0,a0,none,False,-5.2,-5.2,0.0
ISIC_0059892,cluster:cc608fc21999512fe7b8,bias_p000,4,a0,a0,none,False,-20.52,-20.52,0.0
ISIC_0059897,cluster:9b43ad678b022cd5a044,bias_p000,4,a3,a0,down_substitution,True,0.0,-15.600000000000001,15.600000000000001
ISIC_0059914,cluster:b2440fe9c497ff0e1f21,bias_p000,4,a2,a1,down_substitution,True,0.0,-3.25,3.25
ISIC_0059918,cluster:7b76850b920a8a316e8a,bias_p000,4,a3,a2,down_substitution,True,-2.3598,-1.1799,-1.1799
ISIC_0059920,cluster:ab4a012ae4e30b9a6dd6,bias_p000,4,a1,a1,none,False,-2.28,-2.28,0.0
ISIC_0059940,cluster:0da965439c6af4c1d015,bias_p000,4,a0,a0,none,False,-21.6,-21.6,0.0
ISIC_0059954,cluster:90b4caec2961fa0b3eee,bias_p000,4,a2,a1,down_substitution,True,0.0,-2.6,2.6
ISIC_0059987,cluster:fa3786237be0a6e171e7,bias_p000,4,a0,a0,none,False,-15.600000000000001,-15.600000000000001,0.0
ISIC_0060006,cluster:90b4caec2961fa0b3eee,bias_p000,4,a2,a1,down_substitution,True,0.0,-2.6,2.6
ISIC_0060021,cluster:b13c03b49a78f6e5781a,bias_p000,4,a2,a1,down_substitution,True,0.0,-3.25,3.25
ISIC_0060028,cluster:d73389933e60983f1bb0,bias_p000,4,a2,a1,down_substitution,True,0.0,-2.4699999999999998,2.4699999999999998
ISIC_0060032,cluster:9b43ad678b022cd5a044,bias_p000,4,a2,a0,down_substitution,True,-5.2,-15.600000000000001,10.400000000000002
ISIC_0060055,cluster:372667c33d4a5484c909,bias_p000,4,a2,a1,down_substitution,True,0.0,-3.25,3.25
ISIC_0060078,cluster:e53a17a546a96a557d12,bias_p000,4,a2,a1,down_substitution,True,0.0,-2.6,2.6
ISIC_0060086,cluster:c266f7ba43f755bdbaba,bias_p000,4,a2,a1,down_substitution,True,0.0,-2.6,2.6
ISIC_0060093,cluster:f92e0707a1ba961228d5,bias_p000,4,a2,a1,down_substitution,True,0.0,-3.25,3.25
ISIC_0060104,cluster:97499bb5ffd3bf3cf2b4,bias_p000,4,a0,a0,none,False,-15.600000000000001,-15.600000000000001,0.0
ISIC_0060107,cluster:c71b7b54a14f15d898f4,bias_p000,4,a2,a0,down_substitution,True,0.0,-6.5,6.5
ISIC_0060109,cluster:6186ede43985dc1bf845,bias_p000,4,a2,a1,down_substitution,True,0.0,-3.25,3.25
ISIC_0060116,cluster:f5c5294f71e8dfd629fb,bias_p000,4,a3,a0,down_substitution,True,-2.3,-5.2,2.9000000000000004
ISIC_0060139,cluster:f212b92c36b9ec24fea3,bias_p000,4,a1,a1,none,False,-2.4699999999999998,-2.4699999999999998,0.0
ISIC_0060140,cluster:557a3a488eded2977300,bias_p000,4,a3,a3,none,False,0.0,0.0,0.0
ISIC_0060151,cluster:c9e380ee7e7f2f3cc13a,bias_p000,4,a0,a0,none,False,-6.5,-6.5,0.0
ISIC_0060152,cluster:10e6c9460b534821f2c5,bias_p000,4,a3,a3,none,False,0.0,0.0,0.0
ISIC_0060153,cluster:6b3aa9a34309ab478092,bias_p000,4,a3,a1,down_substitution,True,0.0,-13.0,13.0
ISIC_0060154,cluster:6b3aa9a34309ab478092,bias_p000,4,a2,a1,down_substitution,True,-6.5,-13.0,6.5
ISIC_0060164,cluster:d9fede6748c003368c57,bias_p000,4,a0,a0,none,False,0.0,0.0,0.0
ISIC_0060194,cluster:5f2b84073668547c86d8,bias_p000,4,a3,a0,down_substitution,True,0.0,-18.0,18.0
ISIC_0060202,cluster:513182c14fb1697726b2,bias_p000,4,a0,a0,none,False,-5.2,-5.2,0.0
ISIC_0060209,cluster:a126d8c2dc20e3861e89,bias_p000,4,a1,a1,none,False,-2.4,-2.4,0.0
ISIC_0060225,cluster:2499a8706dafd265a430,bias_p000,4,a3,a1,down_substitution,True,0.0,-10.4,10.4
ISIC_0060228,cluster:1f9686e741f51f523d63,bias_p000,4,a3,a3,none,False,0.0,0.0,0.0
ISIC_0060230,cluster:847221ab931429f02ae3,bias_p000,4,a0,a0,none,False,-6.5,-6.5,0.0
ISIC_0060233,cluster:0a0d1b91719c2486fc72,bias_p000,4,a0,a0,none,False,-15.600000000000001,-15.600000000000001,0.0
ISIC_0060236,cluster:967ee22c557f31680931,bias_p000,4,a2,a1,down_substitution,True,0.0,-2.6,2.6
ISIC_0060240,cluster:9c047aabe2d64b4f03d7,bias_p000,4,a2,a1,down_substitution,True,-6.8999999999999995,-3.4499999999999997,-3.4499999999999997
ISIC_0060243,cluster:415028d793afd66092c1,bias_p000,4,a0,a0,none,False,0.0,0.0,0.0
ISIC_0060246,cluster:921a30f8ee0faf5b3cd8,bias_p000,4,a1,a1,none,False,-0.7124999999999999,-0.7124999999999999,0.0
ISIC_0060257,cluster:427c505ed603c0e1692e,bias_p000,4,a3,a1,down_substitution,True,-2.875,-2.4699999999999998,-0.40500000000000025
ISIC_0060264,cluster:1a85f3a1a1a2f97568f1,bias_p000,4,a2,a2,none,False,-1.7249999999999999,-1.7249999999999999,0.0
ISIC_0060266,cluster:f5eb81935dedd545ed56,bias_p000,4,a0,a0,none,False,-18.0,-18.0,0.0
ISIC_0060286,cluster:22ba88aca4fbb7803c5e,bias_p000,4,a0,a0,none,False,0.0,0.0,0.0
ISIC_0060287,cluster:60dca78f4fccf1660a97,bias_p000,4,a2,a2,none,False,-1.7099999999999997,-1.7099999999999997,0.0
ISIC_0060305,cluster:17b7bf5e0e90f4cdd370,bias_p000,4,a2,a1,down_substitution,True,-2.1849999999999996,0.0,-2.1849999999999996
ISIC_0060340,cluster:1937ec662037ff1cf09a,bias_p000,4,a3,a2,down_substitution,True,0.0,-4.8,4.8
ISIC_0060342,cluster:8407f2f9255d9f62de34,bias_p000,4,a0,a0,none,False,-19.5,-19.5,0.0
ISIC_0060360,cluster:04379f18c00df43352e8,bias_p000,4,a2,a2,none,False,-2.6999999999999997,-2.6999999999999997,0.0
ISIC_0060361,cluster:00c78d690773c9c82e11,bias_p000,4,a3,a2,down_substitution,True,-2.16,-1.08,-1.08
ISIC_0060380,cluster:d46b7435e9a38928a56c,bias_p000,4,a3,a0,down_substitution,True,0.0,-14.819999999999999,14.819999999999999
ISIC_0060386,cluster:89cd980bf855e013b4c3,bias_p000,4,a0,a0,none,False,-21.6,-21.6,0.0
ISIC_0060392,cluster:07d7579a157617d1cbd1,bias_p000,4,a3,a1,down_substitution,True,-1.9,-3.25,1.35
ISIC_0060402,cluster:c769008d33c520e7655a,bias_p000,4,a1,a0,down_substitution,True,-2.6219999999999994,0.0,-2.6219999999999994
ISIC_0060403,cluster:eb0aa05e4071a9034396,bias_p000,4,a0,a0,none,False,-14.819999999999999,-14.819999999999999,0.0
ISIC_0060427,cluster:25c3a7fbdaec887143af,bias_p000,4,a0,a0,none,False,0.0,0.0,0.0
ISIC_0060446,cluster:4c6a22cd9cb03eeaae11,bias_p000,4,a3,a0,down_substitution,True,0.0,-14.399999999999999,14.399999999999999
ISIC_0060448,cluster:2f7214f2d73806f32d55,bias_p000,4,a2,a2,none,False,-2.052,-2.052,0.0
ISIC_0060451,cluster:35987df67bbf285cc8c9,bias_p000,4,a0,a0,none,False,0.0,0.0,0.0
ISIC_0060452,cluster:b385730be7477e9ca597,bias_p000,4,a3,a3,none,False,-2.1374999999999997,-2.1374999999999997,0.0
ISIC_0060461,cluster:bdab0854d47a91e64445,bias_p000,4,a0,a0,none,False,0.0,0.0,0.0
ISIC_0060470,cluster:b30b1f9181902ad3014b,bias_p000,4,a0,a0,none,False,-1.14,-1.14,0.0
ISIC_0060473,cluster:53a27e68c201852763c4,bias_p000,4,a0,a0,none,False,0.0,0.0,0.0
ISIC_0060477,cluster:b1fc0ab0fc6d6abbba6b,bias_p000,4,a0,a0,none,False,0.0,0.0,0.0
ISIC_0060490,cluster:ff7e9cf0da34d2ec669a,bias_p000,4,a1,a0,down_substitution,True,0.0,-1.3,1.3
ISIC_0060501,cluster:1df93fb95a526c169a7d,bias_p000,4,a0,a0,none,False,0.0,0.0,0.0
ISIC_0060509,cluster:278bbe7f74d953d1934e,bias_p000,4,a2,a1,down_substitution,True,0.0,-2.6,2.6
ISIC_0060512,cluster:b13c03b49a78f6e5781a,bias_p000,4,a2,a1,down_substitution,True,0.0,-3.25,3.25
ISIC_0060520,cluster:036458f4ef68e0fa2d72,bias_p000,4,a0,a0,none,False,0.0,0.0,0.0
ISIC_0060543,cluster:b743fcabcd134a0247c9,bias_p000,4,a0,a0,none,False,0.0,0.0,0.0
ISIC_0060549,cluster:bcf51ea10b5606a21df0,bias_p000,4,a2,a2,none,False,-6.84,-6.84,0.0
ISIC_0060555,cluster:fae21dcbc32641f98b85,bias_p000,4,a2,a1,down_substitution,True,-5.2,-10.4,5.2
ISIC_0060572,cluster:eb780fcf4fce80cabb9f,bias_p000,4,a0,a0,none,False,0.0,0.0,0.0
ISIC_0060581,cluster:a6f5b8a7538b273de224,bias_p000,4,a0,a0,none,False,0.0,0.0,0.0
ISIC_0060588,cluster:a685be1332db19549c20,bias_p000,4,a2,a2,none,False,0.0,0.0,0.0
ISIC_0060594,cluster:06562307c8f8a397b49e,bias_p000,4,a0,a0,none,False,-1.5,-1.5,0.0
ISIC_0060595,cluster:891aa4daae5ea893ed0a,bias_p000,4,a0,a0,none,False,0.0,0.0,0.0
ISIC_0060602,cluster:f764a9eca4eea37e632d,bias_p000,4,a2,a1,down_substitution,True,0.0,-2.4699999999999998,2.4699999999999998
ISIC_0060619,cluster:693e5fd3dbb53bd3b525,bias_p000,4,a1,a1,none,False,-0.8549999999999999,-0.8549999999999999,0.0
ISIC_0060622,cluster:953c81535539f3da7fcd,bias_p000,4,a2,a1,down_substitution,True,0.0,-2.4699999999999998,2.4699999999999998
ISIC_0060636,cluster:d64c8f22dcdbd4422de5,bias_p000,4,a2,a2,none,False,0.0,0.0,0.0
ISIC_0060666,cluster:d1f59b6568038edfc30a,bias_p000,4,a0,a0,none,False,0.0,0.0,0.0
ISIC_0060679,cluster:f5eb81935dedd545ed56,bias_p000,4,a0,a0,none,False,-18.0,-18.0,0.0
ISIC_0060682,cluster:36a9edd6fdedbe85cb4f,bias_p000,4,a0,a0,none,False,-5.2,-5.2,0.0
ISIC_0060706,cluster:0094bd32cc6951e0a522,bias_p000,4,a0,a0,none,False,-4.9399999999999995,-4.9399999999999995,0.0
ISIC_0060707,cluster:26eae7aea5d19392b31b,bias_p000,4,a0,a0,none,False,0.0,0.0,0.0
ISIC_0060735,cluster:85483282f952fcc5c22a,bias_p000,4,a2,a1,down_substitution,True,-2.3,0.0,-2.3
ISIC_0060736,cluster:4c6a22cd9cb03eeaae11,bias_p000,4,a3,a2,down_substitution,True,0.0,-4.8,4.8
ISIC_0060738,cluster:ec19ef7507433e1e546f,bias_p000,4,a3,a1,down_substitution,True,-2.1849999999999996,-3.25,1.0650000000000004
ISIC_0060741,cluster:ed5ca12082bb8afb52eb,bias_p000,4,a0,a0,none,False,-19.5,-19.5,0.0
ISIC_0060744,cluster:36ced1d75e3ccec9e00d,bias_p000,4,a3,a0,down_substitution,True,0.0,-19.5,19.5
ISIC_0060749,cluster:d38416562c59257ca796,bias_p000,4,a2,a1,down_substitution,True,-4.9399999999999995,-9.879999999999999,4.9399999999999995
ISIC_0060764,cluster:1e73fac64e141351ac53,bias_p000,4,a0,a0,none,False,-15.600000000000001,-15.600000000000001,0.0
ISIC_0060803,cluster:a685be1332db19549c20,bias_p000,4,a2,a2,none,False,0.0,0.0,0.0
ISIC_0060807,cluster:39c98aab90bd8c125b59,bias_p000,4,a3,a2,down_substitution,True,-1.026,0.0,-1.026
ISIC_0060822,cluster:12f7913e1c0bc7fc1f9a,bias_p000,4,a3,a2,down_substitution,True,-3.0780000000000003,-2.052,-1.0260000000000002
ISIC_0060824,cluster:8db3554228a6b2c119fd,bias_p000,4,a0,a0,none,False,-1.5,-1.5,0.0
ISIC_0060828,cluster:3f6111f62dc84e40f924,bias_p000,4,a0,a0,none,False,0.0,0.0,0.0
ISIC_0060829,cluster:442cd25f02ee571e8a78,bias_p000,4,a3,a1,down_substitution,True,0.0,-10.4,10.4
ISIC_0060834,cluster:59ea3798c062a2b75cfa,bias_p000,4,a2,a2,none,False,-4.8,-4.8,0.0
ISIC_0060850,cluster:b2bcae54be128a1d4080,bias_p000,4,a3,a3,none,False,0.0,0.0,0.0
ISIC_0060854,cluster:5d87b82069c855f8ddf1,bias_p000,4,a3,a0,down_substitution,True,0.0,-13.68,13.68
ISIC_0060863,cluster:9c047aabe2d64b4f03d7,bias_p000,4,a0,a0,none,False,0.0,0.0,0.0
ISIC_0060869,cluster:f35c90c659b1c5037242,bias_p000,4,a0,a0,none,False,0.0,0.0,0.0
ISIC_0060873,cluster:5f2b84073668547c86d8,bias_p000,4,a1,a1,none,False,-12.0,-12.0,0.0
ISIC_0060906,cluster:2b79af64734072915dd0,bias_p000,4,a2,a1,down_substitution,True,0.0,-2.6,2.6
ISIC_0060919,cluster:79c2ec6c69f92ac6d8d0,bias_p000,4,a3,a0,down_substitution,True,-8.28,0.0,-8.28
ISIC_0060922,cluster:3563f1d6df607b5dee99,bias_p000,4,a3,a1,down_substitution,True,-2.76,-2.6,-0.1599999999999997
ISIC_0060925,cluster:96de22e4f6dabb032708,bias_p000,4,a3,a0,down_substitution,True,-2.28,-1.5,-0.7799999999999998
ISIC_0060928,cluster:387008b5032ace8c4371,bias_p000,4,a0,a0,none,False,-5.2,-5.2,0.0
ISIC_0060937,cluster:143042a3b9b81a6eee50,bias_p000,4,a0,a0,none,False,-19.5,-19.5,0.0
ISIC_0060946,cluster:79b9e41944be4db7fab4,bias_p000,4,a2,a2,none,False,-6.84,-6.84,0.0
ISIC_0060947,cluster:963ea2ddbc862f499db8,bias_p000,4,a2,a1,down_substitution,True,0.0,-3.25,3.25
ISIC_0060966,cluster:881f7123b39c2bdaeef4,bias_p000,4,a2,a1,down_substitution,True,-2.0,0.0,-2.0
ISIC_0060972,cluster:fe992fe82c3baac2f94f,bias_p000,4,a3,a1,down_substitution,True,0.0,-13.0,13.0
ISIC_0060978,cluster:d354639bf7caa2f6d71d,bias_p000,4,a0,a0,none,False,-21.6,-21.6,0.0
ISIC_0060991,cluster:2ed7ebd8abe7b8e81111,bias_p000,4,a0,a0,none,False,-6.84,-6.84,0.0
ISIC_0060994,cluster:01fb890c71b5d096412a,bias_p000,4,a0,a0,none,False,-19.5,-19.5,0.0
ISIC_0061037,cluster:f680beee98a7fe8b88b0,bias_p000,4,a0,a0,none,False,0.0,0.0,0.0
ISIC_0061040,cluster:3db20e26bba4087de584,bias_p000,4,a0,a0,none,False,0.0,0.0,0.0
ISIC_0061056,cluster:0946859945836b08d2d5,bias_p000,4,a2,a1,down_substitution,True,0.0,-2.6,2.6
ISIC_0061057,cluster:fae21dcbc32641f98b85,bias_p000,4,a3,a1,down_substitution,True,0.0,-10.4,10.4
ISIC_0061061,cluster:bdab0854d47a91e64445,bias_p000,4,a0,a0,none,False,0.0,0.0,0.0
ISIC_0061066,cluster:89cd980bf855e013b4c3,bias_p000,4,a0,a0,none,False,-21.6,-21.6,0.0
ISIC_0061068,cluster:29e5a4e9116c4a3a2271,bias_p000,4,a2,a1,down_substitution,True,0.0,-2.4699999999999998,2.4699999999999998
ISIC_0061077,cluster:06e07b772172ad1282f8,bias_p000,4,a0,a0,none,False,-19.5,-19.5,0.0
ISIC_0061111,cluster:53a27e68c201852763c4,bias_p000,4,a2,a2,none,False,-2.5875,-2.5875,0.0
ISIC_0061119,cluster:a685be1332db19549c20,bias_p000,4,a2,a2,none,False,0.0,0.0,0.0
ISIC_0061121,cluster:f5c5294f71e8dfd629fb,bias_p000,4,a2,a0,down_substitution,True,0.0,-5.2,5.2
ISIC_0061126,cluster:506701004cc7aff965ae,bias_p000,4,a0,a0,none,False,0.0,0.0,0.0
ISIC_0061134,cluster:5d87b82069c855f8ddf1,bias_p000,4,a3,a0,down_substitution,True,0.0,-13.68,13.68
ISIC_0061135,cluster:76a783159a7a7b337b65,bias_p000,4,a2,a1,down_substitution,True,0.0,-3.25,3.25
ISIC_0061158,cluster:0a0d1b91719c2486fc72,bias_p000,4,a0,a0,none,False,-15.600000000000001,-15.600000000000001,0.0
ISIC_0061168,cluster:012f1b2b669dc92b16b1,bias_p000,4,a0,a0,none,False,-2.25,-2.25,0.0
ISIC_0061173,cluster:17d2e8809cea42316dfe,bias_p000,4,a3,a0,down_substitution,True,-1.9,-6.5,4.6
ISIC_0061174,cluster:8825f9e4a5492e5595ee,bias_p000,4,a0,a0,none,False,-6.5,-6.5,0.0
ISIC_0061183,cluster:f71ae9b967f86360010c,bias_p000,4,a0,a0,none,False,-20.52,-20.52,0.0
ISIC_0061188,cluster:5f2b84073668547c86d8,bias_p000,4,a0,a0,none,False,-18.0,-18.0,0.0
ISIC_0061206,cluster:63c1e24fe417c4cd6f44,bias_p000,4,a2,a1,down_substitution,True,0.0,-2.4699999999999998,2.4699999999999998
ISIC_0061208,cluster:87ae6ed08f074969fae9,bias_p000,4,a3,a2,down_substitution,True,-1.7999999999999998,0.0,-1.7999999999999998
ISIC_0061209,cluster:b76e28e4bf1fac42b8a9,bias_p000,4,a3,a2,down_substitution,True,-1.5525,0.0,-1.5525
ISIC_0061241,cluster:e1adcb59cd16598d5172,bias_p000,4,a0,a0,none,False,0.0,0.0,0.0
ISIC_0061270,cluster:9810c33283cd5afa7145,bias_p000,4,a2,a1,down_substitution,True,0.0,-3.25,3.25
ISIC_0061274,cluster:931fc7c6d74ecad85e9e,bias_p000,4,a0,a0,none,False,0.0,0.0,0.0
ISIC_0061285,cluster:847221ab931429f02ae3,bias_p000,4,a3,a0,down_substitution,True,-2.28,-6.5,4.220000000000001
ISIC_0061294,cluster:60a33aa58fb1228ee6dc,bias_p000,4,a2,a1,down_substitution,True,0.0,-3.25,3.25
ISIC_0061307,cluster:f5c5294f71e8dfd629fb,bias_p000,4,a2,a0,down_substitution,True,0.0,-5.2,5.2
ISIC_0061330,cluster:53a27e68c201852763c4,bias_p000,4,a2,a2,none,False,-2.5875,-2.5875,0.0
ISIC_0061381,cluster:5c6730d799d9b1a5e488,bias_p000,4,a0,a0,none,False,0.0,0.0,0.0
ISIC_0061407,cluster:9bf143536dc6fb822f51,bias_p000,4,a3,a2,down_substitution,True,0.0,-9.0,9.0
ISIC_0061410,cluster:63fb7dfed096fb27b0d9,bias_p000,4,a2,a2,none,False,0.0,0.0,0.0
ISIC_0061423,cluster:ba5f0f12678dd46f6bf1,bias_p000,4,a2,a2,none,False,-1.656,-1.656,0.0
ISIC_0061438,cluster:d3790ffaff9f01972f23,bias_p000,4,a0,a0,none,False,-4.8,-4.8,0.0
ISIC_0061446,cluster:c8249ac42702001c4b88,bias_p000,4,a2,a1,down_substitution,True,-4.9399999999999995,-9.879999999999999,4.9399999999999995
ISIC_0061478,cluster:707ab3313d25e849887a,bias_p000,4,a0,a0,none,False,0.0,0.0,0.0
ISIC_0061490,cluster:9d28549a45eba46f0993,bias_p000,4,a2,a1,down_substitution,True,0.0,-2.4699999999999998,2.4699999999999998
ISIC_0061504,cluster:a685be1332db19549c20,bias_p000,4,a2,a2,none,False,0.0,0.0,0.0
ISIC_0061511,cluster:f212b92c36b9ec24fea3,bias_p000,4,a2,a1,down_substitution,True,0.0,-2.4699999999999998,2.4699999999999998
ISIC_0061513,cluster:d86b16aa75e7a86c0b8f,bias_p000,4,a3,a1,down_substitution,True,-3.8,0.0,-3.8
ISIC_0061516,cluster:1937ec662037ff1cf09a,bias_p000,4,a3,a0,down_substitution,True,0.0,-14.399999999999999,14.399999999999999
ISIC_0061531,cluster:55e3e352bfca20275ef7,bias_p000,4,a0,a0,none,False,-20.52,-20.52,0.0
ISIC_0061532,cluster:442cd25f02ee571e8a78,bias_p000,4,a3,a1,down_substitution,True,0.0,-10.4,10.4
ISIC_0061558,cluster:7cc48728c36fb9908291,bias_p000,4,a0,a0,none,False,0.0,0.0,0.0
ISIC_0061560,cluster:942f619b5f8ef641ce7d,bias_p000,4,a0,a0,none,False,0.0,0.0,0.0
ISIC_0061563,cluster:1a85f3a1a1a2f97568f1,bias_p000,4,a0,a0,none,False,0.0,0.0,0.0
ISIC_0061564,cluster:d9863e6d6db033336413,bias_p000,4,a1,a1,none,False,-1.5,-1.5,0.0
ISIC_0061586,cluster:1e0a20fdff25ff00bf4b,bias_p000,4,a2,a2,none,False,-1.9665,-1.9665,0.0
ISIC_0061600,cluster:45be88d3eebe95c41afc,bias_p000,4,a0,a0,none,False,-6.5,-6.5,0.0
ISIC_0061607,cluster:60dca78f4fccf1660a97,bias_p000,4,a2,a2,none,False,-1.7099999999999997,-1.7099999999999997,0.0
ISIC_0061617,cluster:a3734097b414d68e3faa,bias_p000,4,a2,a1,down_substitution,True,0.0,-3.25,3.25
ISIC_0061623,cluster:c8249ac42702001c4b88,bias_p000,4,a3,a1,down_substitution,True,0.0,-9.879999999999999,9.879999999999999
ISIC_0061624,cluster:14f4d44285032894bfbc,bias_p000,4,a3,a0,down_substitution,True,0.0,-19.5,19.5
ISIC_0061643,cluster:1f9686e741f51f523d63,bias_p000,4,a2,a2,none,False,-4.56,-4.56,0.0
ISIC_0061647,cluster:1f9686e741f51f523d63,bias_p000,4,a2,a2,none,False,-4.56,-4.56,0.0
ISIC_0061687,cluster:e53a17a546a96a557d12,bias_p000,4,a2,a1,down_substitution,True,0.0,-2.6,2.6
ISIC_0061692,cluster:cd015bb513b601122ede,bias_p000,4,a2,a1,down_substitution,True,-2.6219999999999994,0.0,-2.6219999999999994
ISIC_0061732,cluster:60dca78f4fccf1660a97,bias_p000,4,a2,a2,none,False,-1.7099999999999997,-1.7099999999999997,0.0
ISIC_0061738,cluster:ad0c55436a63f07d3938,bias_p000,4,a2,a1,down_substitution,True,0.0,-2.4699999999999998,2.4699999999999998
ISIC_0061751,cluster:df3f8a5e7943f7ccde42,bias_p000,4,a3,a0,down_substitution,True,0.0,-19.5,19.5
ISIC_0061766,cluster:d698547a4586f779f397,bias_p000,4,a0,a0,none,False,0.0,0.0,0.0
ISIC_0061774,cluster:1340f26a6bfbcc371c9d,bias_p000,4,a2,a1,down_substitution,True,0.0,-2.4699999999999998,2.4699999999999998
ISIC_0061778,cluster:532467324e8468470bb5,bias_p000,4,a2,a2,none,False,0.0,0.0,0.0
ISIC_0061787,cluster:29e5a4e9116c4a3a2271,bias_p000,4,a2,a1,down_substitution,True,0.0,-2.4699999999999998,2.4699999999999998
ISIC_0061792,cluster:1d396326c1f8916c226c,bias_p000,4,a0,a0,none,False,0.0,0.0,0.0
ISIC_0061799,cluster:6b3aa9a34309ab478092,bias_p000,4,a2,a1,down_substitution,True,-6.5,-13.0,6.5
ISIC_0061803,cluster:6c58962864a21317e7a8,bias_p000,4,a0,a0,none,False,0.0,0.0,0.0
ISIC_0061814,cluster:0c08834bdb21bf4f6b78,bias_p000,4,a2,a1,down_substitution,True,0.0,-2.6,2.6
ISIC_0061825,cluster:d3abf35be1cb9a92400b,bias_p000,4,a3,a0,down_substitution,True,0.0,-19.5,19.5
ISIC_0061847,cluster:77d5fa359a68749b0a92,bias_p000,4,a0,a0,none,False,0.0,0.0,0.0
ISIC_0061862,cluster:9d693c1e01ea5df0bf71,bias_p000,4,a0,a0,none,False,-6.84,-6.84,0.0
ISIC_0061896,cluster:9b9fba6576bdb60588b9,bias_p000,4,a0,a0,none,False,-14.399999999999999,-14.399999999999999,0.0
ISIC_0061899,cluster:96de22e4f6dabb032708,bias_p000,4,a3,a0,down_substitution,True,-2.28,-1.5,-0.7799999999999998
ISIC_0061900,cluster:8d379f44152c7fb82eb7,bias_p000,4,a2,a1,down_substitution,True,-5.2,-10.4,5.2
ISIC_0061903,cluster:8b848424510576368f4d,bias_p000,4,a0,a0,none,False,0.0,0.0,0.0
ISIC_0061908,cluster:2ed7ebd8abe7b8e81111,bias_p000,4,a0,a0,none,False,-6.84,-6.84,0.0
ISIC_0061923,cluster:ec7343fe5280c76cca02,bias_p000,4,a3,a3,none,False,-0.9,-0.9,0.0
ISIC_0061929,cluster:860a90d2e82e7f5ec780,bias_p000,4,a0,a0,none,False,0.0,0.0,0.0
ISIC_0061941,cluster:aa5c605391214730aa0c,bias_p000,4,a3,a1,down_substitution,True,0.0,-13.0,13.0
ISIC_0061966,cluster:036458f4ef68e0fa2d72,bias_p000,4,a3,a0,down_substitution,True,-6.0,0.0,-6.0
ISIC_0061981,cluster:d9863e6d6db033336413,bias_p000,4,a2,a2,none,False,-3.0,-3.0,0.0
ISIC_0061999,cluster:6b84c1303b70cb627570,bias_p000,4,a3,a0,down_substitution,True,-1.3679999999999999,-6.0,4.632
ISIC_0062005,cluster:130c5ef96fd7abf8a993,bias_p000,4,a0,a0,none,False,-14.399999999999999,-14.399999999999999,0.0
ISIC_0062006,cluster:d86b16aa75e7a86c0b8f,bias_p000,4,a3,a0,down_substitution,True,-3.8,-1.625,-2.175
ISIC_0062008,cluster:036458f4ef68e0fa2d72,bias_p000,4,a0,a0,none,False,0.0,0.0,0.0
ISIC_0062025,cluster:506701004cc7aff965ae,bias_p000,4,a0,a0,none,False,0.0,0.0,0.0
ISIC_0062026,cluster:fae21dcbc32641f98b85,bias_p000,4,a3,a0,down_substitution,True,0.0,-15.600000000000001,15.600000000000001
ISIC_0062027,cluster:53a27e68c201852763c4,bias_p000,4,a0,a0,none,False,0.0,0.0,0.0
ISIC_0062043,cluster:b72be1031d01e7d6cecb,bias_p000,4,a2,a1,down_substitution,True,0.0,-3.25,3.25
ISIC_0062065,cluster:26eae7aea5d19392b31b,bias_p000,4,a0,a0,none,False,0.0,0.0,0.0
ISIC_0062066,cluster:ff7e9cf0da34d2ec669a,bias_p000,4,a2,a0,down_substitution,True,-2.3,-1.3,-0.9999999999999998
ISIC_0062087,cluster:51026cdaf9ab581aa4e8,bias_p000,4,a0,a0,none,False,-19.5,-19.5,0.0
ISIC_0062092,cluster:544f4d8a82e70d5d30af,bias_p000,4,a0,a0,none,False,0.0,0.0,0.0
ISIC_0062104,cluster:601b01a61907d5b8096c,bias_p000,4,a2,a1,down_substitution,True,0.0,-3.25,3.25
ISIC_0062115,cluster:aa5c605391214730aa0c,bias_p000,4,a3,a0,down_substitution,True,0.0,-19.5,19.5
ISIC_0062132,cluster:592d1fd3168ad7eeda8a,bias_p000,4,a0,a0,none,False,0.0,0.0,0.0
ISIC_0062137,cluster:e9fa6f92cffe4de55529,bias_p000,4,a0,a0,none,False,0.0,0.0,0.0
ISIC_0062141,cluster:a93b86c7d833b2e66881,bias_p000,4,a3,a2,down_substitution,True,0.0,-4.8,4.8
ISIC_0062144,cluster:e2a7f779abb51b67fe6b,bias_p000,4,a3,a0,down_substitution,True,-6.0,0.0,-6.0
ISIC_0062148,cluster:7e29c44996c9100b98f9,bias_p000,4,a0,a0,none,False,-1.71,-1.71,0.0
ISIC_0062153,cluster:5c6730d799d9b1a5e488,bias_p000,4,a1,a0,down_substitution,True,-1.078125,0.0,-1.078125
ISIC_0062158,cluster:0a0d1b91719c2486fc72,bias_p000,4,a3,a0,down_substitution,True,0.0,-15.600000000000001,15.600000000000001
ISIC_0062161,cluster:fae21dcbc32641f98b85,bias_p000,4,a3,a0,down_substitution,True,0.0,-15.600000000000001,15.600000000000001
ISIC_0062162,cluster:cc608fc21999512fe7b8,bias_p000,4,a0,a0,none,False,-20.52,-20.52,0.0
ISIC_0062185,cluster:67477a69f239989f1908,bias_p000,4,a0,a0,none,False,0.0,0.0,0.0
ISIC_0062187,cluster:6a9b3c98c66eb6eb5a08,bias_p000,4,a3,a3,none,False,-2.25,-2.25,0.0
ISIC_0062193,cluster:66b5661ff0c2ed39b14c,bias_p000,4,a0,a0,none,False,0.0,0.0,0.0
ISIC_0062198,cluster:693e5fd3dbb53bd3b525,bias_p000,4,a0,a0,none,False,0.0,0.0,0.0
ISIC_0062201,cluster:e161c647a415686a5470,bias_p000,4,a0,a0,none,False,0.0,0.0,0.0
ISIC_0062204,cluster:10e6c9460b534821f2c5,bias_p000,4,a3,a3,none,False,0.0,0.0,0.0
ISIC_0062209,cluster:06562307c8f8a397b49e,bias_p000,4,a1,a1,none,False,0.0,0.0,0.0
ISIC_0062224,cluster:9c6e11ef3db343d480d5,bias_p000,4,a0,a0,none,False,-6.84,-6.84,0.0
ISIC_0062225,cluster:532467324e8468470bb5,bias_p000,4,a2,a2,none,False,0.0,0.0,0.0
ISIC_0062245,cluster:baabea2f1f6606f0209c,bias_p000,4,a0,a0,none,False,-5.2,-5.2,0.0
ISIC_0062260,cluster:1937ec662037ff1cf09a,bias_p000,4,a3,a0,down_substitution,True,0.0,-14.399999999999999,14.399999999999999
ISIC_0062261,cluster:7b6a3d3216fc39866370,bias_p000,4,a2,a1,down_substitution,True,-4.9399999999999995,-9.879999999999999,4.9399999999999995
ISIC_0062271,cluster:8919ddd7cd828f107e9f,bias_p000,4,a2,a1,down_substitution,True,0.0,-2.4699999999999998,2.4699999999999998
ISIC_0062286,cluster:d692813a1abe8771e7d6,bias_p000,4,a2,a0,down_substitution,True,-6.5,-19.5,13.0
ISIC_0062295,cluster:1a85f3a1a1a2f97568f1,bias_p000,4,a2,a2,none,False,-1.7249999999999999,-1.7249999999999999,0.0
ISIC_0062297,cluster:9bbc7a79f5d793c26cc2,bias_p000,4,a1,a0,down_substitution,True,-0.8624999999999999,0.0,-0.8624999999999999
ISIC_0062305,cluster:698e15bed38d94acd904,bias_p000,4,a2,a1,down_substitution,True,0.0,-3.25,3.25
ISIC_0062306,cluster:e93afcc8888520419196,bias_p000,4,a0,a0,none,False,0.0,0.0,0.0
ISIC_0062310,cluster:3fbb5539b50c4512016c,bias_p000,4,a0,a0,none,False,0.0,0.0,0.0
ISIC_0062320,cluster:d0e7e392b13061503fbf,bias_p000,4,a0,a0,none,False,0.0,0.0,0.0
ISIC_0062352,cluster:9c047aabe2d64b4f03d7,bias_p000,4,a0,a0,none,False,0.0,0.0,0.0
ISIC_0062361,cluster:549b5e38ac79504d65c3,bias_p000,4,a2,a1,down_substitution,True,-1.9,0.0,-1.9
ISIC_0062368,cluster:549b5e38ac79504d65c3,bias_p000,4,a1,a1,none,False,0.0,0.0,0.0
ISIC_0062370,cluster:3fbb5539b50c4512016c,bias_p000,4,a0,a0,none,False,0.0,0.0,0.0
ISIC_0062382,cluster:c6929c3bc36f5ffae50a,bias_p000,4,a3,a3,none,False,0.0,0.0,0.0
ISIC_0062387,cluster:82740cbf77be5b9e6b7b,bias_p000,4,a2,a2,none,False,-7.2,-7.2,0.0
ISIC_0062408,cluster:372667c33d4a5484c909,bias_p000,4,a2,a1,down_substitution,True,0.0,-3.25,3.25
ISIC_0062409,cluster:0477a831936e7c274659,bias_p000,4,a2,a1,down_substitution,True,-4.9399999999999995,-9.879999999999999,4.9399999999999995
ISIC_0062423,cluster:442cd25f02ee571e8a78,bias_p000,4,a3,a1,down_substitution,True,0.0,-10.4,10.4
ISIC_0062424,cluster:152f162167f55bb43b07,bias_p000,4,a0,a0,none,False,-1.3,-1.3,0.0
ISIC_0062443,cluster:1937ec662037ff1cf09a,bias_p000,4,a3,a0,down_substitution,True,0.0,-14.399999999999999,14.399999999999999
ISIC_0062446,cluster:921a30f8ee0faf5b3cd8,bias_p000,4,a0,a0,none,False,0.0,0.0,0.0
ISIC_0062451,cluster:a126d8c2dc20e3861e89,bias_p000,4,a0,a0,none,False,-4.8,-4.8,0.0
ISIC_0062456,cluster:544f4d8a82e70d5d30af,bias_p000,4,a0,a0,none,False,0.0,0.0,0.0
ISIC_0062463,cluster:e2bfcb75398164d03d00,bias_p000,4,a0,a0,none,False,-14.819999999999999,-14.819999999999999,0.0
ISIC_0062465,cluster:316eb6695cf9bdc2039a,bias_p000,4,a0,a0,none,False,0.0,0.0,0.0
ISIC_0062484,cluster:9c047aabe2d64b4f03d7,bias_p000,4,a0,a0,none,False,0.0,0.0,0.0
ISIC_0062506,cluster:3266bc8e24b4474d50b1,bias_p000,4,a0,a0,none,False,0.0,0.0,0.0
ISIC_0062508,cluster:24078adcc6d686f67f3d,bias_p000,4,a3,a1,down_substitution,True,-3.0,-2.4699999999999998,-0.5300000000000002
ISIC_0062516,cluster:61fb80c42e3427010c62,bias_p000,4,a1,a2,up_substitution,True,-1.7249999999999999,-3.4499999999999997,1.7249999999999999
ISIC_0062517,cluster:d46b7435e9a38928a56c,bias_p000,4,a3,a0,down_substitution,True,0.0,-14.819999999999999,14.819999999999999
ISIC_0062525,cluster:1e32be818352a21f9214,bias_p000,4,a3,a0,down_substitution,True,0.0,-15.600000000000001,15.600000000000001
ISIC_0062531,cluster:99e9469a76045b93c547,bias_p000,4,a3,a0,down_substitution,True,0.0,-15.600000000000001,15.600000000000001
ISIC_0062534,cluster:8f9a204cacef571e3c9f,bias_p000,4,a0,a0,none,False,0.0,0.0,0.0
ISIC_0062544,cluster:1c41164bf72897b59cef,bias_p000,4,a0,a0,none,False,-6.5,-6.5,0.0
ISIC_0062549,cluster:001e2b9db66705ea3a8e,bias_p000,4,a3,a0,down_substitution,True,-4.0,-1.3,-2.7
ISIC_0062590,cluster:549b5e38ac79504d65c3,bias_p000,4,a2,a1,down_substitution,True,-1.9,0.0,-1.9
ISIC_0062596,cluster:4c6a22cd9cb03eeaae11,bias_p000,4,a3,a0,down_substitution,True,0.0,-14.399999999999999,14.399999999999999
ISIC_0062601,cluster:9d28549a45eba46f0993,bias_p000,4,a3,a1,down_substitution,True,-2.5,-2.4699999999999998,-0.03000000000000025
ISIC_0062609,cluster:f5c5294f71e8dfd629fb,bias_p000,4,a2,a0,down_substitution,True,0.0,-5.2,5.2
ISIC_0062611,cluster:39c98aab90bd8c125b59,bias_p000,4,a3,a2,down_substitution,True,-1.026,0.0,-1.026
ISIC_0062616,cluster:9fdf77d650e714b40236,bias_p000,4,a3,a3,none,False,-3.1049999999999995,-3.1049999999999995,0.0
ISIC_0062626,cluster:e2bfcb75398164d03d00,bias_p000,4,a0,a0,none,False,-14.819999999999999,-14.819999999999999,0.0
ISIC_0062661,cluster:c5633b84cb346609af84,bias_p000,4,a3,a1,down_substitution,True,0.0,-13.0,13.0
ISIC_0062662,cluster:b5b24ddfe8419949c542,bias_p000,4,a2,a2,none,False,-9.0,-9.0,0.0
ISIC_0062664,cluster:17d2e8809cea42316dfe,bias_p000,4,a3,a0,down_substitution,True,-1.9,-6.5,4.6
ISIC_0062683,cluster:c9e380ee7e7f2f3cc13a,bias_p000,4,a2,a1,down_substitution,True,0.0,-3.25,3.25
ISIC_0062702,cluster:d354639bf7caa2f6d71d,bias_p000,4,a0,a0,none,False,-21.6,-21.6,0.0
ISIC_0062703,cluster:2a738414586aa6bfadf4,bias_p000,4,a0,a0,none,False,0.0,0.0,0.0
ISIC_0062713,cluster:6802394b43a3f10be9d5,bias_p000,4,a0,a0,none,False,-20.52,-20.52,0.0
ISIC_0062717,cluster:6670e6839bf10394076f,bias_p000,4,a3,a0,down_substitution,True,-2.5875,-1.14,-1.4475
ISIC_0062718,cluster:14e0797adec8d7cf3f1b,bias_p000,4,a0,a0,none,False,0.0,0.0,0.0
ISIC_0062721,cluster:8d379f44152c7fb82eb7,bias_p000,4,a2,a1,down_substitution,True,-5.2,-10.4,5.2
ISIC_0062726,cluster:6020c440dbb66b2082c9,bias_p000,4,a0,a0,none,False,0.0,0.0,0.0
ISIC_0062762,cluster:79706b88645aaa255f36,bias_p000,4,a0,a0,none,False,-14.399999999999999,-14.399999999999999,0.0
ISIC_0062779,cluster:16e8248159cc6523bf0d,bias_p000,4,a0,a0,none,False,0.0,0.0,0.0
ISIC_0062791,cluster:9d693c1e01ea5df0bf71,bias_p000,4,a0,a0,none,False,-6.84,-6.84,0.0
ISIC_0062803,cluster:5956bfeab672fdfacc61,bias_p000,4,a0,a0,none,False,0.0,0.0,0.0
ISIC_0062804,cluster:fca46f701cb0c0bb9aa0,bias_p000,4,a2,a1,down_substitution,True,-5.0,-2.5,-2.5
ISIC_0062810,cluster:d8518b01cffe4c9b8c4c,bias_p000,4,a0,a0,none,False,0.0,0.0,0.0
ISIC_0062816,cluster:d692813a1abe8771e7d6,bias_p000,4,a0,a0,none,False,-19.5,-19.5,0.0
ISIC_0062830,cluster:6803cf2262cb05f3b844,bias_p000,4,a0,a0,none,False,-4.9399999999999995,-4.9399999999999995,0.0
ISIC_0062834,cluster:0946859945836b08d2d5,bias_p000,4,a2,a1,down_substitution,True,0.0,-2.6,2.6
ISIC_0062837,cluster:ca26854e8646b49445fb,bias_p000,4,a2,a1,down_substitution,True,0.0,-3.25,3.25
ISIC_0062842,cluster:95eeb16a95ef2909c58b,bias_p000,4,a0,a0,none,False,0.0,0.0,0.0
ISIC_0062847,cluster:03e1de1653da5b952ad9,bias_p000,4,a3,a0,down_substitution,True,-6.554999999999999,0.0,-6.554999999999999
ISIC_0062863,cluster:62e414e0ee670df23b36,bias_p000,4,a0,a0,none,False,0.0,0.0,0.0
ISIC_0062864,cluster:d38416562c59257ca796,bias_p000,4,a2,a1,down_substitution,True,-4.9399999999999995,-9.879999999999999,4.9399999999999995
ISIC_0062877,cluster:847221ab931429f02ae3,bias_p000,4,a0,a0,none,False,-6.5,-6.5,0.0
ISIC_0062891,cluster:143042a3b9b81a6eee50,bias_p000,4,a0,a0,none,False,-19.5,-19.5,0.0
ISIC_0062894,cluster:b1fc0ab0fc6d6abbba6b,bias_p000,4,a0,a0,none,False,0.0,0.0,0.0
ISIC_0062903,cluster:0ea16e3e0a2fb1044fc1,bias_p000,4,a3,a1,down_substitution,True,0.0,-9.879999999999999,9.879999999999999
ISIC_0062912,cluster:89cd980bf855e013b4c3,bias_p000,4,a0,a0,none,False,-21.6,-21.6,0.0
ISIC_0062917,cluster:96fb3b89d07221946f37,bias_p000,4,a0,a0,none,False,0.0,0.0,0.0
ISIC_0062927,cluster:0c6899c1ceb7b84c586e,bias_p000,4,a2,a1,down_substitution,True,0.0,-3.25,3.25
ISIC_0062935,cluster:e2bfcb75398164d03d00,bias_p000,4,a0,a0,none,False,-14.819999999999999,-14.819999999999999,0.0
ISIC_0062945,cluster:cf0a447c35f8b3cca6e0,bias_p000,4,a2,a2,none,False,0.0,0.0,0.0
ISIC_0062951,cluster:c5633b84cb346609af84,bias_p000,4,a3,a1,down_substitution,True,0.0,-13.0,13.0
ISIC_0062953,cluster:d64c8f22dcdbd4422de5,bias_p000,4,a2,a2,none,False,0.0,0.0,0.0
ISIC_0062960,cluster:105a7d4bd1810f375a08,bias_p000,4,a0,a0,none,False,0.0,0.0,0.0
ISIC_0062961,cluster:ef914a1f916f16f0a521,bias_p000,4,a2,a1,down_substitution,True,-3.0,0.0,-3.0
ISIC_0062970,cluster:fc2c11eec6ab97bf0f4e,bias_p000,4,a0,a0,none,False,-14.399999999999999,-14.399999999999999,0.0
ISIC_0062973,cluster:7aa29c45c6b7b2ddb343,bias_p000,4,a0,a0,none,False,0.0,0.0,0.0
ISIC_0062979,cluster:8b848424510576368f4d,bias_p000,4,a0,a0,none,False,0.0,0.0,0.0
ISIC_0062980,cluster:183abf145bfd920d8043,bias_p000,4,a0,a0,none,False,-27.0,-27.0,0.0
ISIC_0063001,cluster:692192093efdfa5f7dd9,bias_p000,4,a2,a0,down_substitution,True,-2.1849999999999996,-1.625,-0.5599999999999996
ISIC_0063003,cluster:3f2f07788e7dc078cf92,bias_p000,4,a0,a0,none,False,0.0,0.0,0.0
ISIC_0063005,cluster:392d56927fd9692df87b,bias_p000,4,a0,a0,none,False,0.0,0.0,0.0
ISIC_0063007,cluster:76a783159a7a7b337b65,bias_p000,4,a2,a1,down_substitution,True,0.0,-3.25,3.25
ISIC_0063030,cluster:58a8210e31bc4b471af9,bias_p000,4,a2,a2,none,False,-2.5875,-2.5875,0.0
ISIC_0063035,cluster:03e1de1653da5b952ad9,bias_p000,4,a0,a0,none,False,0.0,0.0,0.0
ISIC_0063045,cluster:e53a17a546a96a557d12,bias_p000,4,a2,a1,down_substitution,True,0.0,-2.6,2.6
ISIC_0063047,cluster:9b9fba6576bdb60588b9,bias_p000,4,a0,a0,none,False,-14.399999999999999,-14.399999999999999,0.0
ISIC_0063083,cluster:c4faff0897001a207b54,bias_p000,4,a1,a1,none,False,-4.5,-4.5,0.0
ISIC_0063092,cluster:1c8a0b459a84d323bc94,bias_p000,4,a3,a3,none,False,-3.1049999999999995,-3.1049999999999995,0.0
ISIC_0063107,cluster:24078adcc6d686f67f3d,bias_p000,4,a2,a1,down_substitution,True,0.0,-2.4699999999999998,2.4699999999999998
ISIC_0063122,cluster:7f1e0bc7258072054f5e,bias_p000,4,a2,a1,down_substitution,True,0.0,-2.6,2.6
ISIC_0063124,cluster:d692813a1abe8771e7d6,bias_p000,4,a1,a0,down_substitution,True,-13.0,-19.5,6.5
ISIC_0063135,cluster:fae21dcbc32641f98b85,bias_p000,4,a3,a0,down_substitution,True,0.0,-15.600000000000001,15.600000000000001
ISIC_0063139,cluster:1a85f3a1a1a2f97568f1,bias_p000,4,a0,a0,none,False,0.0,0.0,0.0
ISIC_0063143,cluster:55e3e352bfca20275ef7,bias_p000,4,a0,a0,none,False,-20.52,-20.52,0.0
ISIC_0063153,cluster:2499a8706dafd265a430,bias_p000,4,a3,a1,down_substitution,True,0.0,-10.4,10.4
ISIC_0063155,cluster:767e7d554139905440fb,bias_p000,4,a0,a0,none,False,0.0,0.0,0.0
ISIC_0063157,cluster:10e6c9460b534821f2c5,bias_p000,4,a3,a3,none,False,0.0,0.0,0.0
ISIC_0063160,cluster:c71b7b54a14f15d898f4,bias_p000,4,a2,a0,down_substitution,True,0.0,-6.5,6.5
ISIC_0063171,cluster:e609438022c73c4e8f54,bias_p000,4,a3,a0,down_substitution,True,-1.3109999999999997,-6.0,4.689
ISIC_0063178,cluster:3c8ebede2e1a0dc5a571,bias_p000,4,a2,a1,down_substitution,True,0.0,-2.6,2.6
ISIC_0063190,cluster:b0ac8a89ddaeea5454a9,bias_p000,4,a0,a0,none,False,-13.68,-13.68,0.0
ISIC_0063197,cluster:ad50f77c9576ef680f29,bias_p000,4,a0,a0,none,False,0.0,0.0,0.0
ISIC_0063204,cluster:8da8d8b9586193f29a21,bias_p000,4,a0,a0,none,False,0.0,0.0,0.0
ISIC_0063208,cluster:5d87b82069c855f8ddf1,bias_p000,4,a3,a2,down_substitution,True,0.0,-4.56,4.56
ISIC_0063213,cluster:9daeebca4e574025954a,bias_p000,4,a0,a0,none,False,-1.5,-1.5,0.0
ISIC_0063227,cluster:513182c14fb1697726b2,bias_p000,4,a0,a0,none,False,-5.2,-5.2,0.0
ISIC_0063261,cluster:0c08834bdb21bf4f6b78,bias_p000,4,a0,a0,none,False,-5.2,-5.2,0.0
ISIC_0063263,cluster:d5b887a0b8ed4f23787d,bias_p000,4,a2,a1,down_substitution,True,0.0,-3.25,3.25
ISIC_0063264,cluster:4c6a22cd9cb03eeaae11,bias_p000,4,a3,a0,down_substitution,True,0.0,-14.399999999999999,14.399999999999999
ISIC_0063267,cluster:3266bc8e24b4474d50b1,bias_p000,4,a0,a0,none,False,0.0,0.0,0.0
ISIC_0063268,cluster:15fb36236c2cc2766bd1,bias_p000,4,a0,a0,none,False,-14.399999999999999,-14.399999999999999,0.0
ISIC_0063293,cluster:39c98aab90bd8c125b59,bias_p000,4,a3,a2,down_substitution,True,-1.026,0.0,-1.026
ISIC_0063295,cluster:6802394b43a3f10be9d5,bias_p000,4,a0,a0,none,False,-20.52,-20.52,0.0
ISIC_0063316,cluster:7aa29c45c6b7b2ddb343,bias_p000,4,a0,a0,none,False,0.0,0.0,0.0
ISIC_0063320,cluster:847221ab931429f02ae3,bias_p000,4,a0,a0,none,False,-6.5,-6.5,0.0
ISIC_0063324,cluster:1e32be818352a21f9214,bias_p000,4,a3,a0,down_substitution,True,0.0,-15.600000000000001,15.600000000000001
ISIC_0063342,cluster:b76e28e4bf1fac42b8a9,bias_p000,4,a3,a2,down_substitution,True,-1.5525,0.0,-1.5525
ISIC_0063368,cluster:9daeebca4e574025954a,bias_p000,4,a0,a0,none,False,-1.5,-1.5,0.0
ISIC_0063382,cluster:4148880f3001a1875a61,bias_p000,4,a3,a1,down_substitution,True,-2.5,-2.4699999999999998,-0.03000000000000025
ISIC_0063399,cluster:60dca78f4fccf1660a97,bias_p000,4,a2,a2,none,False,-1.7099999999999997,-1.7099999999999997,0.0
ISIC_0063424,cluster:544f4d8a82e70d5d30af,bias_p000,4,a0,a0,none,False,0.0,0.0,0.0
ISIC_0063428,cluster:1f9686e741f51f523d63,bias_p000,4,a3,a3,none,False,0.0,0.0,0.0
ISIC_0063453,cluster:8205ffa575265f81b6df,bias_p000,4,a2,a1,down_substitution,True,0.0,-2.6,2.6
ISIC_0063457,cluster:d77411744fa5aa0e4e86,bias_p000,4,a3,a0,down_substitution,True,0.0,-14.819999999999999,14.819999999999999
ISIC_0063464,cluster:486a90b4e6c5b815e07f,bias_p000,4,a0,a0,none,False,-21.6,-21.6,0.0
ISIC_0063493,cluster:01fb890c71b5d096412a,bias_p000,4,a0,a0,none,False,-19.5,-19.5,0.0
ISIC_0063512,cluster:33cf23f423308c415bef,bias_p000,4,a2,a2,none,False,0.0,0.0,0.0
ISIC_0063516,cluster:2b8916e5dade706a4c71,bias_p000,4,a0,a0,none,False,0.0,0.0,0.0
ISIC_0063537,cluster:fa3786237be0a6e171e7,bias_p000,4,a0,a0,none,False,-15.600000000000001,-15.600000000000001,0.0
ISIC_0063544,cluster:16e8248159cc6523bf0d,bias_p000,4,a0,a0,none,False,0.0,0.0,0.0
ISIC_0063546,cluster:3563f1d6df607b5dee99,bias_p000,4,a3,a1,down_substitution,True,-2.76,-2.6,-0.1599999999999997
ISIC_0063565,cluster:4a0d99112f9b93611ebe,bias_p000,4,a0,a0,none,False,0.0,0.0,0.0
ISIC_0063568,cluster:1f9686e741f51f523d63,bias_p000,4,a3,a3,none,False,0.0,0.0,0.0
ISIC_0063575,cluster:96d5d338897267a9a28d,bias_p000,4,a0,a0,none,False,-4.8,-4.8,0.0
ISIC_0063585,cluster:8885e566888f555872c6,bias_p000,4,a2,a0,down_substitution,True,-4.369999999999999,0.0,-4.369999999999999
ISIC_0063594,cluster:cd1138fadd4fa21bfb58,bias_p000,4,a0,a0,none,False,0.0,0.0,0.0
ISIC_0063613,cluster:258500582c9370b36181,bias_p000,4,a3,a0,down_substitution,True,-2.949749999999999,0.0,-2.949749999999999
ISIC_0063617,cluster:0a34d4ebb790fac34ac4,bias_p000,4,a3,a2,down_substitution,True,0.0,-4.8,4.8
ISIC_0063628,cluster:85dde53cb44709b8fede,bias_p000,4,a0,a0,none,False,0.0,0.0,0.0
ISIC_0063636,cluster:c8249ac42702001c4b88,bias_p000,4,a2,a1,down_substitution,True,-4.9399999999999995,-9.879999999999999,4.9399999999999995
ISIC_0063651,cluster:34a1b1de36394b8d382d,bias_p000,4,a3,a1,down_substitution,True,-2.6219999999999994,-3.25,0.6280000000000006
ISIC_0063681,cluster:4f08f8581aa63a3b7f86,bias_p000,4,a0,a0,none,False,0.0,0.0,0.0
ISIC_0063702,cluster:8fb12f7f1eb7a0d8fe18,bias_p000,4,a3,a1,down_substitution,True,-1.9,-3.25,1.35
ISIC_0063705,cluster:67477a69f239989f1908,bias_p000,4,a0,a0,none,False,0.0,0.0,0.0
ISIC_0063725,cluster:a93b86c7d833b2e66881,bias_p000,4,a3,a2,down_substitution,True,0.0,-4.8,4.8
ISIC_0063736,cluster:a3734097b414d68e3faa,bias_p000,4,a2,a1,down_substitution,True,0.0,-3.25,3.25
ISIC_0063739,cluster:ab81887137061cb265d3,bias_p000,4,a2,a2,none,False,-2.07,-2.07,0.0
ISIC_0063747,cluster:a3734097b414d68e3faa,bias_p000,4,a2,a1,down_substitution,True,0.0,-3.25,3.25
ISIC_0063748,cluster:d0fc21d9881d84cbe063,bias_p000,4,a0,a0,none,False,-15.600000000000001,-15.600000000000001,0.0
ISIC_0063769,cluster:aa5c605391214730aa0c,bias_p000,4,a3,a1,down_substitution,True,0.0,-13.0,13.0
ISIC_0063807,cluster:31bcc7b56ec9fa15beb7,bias_p000,4,a0,a0,none,False,-1.625,-1.625,0.0
ISIC_0063808,cluster:2ed7ebd8abe7b8e81111,bias_p000,4,a2,a2,none,False,0.0,0.0,0.0
ISIC_0063819,cluster:5d87b82069c855f8ddf1,bias_p000,4,a2,a2,none,False,-4.56,-4.56,0.0
ISIC_0063827,cluster:ce7cba63191a083d2d7e,bias_p000,4,a2,a2,none,False,0.0,0.0,0.0
ISIC_0063843,cluster:b1fc0ab0fc6d6abbba6b,bias_p000,4,a0,a0,none,False,0.0,0.0,0.0
ISIC_0063853,cluster:258500582c9370b36181,bias_p000,4,a0,a0,none,False,0.0,0.0,0.0
ISIC_0063859,cluster:87ae6ed08f074969fae9,bias_p000,4,a2,a2,none,False,0.0,0.0,0.0
ISIC_0063871,cluster:c8249ac42702001c4b88,bias_p000,4,a2,a1,down_substitution,True,-4.9399999999999995,-9.879999999999999,4.9399999999999995
ISIC_0063895,cluster:339e07def36bcb65cbe1,bias_p000,4,a0,a0,none,False,0.0,0.0,0.0
ISIC_0063910,cluster:45eb3177b52cb71b54a6,bias_p000,4,a0,a0,none,False,0.0,0.0,0.0
ISIC_0063924,cluster:e1adcb59cd16598d5172,bias_p000,4,a0,a0,none,False,0.0,0.0,0.0
ISIC_0063928,cluster:9d28549a45eba46f0993,bias_p000,4,a2,a1,down_substitution,True,0.0,-2.4699999999999998,2.4699999999999998
ISIC_0063930,cluster:f10ca30e864a28bdcbfb,bias_p000,4,a0,a0,none,False,-21.6,-21.6,0.0
ISIC_0063946,cluster:eb0aa05e4071a9034396,bias_p000,4,a0,a0,none,False,-14.819999999999999,-14.819999999999999,0.0
ISIC_0063952,cluster:a93b86c7d833b2e66881,bias_p000,4,a3,a2,down_substitution,True,0.0,-4.8,4.8
ISIC_0063956,cluster:c832439068a47c8e49d4,bias_p000,4,a2,a1,down_substitution,True,0.0,-2.4699999999999998,2.4699999999999998
ISIC_0063961,cluster:d3abf35be1cb9a92400b,bias_p000,4,a3,a0,down_substitution,True,0.0,-19.5,19.5
ISIC_0063976,cluster:1df93fb95a526c169a7d,bias_p000,4,a0,a0,none,False,0.0,0.0,0.0
ISIC_0063994,cluster:82740cbf77be5b9e6b7b,bias_p000,4,a2,a2,none,False,-7.2,-7.2,0.0
ISIC_0063998,cluster:5d87b82069c855f8ddf1,bias_p000,4,a1,a1,none,False,-9.12,-9.12,0.0
ISIC_0063999,cluster:9fe3bf580367c35f5c43,bias_p000,4,a2,a2,none,False,0.0,0.0,0.0
ISIC_0064009,cluster:fca46f701cb0c0bb9aa0,bias_p000,4,a0,a0,none,False,0.0,0.0,0.0
ISIC_0064022,cluster:d14f45396c433af114aa,bias_p000,4,a0,a0,none,False,-9.0,-9.0,0.0
ISIC_0064026,cluster:df3f8a5e7943f7ccde42,bias_p000,4,a3,a0,down_substitution,True,0.0,-19.5,19.5
ISIC_0064066,cluster:1f9686e741f51f523d63,bias_p000,4,a3,a3,none,False,0.0,0.0,0.0
ISIC_0064069,cluster:1029f0881c2bd80fcebb,bias_p000,4,a2,a1,down_substitution,True,-5.0,-2.5,-2.5
ISIC_0064072,cluster:55e3e352bfca20275ef7,bias_p000,4,a0,a0,none,False,-20.52,-20.52,0.0
ISIC_0064080,cluster:f71ae9b967f86360010c,bias_p000,4,a0,a0,none,False,-20.52,-20.52,0.0
ISIC_0064101,cluster:a685be1332db19549c20,bias_p000,4,a2,a2,none,False,0.0,0.0,0.0
ISIC_0064107,cluster:b16f3869e52b4c6edba7,bias_p000,4,a3,a3,none,False,0.0,0.0,0.0
ISIC_0064110,cluster:fc2c11eec6ab97bf0f4e,bias_p000,4,a0,a0,none,False,-14.399999999999999,-14.399999999999999,0.0
ISIC_0064120,cluster:fe992fe82c3baac2f94f,bias_p000,4,a3,a1,down_substitution,True,0.0,-13.0,13.0
ISIC_0064125,cluster:931fc7c6d74ecad85e9e,bias_p000,4,a0,a0,none,False,0.0,0.0,0.0
ISIC_0064139,cluster:339e07def36bcb65cbe1,bias_p000,4,a0,a0,none,False,0.0,0.0,0.0
ISIC_0064152,cluster:df3f8a5e7943f7ccde42,bias_p000,4,a2,a1,down_substitution,True,-6.5,-13.0,6.5
ISIC_0064160,cluster:390d175816caab0c432d,bias_p000,4,a0,a0,none,False,0.0,0.0,0.0
ISIC_0064167,cluster:1937ec662037ff1cf09a,bias_p000,4,a2,a2,none,False,-4.8,-4.8,0.0
ISIC_0064189,cluster:d7309f0fb197c551a2e5,bias_p000,4,a2,a1,down_substitution,True,-4.369999999999999,-2.1849999999999996,-2.1849999999999996
ISIC_0064201,cluster:89cd980bf855e013b4c3,bias_p000,4,a0,a0,none,False,-21.6,-21.6,0.0
ISIC_0064220,cluster:e7c02558a07adb0647ea,bias_p000,4,a3,a1,down_substitution,True,-7.199999999999999,-2.4,-4.799999999999999
ISIC_0064226,cluster:1a54c7fc644492d4af00,bias_p000,4,a2,a2,none,False,0.0,0.0,0.0
ISIC_0064239,cluster:8da8d8b9586193f29a21,bias_p000,4,a0,a0,none,False,0.0,0.0,0.0
ISIC_0064276,cluster:d46b7435e9a38928a56c,bias_p000,4,a3,a0,down_substitution,True,0.0,-14.819999999999999,14.819999999999999
ISIC_0064279,cluster:e697bbf4d9849030727e,bias_p000,4,a0,a0,none,False,-18.0,-18.0,0.0
ISIC_0064289,cluster:d0e7e392b13061503fbf,bias_p000,4,a0,a0,none,False,0.0,0.0,0.0
ISIC_0064300,cluster:d1980ceb737420d901a2,bias_p000,4,a2,a2,none,False,0.0,0.0,0.0
ISIC_0064301,cluster:d86b16aa75e7a86c0b8f,bias_p000,4,a2,a1,down_substitution,True,-1.9,0.0,-1.9
ISIC_0064306,cluster:f4d2fd9af6833299d49b,bias_p000,4,a0,a0,none,False,0.0,0.0,0.0
ISIC_0064308,cluster:b1fc0ab0fc6d6abbba6b,bias_p000,4,a0,a0,none,False,0.0,0.0,0.0
ISIC_0064310,cluster:532467324e8468470bb5,bias_p000,4,a2,a2,none,False,0.0,0.0,0.0
ISIC_0064316,cluster:592d1fd3168ad7eeda8a,bias_p000,4,a0,a0,none,False,0.0,0.0,0.0
ISIC_0064326,cluster:d2279935700da7644007,bias_p000,4,a2,a0,down_substitution,True,-5.52,0.0,-5.52
ISIC_0064351,cluster:9c6e11ef3db343d480d5,bias_p000,4,a0,a0,none,False,-6.84,-6.84,0.0
ISIC_0064354,cluster:a59e590e81a76afba3c9,bias_p000,4,a0,a0,none,False,-7.2,-7.2,0.0
ISIC_0064356,cluster:24796d1d52be29bbf56f,bias_p000,4,a2,a2,none,False,-0.98325,-0.98325,0.0
ISIC_0064365,cluster:fca46f701cb0c0bb9aa0,bias_p000,4,a2,a1,down_substitution,True,-5.0,-2.5,-2.5
ISIC_0064367,cluster:b9b304c765a1972fbda6,bias_p000,4,a0,a0,none,False,0.0,0.0,0.0
ISIC_0064370,cluster:cbc52785f90ed4996030,bias_p000,4,a0,a0,none,False,0.0,0.0,0.0
ISIC_0064384,cluster:9e46c6c63a864f963108,bias_p000,4,a2,a1,down_substitution,True,-5.243999999999999,-2.6219999999999994,-2.6219999999999994
ISIC_0064385,cluster:8f7950eda33ca11de8e3,bias_p000,4,a0,a0,none,False,0.0,0.0,0.0
ISIC_0064389,cluster:66fb6660b104933e7830,bias_p000,4,a0,a0,none,False,0.0,0.0,0.0
ISIC_0064396,cluster:486a90b4e6c5b815e07f,bias_p000,4,a0,a0,none,False,-21.6,-21.6,0.0
ISIC_0064398,cluster:692192093efdfa5f7dd9,bias_p000,4,a2,a0,down_substitution,True,-2.1849999999999996,-1.625,-0.5599999999999996
ISIC_0064403,cluster:d2279935700da7644007,bias_p000,4,a0,a0,none,False,0.0,0.0,0.0
ISIC_0064406,cluster:9b43ad678b022cd5a044,bias_p000,4,a3,a0,down_substitution,True,0.0,-15.600000000000001,15.600000000000001
ISIC_0064428,cluster:55e3e352bfca20275ef7,bias_p000,4,a0,a0,none,False,-20.52,-20.52,0.0
ISIC_0064456,cluster:0c6899c1ceb7b84c586e,bias_p000,4,a2,a1,down_substitution,True,0.0,-3.25,3.25
ISIC_0064457,cluster:ab81887137061cb265d3,bias_p000,4,a2,a2,none,False,-2.07,-2.07,0.0
ISIC_0064462,cluster:1f9686e741f51f523d63,bias_p000,4,a3,a3,none,False,0.0,0.0,0.0
ISIC_0064463,cluster:8e500bbceb4ca18099cd,bias_p000,4,a2,a1,down_substitution,True,-4.9399999999999995,-9.879999999999999,4.9399999999999995
ISIC_0064474,cluster:17b7bf5e0e90f4cdd370,bias_p000,4,a2,a1,down_substitution,True,-2.1849999999999996,0.0,-2.1849999999999996
ISIC_0064475,cluster:f85cca3ab33d925a0fde,bias_p000,4,a0,a0,none,False,0.0,0.0,0.0
ISIC_0064488,cluster:66962c8755367479296c,bias_p000,4,a1,a2,up_substitution,True,-1.1799,-2.3598,1.1799
ISIC_0064493,cluster:60d7d4c928562118c07c,bias_p000,4,a0,a0,none,False,0.0,0.0,0.0
ISIC_0064494,cluster:f06f849f651562c23aee,bias_p000,4,a2,a1,down_substitution,True,-4.0,-2.0,-2.0
ISIC_0064509,cluster:b9b304c765a1972fbda6,bias_p000,4,a0,a0,none,False,0.0,0.0,0.0
ISIC_0064517,cluster:130c5ef96fd7abf8a993,bias_p000,4,a0,a0,none,False,-14.399999999999999,-14.399999999999999,0.0
ISIC_0064519,cluster:532467324e8468470bb5,bias_p000,4,a2,a2,none,False,0.0,0.0,0.0
ISIC_0064522,cluster:bcf51ea10b5606a21df0,bias_p000,4,a2,a2,none,False,-6.84,-6.84,0.0
ISIC_0064523,cluster:66b5661ff0c2ed39b14c,bias_p000,4,a0,a0,none,False,0.0,0.0,0.0
ISIC_0064529,cluster:8db3554228a6b2c119fd,bias_p000,4,a2,a2,none,False,-1.3679999999999999,-1.3679999999999999,0.0
ISIC_0064541,cluster:45cea2d6231d0ce60d72,bias_p000,4,a0,a0,none,False,0.0,0.0,0.0
ISIC_0064557,cluster:558086a4130e1006e936,bias_p000,4,a0,a0,none,False,0.0,0.0,0.0
ISIC_0064561,cluster:ec0a139baf3fa5e172d5,bias_p000,4,a1,a1,none,False,-2.0,-2.0,0.0
ISIC_0064567,cluster:8a1219dc4ac21f560548,bias_p000,4,a3,a0,down_substitution,True,-6.8999999999999995,-1.2349999999999999,-5.664999999999999
ISIC_0064574,cluster:25c3a7fbdaec887143af,bias_p000,4,a0,a0,none,False,0.0,0.0,0.0
ISIC_0064608,cluster:387008b5032ace8c4371,bias_p000,4,a2,a1,down_substitution,True,0.0,-2.6,2.6
ISIC_0064619,cluster:b63de9382d3c114b851d,bias_p000,4,a0,a0,none,False,-15.600000000000001,-15.600000000000001,0.0
ISIC_0064624,cluster:74ae0beda631c7db6c2d,bias_p000,4,a0,a0,none,False,-5.2,-5.2,0.0
ISIC_0064640,cluster:53a27e68c201852763c4,bias_p000,4,a0,a0,none,False,0.0,0.0,0.0
ISIC_0064649,cluster:6186ede43985dc1bf845,bias_p000,4,a2,a1,down_substitution,True,0.0,-3.25,3.25
ISIC_0064659,cluster:9af439d9045c8cf4bc1a,bias_p000,4,a2,a2,none,False,-1.6387499999999997,-1.6387499999999997,0.0
ISIC_0064672,cluster:130c5ef96fd7abf8a993,bias_p000,4,a0,a0,none,False,-14.399999999999999,-14.399999999999999,0.0
ISIC_0064675,cluster:b72ae5bbc301e31bb12f,bias_p000,4,a0,a0,none,False,0.0,0.0,0.0
ISIC_0064681,cluster:24593895760f7673893b,bias_p000,4,a3,a1,down_substitution,True,-2.28,-3.25,0.9700000000000002
ISIC_0064684,cluster:7b20747c9bae103d736b,bias_p000,4,a3,a1,down_substitution,True,-3.0,-2.4699999999999998,-0.5300000000000002
ISIC_0064707,cluster:cd1138fadd4fa21bfb58,bias_p000,4,a0,a0,none,False,0.0,0.0,0.0
ISIC_0064727,cluster:27982e8f6f6e2ce98615,bias_p000,4,a2,a2,none,False,-2.4839999999999995,-2.4839999999999995,0.0
ISIC_0064734,cluster:e66616d8f17155bfa5c3,bias_p000,4,a1,a1,none,False,-3.25,-3.25,0.0
ISIC_0064742,cluster:486a90b4e6c5b815e07f,bias_p000,4,a2,a2,none,False,-7.2,-7.2,0.0
ISIC_0064751,cluster:e5bd30639dec275046bf,bias_p000,4,a2,a1,down_substitution,True,0.0,-2.6,2.6
ISIC_0064767,cluster:316eb6695cf9bdc2039a,bias_p000,4,a0,a0,none,False,0.0,0.0,0.0
ISIC_0064768,cluster:b1fc0ab0fc6d6abbba6b,bias_p000,4,a0,a0,none,False,0.0,0.0,0.0
ISIC_0064781,cluster:f06f849f651562c23aee,bias_p000,4,a0,a0,none,False,0.0,0.0,0.0
ISIC_0064782,cluster:592d1fd3168ad7eeda8a,bias_p000,4,a0,a0,none,False,0.0,0.0,0.0
ISIC_0064785,cluster:1f9686e741f51f523d63,bias_p000,4,a2,a2,none,False,-4.56,-4.56,0.0
ISIC_0064796,cluster:a080b4920fb4a5134a97,bias_p000,4,a0,a0,none,False,-5.2,-5.2,0.0
ISIC_0064805,cluster:0c6899c1ceb7b84c586e,bias_p000,4,a2,a1,down_substitution,True,0.0,-3.25,3.25
ISIC_0064815,cluster:cd015bb513b601122ede,bias_p000,4,a2,a1,down_substitution,True,-2.6219999999999994,0.0,-2.6219999999999994
ISIC_0064843,cluster:ab9ec54038536fbf3b75,bias_p000,4,a2,a1,down_substitution,True,0.0,-2.4699999999999998,2.4699999999999998
ISIC_0064845,cluster:60dca78f4fccf1660a97,bias_p000,4,a2,a2,none,False,-1.7099999999999997,-1.7099999999999997,0.0
ISIC_0064860,cluster:97499bb5ffd3bf3cf2b4,bias_p000,4,a0,a0,none,False,-15.600000000000001,-15.600000000000001,0.0
ISIC_0064865,cluster:a14b1941814964cb80b1,bias_p000,4,a1,a0,down_substitution,True,-0.8624999999999999,0.0,-0.8624999999999999
ISIC_0064866,cluster:f0296f32e11c19278241,bias_p000,4,a2,a2,none,False,-2.07,-2.07,0.0
ISIC_0064868,cluster:e2bfcb75398164d03d00,bias_p000,4,a0,a0,none,False,-14.819999999999999,-14.819999999999999,0.0
ISIC_0064903,cluster:a6a57b6dd9e8dc62a0fc,bias_p000,4,a0,a0,none,False,0.0,0.0,0.0
ISIC_0064908,cluster:db571fc5e9e99fb81627,bias_p000,4,a0,a0,none,False,0.0,0.0,0.0
ISIC_0064909,cluster:f5eb81935dedd545ed56,bias_p000,4,a3,a2,down_substitution,True,0.0,-6.0,6.0
ISIC_0064922,cluster:96fb3b89d07221946f37,bias_p000,4,a0,a0,none,False,0.0,0.0,0.0
ISIC_0064926,cluster:6b3aa9a34309ab478092,bias_p000,4,a2,a1,down_substitution,True,-6.5,-13.0,6.5
ISIC_0064951,cluster:db497b54b3041cbc7cd7,bias_p000,4,a0,a0,none,False,-6.5,-6.5,0.0
ISIC_0064961,cluster:3db20e26bba4087de584,bias_p000,4,a0,a0,none,False,0.0,0.0,0.0
ISIC_0064965,cluster:7175f533f4236acaaa62,bias_p000,4,a0,a0,none,False,-15.600000000000001,-15.600000000000001,0.0
ISIC_0064969,cluster:24078adcc6d686f67f3d,bias_p000,4,a2,a1,down_substitution,True,0.0,-2.4699999999999998,2.4699999999999998
ISIC_0064980,cluster:1f9686e741f51f523d63,bias_p000,4,a3,a3,none,False,0.0,0.0,0.0
ISIC_0064982,cluster:89cd980bf855e013b4c3,bias_p000,4,a0,a0,none,False,-21.6,-21.6,0.0
ISIC_0064998,cluster:ce7cba63191a083d2d7e,bias_p000,4,a2,a2,none,False,0.0,0.0,0.0
ISIC_0065023,cluster:79706b88645aaa255f36,bias_p000,4,a0,a0,none,False,-14.399999999999999,-14.399999999999999,0.0
ISIC_0065031,cluster:390081f0cf63ff93dc93,bias_p000,4,a3,a0,down_substitution,True,-2.4,-5.2,2.8000000000000003
ISIC_0065033,cluster:9c6b2c70ba13d009e7d4,bias_p000,4,a0,a0,none,False,0.0,0.0,0.0
ISIC_0065034,cluster:b1fc0ab0fc6d6abbba6b,bias_p000,4,a3,a0,down_substitution,True,-6.84,0.0,-6.84
ISIC_0065039,cluster:ed5ca12082bb8afb52eb,bias_p000,4,a0,a0,none,False,-19.5,-19.5,0.0
ISIC_0065041,cluster:07d7579a157617d1cbd1,bias_p000,4,a3,a1,down_substitution,True,-1.9,-3.25,1.35
ISIC_0065083,cluster:9a021663091cbca1740e,bias_p000,4,a2,a1,down_substitution,True,0.0,-2.6,2.6
ISIC_0065084,cluster:eeecf602703d0840f7d6,bias_p000,4,a0,a0,none,False,-6.84,-6.84,0.0
ISIC_0065105,cluster:258500582c9370b36181,bias_p000,4,a3,a0,down_substitution,True,-2.949749999999999,0.0,-2.949749999999999
ISIC_0065111,cluster:89af3566eddd6d482aa8,bias_p000,4,a1,a0,down_substitution,True,-2.1849999999999996,0.0,-2.1849999999999996
ISIC_0065115,cluster:06562307c8f8a397b49e,bias_p000,4,a0,a0,none,False,-1.5,-1.5,0.0
ISIC_0065120,cluster:7b64c40e74c34ce347bd,bias_p000,4,a2,a1,down_substitution,True,0.0,-2.6,2.6
ISIC_0065121,cluster:d3abf35be1cb9a92400b,bias_p000,4,a3,a1,down_substitution,True,0.0,-13.0,13.0
ISIC_0065128,cluster:d77e078ef8e328e216e9,bias_p000,4,a0,a0,none,False,-18.0,-18.0,0.0
ISIC_0065129,cluster:c71b7b54a14f15d898f4,bias_p000,4,a2,a0,down_substitution,True,0.0,-6.5,6.5
ISIC_0065140,cluster:d1980ceb737420d901a2,bias_p000,4,a2,a2,none,False,0.0,0.0,0.0
ISIC_0065141,cluster:eeecf602703d0840f7d6,bias_p000,4,a0,a0,none,False,-6.84,-6.84,0.0
ISIC_0065146,cluster:b13c03b49a78f6e5781a,bias_p000,4,a3,a1,down_substitution,True,-2.28,-3.25,0.9700000000000002
ISIC_0065161,cluster:9b788bdf40422d07faad,bias_p000,4,a0,a0,none,False,0.0,0.0,0.0
ISIC_0065173,cluster:79b9e41944be4db7fab4,bias_p000,4,a3,a2,down_substitution,True,0.0,-6.84,6.84
ISIC_0065229,cluster:b16f3869e52b4c6edba7,bias_p000,4,a3,a3,none,False,0.0,0.0,0.0
ISIC_0065235,cluster:ec9c39e69a646df7092f,bias_p000,4,a0,a0,none,False,-18.0,-18.0,0.0
ISIC_0065245,cluster:7cc48728c36fb9908291,bias_p000,4,a0,a0,none,False,0.0,0.0,0.0
ISIC_0065253,cluster:15fb36236c2cc2766bd1,bias_p000,4,a0,a0,none,False,-14.399999999999999,-14.399999999999999,0.0
ISIC_0065261,cluster:7d2ad35b00408c558ade,bias_p000,4,a0,a0,none,False,0.0,0.0,0.0
ISIC_0065273,cluster:66fb6660b104933e7830,bias_p000,4,a0,a0,none,False,0.0,0.0,0.0
ISIC_0065276,cluster:24078adcc6d686f67f3d,bias_p000,4,a3,a1,down_substitution,True,-3.0,-2.4699999999999998,-0.5300000000000002
ISIC_0065279,cluster:ad9d6aad05ce824458ef,bias_p000,4,a2,a2,none,False,0.0,0.0,0.0
ISIC_0065290,cluster:be31a09bf02f8b98efdb,bias_p000,4,a0,a0,none,False,0.0,0.0,0.0
ISIC_0065297,cluster:1c8a0b459a84d323bc94,bias_p000,4,a3,a3,none,False,-3.1049999999999995,-3.1049999999999995,0.0
ISIC_0065302,cluster:fcc35d8ed62b64f85245,bias_p000,4,a0,a0,none,False,-1.2,-1.2,0.0
ISIC_0065324,cluster:5d87b82069c855f8ddf1,bias_p000,4,a3,a2,down_substitution,True,0.0,-4.56,4.56
ISIC_0065341,cluster:fa3786237be0a6e171e7,bias_p000,4,a0,a0,none,False,-15.600000000000001,-15.600000000000001,0.0
ISIC_0065355,cluster:6670e6839bf10394076f,bias_p000,4,a3,a0,down_substitution,True,-2.5875,-1.14,-1.4475
ISIC_0065357,cluster:66b5661ff0c2ed39b14c,bias_p000,4,a0,a0,none,False,0.0,0.0,0.0
ISIC_0065360,cluster:6b07589e4a0822d5f5a3,bias_p000,4,a3,a0,down_substitution,True,0.0,-14.819999999999999,14.819999999999999
ISIC_0065362,cluster:eeecf602703d0840f7d6,bias_p000,4,a2,a2,none,False,0.0,0.0,0.0
ISIC_0065372,cluster:d1f59b6568038edfc30a,bias_p000,4,a0,a0,none,False,0.0,0.0,0.0
ISIC_0065379,cluster:5f2b84073668547c86d8,bias_p000,4,a3,a2,down_substitution,True,0.0,-6.0,6.0
ISIC_0065387,cluster:644de4fdbeaa058b74f2,bias_p000,4,a3,a1,down_substitution,True,-5.243999999999999,0.0,-5.243999999999999
ISIC_0065394,cluster:891aa4daae5ea893ed0a,bias_p000,4,a0,a0,none,False,0.0,0.0,0.0
ISIC_0065397,cluster:4148880f3001a1875a61,bias_p000,4,a3,a1,down_substitution,True,-2.5,-2.4699999999999998,-0.03000000000000025
ISIC_0065401,cluster:fc8e8f9c188eb46a451c,bias_p000,4,a2,a1,down_substitution,True,0.0,-3.25,3.25
ISIC_0065415,cluster:96de22e4f6dabb032708,bias_p000,4,a0,a0,none,False,-1.5,-1.5,0.0
ISIC_0065429,cluster:a3734097b414d68e3faa,bias_p000,4,a2,a1,down_substitution,True,0.0,-3.25,3.25
ISIC_0065436,cluster:3f6111f62dc84e40f924,bias_p000,4,a0,a0,none,False,0.0,0.0,0.0
ISIC_0065458,cluster:506701004cc7aff965ae,bias_p000,4,a0,a0,none,False,0.0,0.0,0.0
ISIC_0065514,cluster:549b5e38ac79504d65c3,bias_p000,4,a0,a0,none,False,-1.625,-1.625,0.0
ISIC_0065542,cluster:4b65475660fd8f8d680d,bias_p000,4,a0,a0,none,False,0.0,0.0,0.0
ISIC_0065547,cluster:3c8ebede2e1a0dc5a571,bias_p000,4,a2,a1,down_substitution,True,0.0,-2.6,2.6
ISIC_0065569,cluster:d86b16aa75e7a86c0b8f,bias_p000,4,a3,a1,down_substitution,True,-3.8,0.0,-3.8
ISIC_0065586,cluster:3cbe67a208a1a0773abb,bias_p000,4,a0,a0,none,False,0.0,0.0,0.0
ISIC_0065597,cluster:f246922f4cd8eb809ecb,bias_p000,4,a2,a1,down_substitution,True,-6.5,-13.0,6.5
ISIC_0065598,cluster:f71ae9b967f86360010c,bias_p000,4,a0,a0,none,False,-20.52,-20.52,0.0
ISIC_0065600,cluster:792cf2eb3d8b00a8e81b,bias_p000,4,a0,a0,none,False,0.0,0.0,0.0
ISIC_0065601,cluster:60dca78f4fccf1660a97,bias_p000,4,a2,a2,none,False,-1.7099999999999997,-1.7099999999999997,0.0
ISIC_0065603,cluster:a5066109153e9dcbc043,bias_p000,4,a2,a1,down_substitution,True,-4.6,-2.3,-2.3
ISIC_0065605,cluster:90b4caec2961fa0b3eee,bias_p000,4,a2,a1,down_substitution,True,0.0,-2.6,2.6
ISIC_0065612,cluster:0c08834bdb21bf4f6b78,bias_p000,4,a2,a1,down_substitution,True,0.0,-2.6,2.6
ISIC_0065622,cluster:f5eb81935dedd545ed56,bias_p000,4,a2,a2,none,False,-6.0,-6.0,0.0
ISIC_0065636,cluster:f680beee98a7fe8b88b0,bias_p000,4,a0,a0,none,False,0.0,0.0,0.0
ISIC_0065645,cluster:9209c9ef24c9d24c9a8b,bias_p000,4,a0,a0,none,False,0.0,0.0,0.0
ISIC_0065649,cluster:b2ddeb4d063bf2a11c77,bias_p000,4,a2,a1,down_substitution,True,0.0,-3.25,3.25
ISIC_0065655,cluster:5d87b82069c855f8ddf1,bias_p000,4,a1,a1,none,False,-9.12,-9.12,0.0
ISIC_0065662,cluster:c58aa9c55747972ee670,bias_p000,4,a2,a2,none,False,0.0,0.0,0.0
ISIC_0065668,cluster:557a3a488eded2977300,bias_p000,4,a3,a3,none,False,0.0,0.0,0.0
ISIC_0065672,cluster:f1ed1d60bae49c68408b,bias_p000,4,a0,a0,none,False,0.0,0.0,0.0
ISIC_0065687,cluster:cc4d03cfd1a4a7df068b,bias_p000,4,a2,a2,none,False,-2.3598,-2.3598,0.0
ISIC_0065688,cluster:ec0792a26155e5e15760,bias_p000,4,a0,a0,none,False,-1.2349999999999999,-1.2349999999999999,0.0
ISIC_0065700,cluster:24f6b24063a65f27bb54,bias_p000,4,a0,a0,none,False,0.0,0.0,0.0
ISIC_0065718,cluster:60dca78f4fccf1660a97,bias_p000,4,a2,a2,none,False,-1.7099999999999997,-1.7099999999999997,0.0
ISIC_0065725,cluster:b2bcae54be128a1d4080,bias_p000,4,a2,a2,none,False,-4.8,-4.8,0.0
ISIC_0065746,cluster:c446bf97c1f134bc3214,bias_p000,4,a2,a1,down_substitution,True,-6.5,-13.0,6.5
ISIC_0065768,cluster:1e0a20fdff25ff00bf4b,bias_p000,4,a2,a2,none,False,-1.9665,-1.9665,0.0
ISIC_0065773,cluster:66b5661ff0c2ed39b14c,bias_p000,4,a0,a0,none,False,0.0,0.0,0.0
ISIC_0065779,cluster:707ab3313d25e849887a,bias_p000,4,a0,a0,none,False,0.0,0.0,0.0
ISIC_0065791,cluster:5956bfeab672fdfacc61,bias_p000,4,a0,a0,none,False,0.0,0.0,0.0
ISIC_0065797,cluster:2ed7ebd8abe7b8e81111,bias_p000,4,a2,a2,none,False,0.0,0.0,0.0
ISIC_0065805,cluster:9810c33283cd5afa7145,bias_p000,4,a2,a1,down_substitution,True,0.0,-3.25,3.25
ISIC_0065810,cluster:96de22e4f6dabb032708,bias_p000,4,a0,a0,none,False,-1.5,-1.5,0.0
ISIC_0065816,cluster:6e8b8d2ce88aea45234f,bias_p000,4,a2,a2,none,False,-4.8,-4.8,0.0
ISIC_0065826,cluster:cb7a0e714b2f584b250b,bias_p000,4,a2,a1,down_substitution,True,0.0,-3.25,3.25
ISIC_0065828,cluster:d87670aff668433a827e,bias_p000,4,a2,a2,none,False,-1.035,-1.035,0.0
ISIC_0065833,cluster:ee3376f0a9c7479b934e,bias_p000,4,a2,a1,down_substitution,True,0.0,-2.4699999999999998,2.4699999999999998
ISIC_0065853,cluster:79706b88645aaa255f36,bias_p000,4,a0,a0,none,False,-14.399999999999999,-14.399999999999999,0.0
ISIC_0065854,cluster:53a27e68c201852763c4,bias_p000,4,a0,a0,none,False,0.0,0.0,0.0
ISIC_0065876,cluster:c4faff0897001a207b54,bias_p000,4,a2,a2,none,False,0.0,0.0,0.0
ISIC_0065877,cluster:8919ddd7cd828f107e9f,bias_p000,4,a2,a1,down_substitution,True,0.0,-2.4699999999999998,2.4699999999999998
ISIC_0065880,cluster:cda158e2f5bc68b473df,bias_p000,4,a1,a1,none,False,-3.25,-3.25,0.0
ISIC_0065881,cluster:e161c647a415686a5470,bias_p000,4,a0,a0,none,False,0.0,0.0,0.0
ISIC_0065882,cluster:53a27e68c201852763c4,bias_p000,4,a0,a0,none,False,0.0,0.0,0.0
ISIC_0065889,cluster:f77f9dd4883a97a34fcb,bias_p000,4,a3,a0,down_substitution,True,0.0,-19.5,19.5
ISIC_0065892,cluster:24796d1d52be29bbf56f,bias_p000,4,a2,a2,none,False,-0.98325,-0.98325,0.0
ISIC_0065893,cluster:47a2069d24382400be57,bias_p000,4,a2,a2,none,False,0.0,0.0,0.0
ISIC_0065918,cluster:f71ae9b967f86360010c,bias_p000,4,a0,a0,none,False,-20.52,-20.52,0.0
ISIC_0065927,cluster:fa3786237be0a6e171e7,bias_p000,4,a0,a0,none,False,-15.600000000000001,-15.600000000000001,0.0
ISIC_0065969,cluster:89cd980bf855e013b4c3,bias_p000,4,a0,a0,none,False,-21.6,-21.6,0.0
ISIC_0065977,cluster:d8518b01cffe4c9b8c4c,bias_p000,4,a0,a0,none,False,0.0,0.0,0.0
ISIC_0066003,cluster:b7c93a2a6a9f34d0defb,bias_p000,4,a0,a0,none,False,0.0,0.0,0.0
ISIC_0066010,cluster:fcfb87e8c6077ecacab6,bias_p000,4,a2,a1,down_substitution,True,0.0,-2.4699999999999998,2.4699999999999998
ISIC_0066017,cluster:8f9a204cacef571e3c9f,bias_p000,4,a0,a0,none,False,0.0,0.0,0.0
ISIC_0066029,cluster:a685be1332db19549c20,bias_p000,4,a2,a2,none,False,0.0,0.0,0.0
ISIC_0066048,cluster:d0e7e392b13061503fbf,bias_p000,4,a0,a0,none,False,0.0,0.0,0.0
ISIC_0066058,cluster:79b9e41944be4db7fab4,bias_p000,4,a2,a2,none,False,-6.84,-6.84,0.0
ISIC_0066061,cluster:f5eb81935dedd545ed56,bias_p000,4,a0,a0,none,False,-18.0,-18.0,0.0
ISIC_0066062,cluster:200f1dce2f4856dfabd3,bias_p000,4,a3,a1,down_substitution,True,-2.76,-2.6,-0.1599999999999997
ISIC_0066108,cluster:bab0382a9422b3ddc6a4,bias_p000,4,a2,a1,down_substitution,True,-2.28,0.0,-2.28
ISIC_0066113,cluster:707ab3313d25e849887a,bias_p000,4,a0,a0,none,False,0.0,0.0,0.0
ISIC_0066115,cluster:d1980ceb737420d901a2,bias_p000,4,a2,a2,none,False,0.0,0.0,0.0
ISIC_0066129,cluster:7e29c44996c9100b98f9,bias_p000,4,a1,a2,up_substitution,True,0.0,-1.5525,1.5525
ISIC_0066130,cluster:3b8df527ada52bcba55a,bias_p000,4,a0,a0,none,False,0.0,0.0,0.0
ISIC_0066138,cluster:37caba8e0d6325b5b8c6,bias_p000,4,a3,a0,down_substitution,True,-4.56,-1.625,-2.9349999999999996
ISIC_0066144,cluster:967ee22c557f31680931,bias_p000,4,a2,a1,down_substitution,True,0.0,-2.6,2.6
ISIC_0066150,cluster:5f2b84073668547c86d8,bias_p000,4,a0,a0,none,False,-18.0,-18.0,0.0
ISIC_0066153,cluster:9f3b8958e3d6581167e9,bias_p000,4,a2,a0,down_substitution,True,-6.8999999999999995,0.0,-6.8999999999999995
ISIC_0066166,cluster:9c6e11ef3db343d480d5,bias_p000,4,a0,a0,none,False,-6.84,-6.84,0.0
ISIC_0066174,cluster:921a30f8ee0faf5b3cd8,bias_p000,4,a0,a0,none,False,0.0,0.0,0.0
ISIC_0066182,cluster:ec9c39e69a646df7092f,bias_p000,4,a3,a0,down_substitution,True,0.0,-18.0,18.0
ISIC_0066195,cluster:ba5f0f12678dd46f6bf1,bias_p000,4,a2,a2,none,False,-1.656,-1.656,0.0
ISIC_0066211,cluster:9c6b2c70ba13d009e7d4,bias_p000,4,a1,a1,none,False,-2.28,-2.28,0.0
ISIC_0066213,cluster:51026cdaf9ab581aa4e8,bias_p000,4,a3,a0,down_substitution,True,0.0,-19.5,19.5
ISIC_0066220,cluster:f5c5294f71e8dfd629fb,bias_p000,4,a2,a0,down_substitution,True,0.0,-5.2,5.2
ISIC_0066221,cluster:549683e2941415947b40,bias_p000,4,a3,a0,down_substitution,True,-3.4499999999999997,-4.9399999999999995,1.4899999999999998
ISIC_0066238,cluster:8825f9e4a5492e5595ee,bias_p000,4,a3,a1,down_substitution,True,-2.28,-3.25,0.9700000000000002
ISIC_0066240,cluster:a93b86c7d833b2e66881,bias_p000,4,a3,a2,down_substitution,True,0.0,-4.8,4.8
ISIC_0066247,cluster:e243e9d28538278b201a,bias_p000,4,a0,a0,none,False,0.0,0.0,0.0
ISIC_0066254,cluster:1df93fb95a526c169a7d,bias_p000,4,a0,a0,none,False,0.0,0.0,0.0
ISIC_0066262,cluster:a93b86c7d833b2e66881,bias_p000,4,a3,a2,down_substitution,True,0.0,-4.8,4.8
ISIC_0066279,cluster:7d2ad35b00408c558ade,bias_p000,4,a0,a0,none,False,0.0,0.0,0.0
ISIC_0066292,cluster:0e84c86c3a4954f0b702,bias_p000,4,a2,a1,down_substitution,True,0.0,-2.6,2.6
ISIC_0066300,cluster:0fc50c96646ae85f2ef2,bias_p000,4,a0,a0,none,False,0.0,0.0,0.0
ISIC_0066308,cluster:2af48ff45429ac2435d5,bias_p000,4,a3,a3,none,False,0.0,0.0,0.0
ISIC_0066319,cluster:1f9686e741f51f523d63,bias_p000,4,a3,a3,none,False,0.0,0.0,0.0
ISIC_0066325,cluster:1937ec662037ff1cf09a,bias_p000,4,a3,a2,down_substitution,True,0.0,-4.8,4.8
ISIC_0066327,cluster:f1ed1d60bae49c68408b,bias_p000,4,a0,a0,none,False,0.0,0.0,0.0
ISIC_0066331,cluster:9a021663091cbca1740e,bias_p000,4,a2,a1,down_substitution,True,0.0,-2.6,2.6
ISIC_0066338,cluster:8407f2f9255d9f62de34,bias_p000,4,a0,a0,none,False,-19.5,-19.5,0.0
ISIC_0066349,cluster:6c58962864a21317e7a8,bias_p000,4,a0,a0,none,False,0.0,0.0,0.0
ISIC_0066354,cluster:a93b86c7d833b2e66881,bias_p000,4,a3,a2,down_substitution,True,0.0,-4.8,4.8
ISIC_0066358,cluster:1fced810dad8d1f61c4e,bias_p000,4,a0,a0,none,False,-15.600000000000001,-15.600000000000001,0.0
ISIC_0066360,cluster:24078adcc6d686f67f3d,bias_p000,4,a2,a1,down_substitution,True,0.0,-2.4699999999999998,2.4699999999999998
ISIC_0066377,cluster:b5b24ddfe8419949c542,bias_p000,4,a2,a2,none,False,-9.0,-9.0,0.0
ISIC_0066378,cluster:1937ec662037ff1cf09a,bias_p000,4,a3,a2,down_substitution,True,0.0,-4.8,4.8
ISIC_0066389,cluster:187b18a0e27f6ce7ef5c,bias_p000,4,a2,a2,none,False,-1.2419999999999998,-1.2419999999999998,0.0
ISIC_0066391,cluster:698e15bed38d94acd904,bias_p000,4,a2,a1,down_substitution,True,0.0,-3.25,3.25
ISIC_0066393,cluster:e161c647a415686a5470,bias_p000,4,a0,a0,none,False,0.0,0.0,0.0
ISIC_0066398,cluster:ad9d6aad05ce824458ef,bias_p000,4,a2,a2,none,False,0.0,0.0,0.0
ISIC_0066399,cluster:df3f8a5e7943f7ccde42,bias_p000,4,a2,a1,down_substitution,True,-6.5,-13.0,6.5
ISIC_0066430,cluster:7175f533f4236acaaa62,bias_p000,4,a0,a0,none,False,-15.600000000000001,-15.600000000000001,0.0
ISIC_0066431,cluster:9a021663091cbca1740e,bias_p000,4,a2,a1,down_substitution,True,0.0,-2.6,2.6
ISIC_0066442,cluster:9a021663091cbca1740e,bias_p000,4,a2,a1,down_substitution,True,0.0,-2.6,2.6
ISIC_0066450,cluster:50fe8487d50027d9752f,bias_p000,4,a3,a1,down_substitution,True,-6.8999999999999995,0.0,-6.8999999999999995
ISIC_0066458,cluster:45eb3177b52cb71b54a6,bias_p000,4,a0,a0,none,False,0.0,0.0,0.0
ISIC_0066473,cluster:2b79af64734072915dd0,bias_p000,4,a2,a1,down_substitution,True,0.0,-2.6,2.6
ISIC_0066475,cluster:8e5bbdd0d845928ac3b5,bias_p000,4,a1,a1,none,False,-0.7124999999999999,-0.7124999999999999,0.0
ISIC_0066478,cluster:b3dabab35432773c5cc2,bias_p000,4,a2,a1,down_substitution,True,0.0,-3.25,3.25
ISIC_0066482,cluster:b5b24ddfe8419949c542,bias_p000,4,a2,a2,none,False,-9.0,-9.0,0.0
ISIC_0066500,cluster:4c6a22cd9cb03eeaae11,bias_p000,4,a3,a0,down_substitution,True,0.0,-14.399999999999999,14.399999999999999
ISIC_0066519,cluster:9b43ad678b022cd5a044,bias_p000,4,a3,a0,down_substitution,True,0.0,-15.600000000000001,15.600000000000001
ISIC_0066527,cluster:ee3a4e66ff399e17eb43,bias_p000,4,a0,a0,none,False,0.0,0.0,0.0
ISIC_0066563,cluster:39c98aab90bd8c125b59,bias_p000,4,a3,a2,down_substitution,True,-1.026,0.0,-1.026
ISIC_0066564,cluster:8268c0d076102b8e5628,bias_p000,4,a0,a0,none,False,-19.5,-19.5,0.0
ISIC_0066565,cluster:fa6a54c3620818ead108,bias_p000,4,a0,a0,none,False,0.0,0.0,0.0
ISIC_0066585,cluster:d57b81f03920f0c834b0,bias_p000,4,a0,a0,none,False,0.0,0.0,0.0
ISIC_0066593,cluster:45e529888705c0e41e6e,bias_p000,4,a3,a1,down_substitution,True,0.0,-9.879999999999999,9.879999999999999
ISIC_0066595,cluster:698e15bed38d94acd904,bias_p000,4,a2,a1,down_substitution,True,0.0,-3.25,3.25
ISIC_0066603,cluster:d354639bf7caa2f6d71d,bias_p000,4,a0,a0,none,False,-21.6,-21.6,0.0
ISIC_0066618,cluster:85483282f952fcc5c22a,bias_p000,4,a2,a1,down_substitution,True,-2.3,0.0,-2.3
ISIC_0066621,cluster:d9863e6d6db033336413,bias_p000,4,a0,a0,none,False,0.0,0.0,0.0
ISIC_0066651,cluster:680a85f8dac220e9e18b,bias_p000,4,a0,a0,none,False,0.0,0.0,0.0
ISIC_0066653,cluster:da140f48e2085897313c,bias_p000,4,a0,a0,none,False,0.0,0.0,0.0
ISIC_0066659,cluster:8d379f44152c7fb82eb7,bias_p000,4,a3,a1,down_substitution,True,0.0,-10.4,10.4
ISIC_0066661,cluster:a6e6150fcb506f17cbb4,bias_p000,4,a3,a0,down_substitution,True,-7.199999999999999,0.0,-7.199999999999999
ISIC_0066678,cluster:b63de9382d3c114b851d,bias_p000,4,a0,a0,none,False,-15.600000000000001,-15.600000000000001,0.0
ISIC_0066684,cluster:faa4021d0d5c15ad2789,bias_p000,4,a2,a2,none,False,0.0,0.0,0.0
ISIC_0066685,cluster:1937ec662037ff1cf09a,bias_p000,4,a3,a0,down_substitution,True,0.0,-14.399999999999999,14.399999999999999
ISIC_0066695,cluster:b5b24ddfe8419949c542,bias_p000,4,a2,a2,none,False,-9.0,-9.0,0.0
ISIC_0066696,cluster:ba4152d5324f619dd184,bias_p000,4,a3,a1,down_substitution,True,-2.0,-2.6,0.6000000000000001
ISIC_0066702,cluster:3b53cea93f98a8165165,bias_p000,4,a2,a0,down_substitution,True,0.0,-5.2,5.2
ISIC_0066706,cluster:5be062b3286a2f0a7738,bias_p000,4,a2,a1,down_substitution,True,-2.4,0.0,-2.4
ISIC_0066709,cluster:62e414e0ee670df23b36,bias_p000,4,a0,a0,none,False,0.0,0.0,0.0
ISIC_0066719,cluster:680a85f8dac220e9e18b,bias_p000,4,a0,a0,none,False,0.0,0.0,0.0
ISIC_0066725,cluster:7b20747c9bae103d736b,bias_p000,4,a3,a1,down_substitution,True,-3.0,-2.4699999999999998,-0.5300000000000002
ISIC_0066754,cluster:e2a7f779abb51b67fe6b,bias_p000,4,a0,a0,none,False,0.0,0.0,0.0
ISIC_0066776,cluster:79b9e41944be4db7fab4,bias_p000,4,a1,a2,up_substitution,True,-13.68,-6.84,-6.84
ISIC_0066777,cluster:fcc35d8ed62b64f85245,bias_p000,4,a0,a0,none,False,-1.2,-1.2,0.0
ISIC_0066790,cluster:67eb53859ebb4f6655bb,bias_p000,4,a2,a1,down_substitution,True,0.0,-3.25,3.25
ISIC_0066796,cluster:e96eb0b12d039674302b,bias_p000,4,a0,a0,none,False,0.0,0.0,0.0
ISIC_0066807,cluster:87ae6ed08f074969fae9,bias_p000,4,a3,a2,down_substitution,True,-1.7999999999999998,0.0,-1.7999999999999998
ISIC_0066818,cluster:1df93fb95a526c169a7d,bias_p000,4,a0,a0,none,False,0.0,0.0,0.0
ISIC_0066823,cluster:963ea2ddbc862f499db8,bias_p000,4,a3,a1,down_substitution,True,-2.28,-3.25,0.9700000000000002
ISIC_0066825,cluster:e53a17a546a96a557d12,bias_p000,4,a2,a1,down_substitution,True,0.0,-2.6,2.6
ISIC_0066826,cluster:a685be1332db19549c20,bias_p000,4,a2,a2,none,False,0.0,0.0,0.0
ISIC_0066828,cluster:85483282f952fcc5c22a,bias_p000,4,a2,a1,down_substitution,True,-2.3,0.0,-2.3
ISIC_0066830,cluster:a685be1332db19549c20,bias_p000,4,a2,a2,none,False,0.0,0.0,0.0
ISIC_0066854,cluster:130c5ef96fd7abf8a993,bias_p000,4,a0,a0,none,False,-14.399999999999999,-14.399999999999999,0.0
ISIC_0066862,cluster:b1fc0ab0fc6d6abbba6b,bias_p000,4,a0,a0,none,False,0.0,0.0,0.0
ISIC_0066872,cluster:ec0792a26155e5e15760,bias_p000,4,a0,a0,none,False,-1.2349999999999999,-1.2349999999999999,0.0
ISIC_0066873,cluster:6020c440dbb66b2082c9,bias_p000,4,a0,a0,none,False,0.0,0.0,0.0
ISIC_0066884,cluster:9b788bdf40422d07faad,bias_p000,4,a0,a0,none,False,0.0,0.0,0.0
ISIC_0066895,cluster:771b23b41cfeb4848cb7,bias_p000,4,a0,a0,none,False,-4.56,-4.56,0.0
ISIC_0066913,cluster:698e15bed38d94acd904,bias_p000,4,a2,a1,down_substitution,True,0.0,-3.25,3.25
ISIC_0066914,cluster:06d7de627f541666d127,bias_p000,4,a0,a0,none,False,-1.625,-1.625,0.0
ISIC_0066932,cluster:f92e0707a1ba961228d5,bias_p000,4,a2,a1,down_substitution,True,0.0,-3.25,3.25
ISIC_0066935,cluster:442cd25f02ee571e8a78,bias_p000,4,a3,a1,down_substitution,True,0.0,-10.4,10.4
ISIC_0066951,cluster:b2bcae54be128a1d4080,bias_p000,4,a2,a2,none,False,-4.8,-4.8,0.0
ISIC_0066954,cluster:bcf2f4f2d2011a0598a9,bias_p000,4,a1,a0,down_substitution,True,-2.6,-5.2,2.6
ISIC_0066960,cluster:bcf2f4f2d2011a0598a9,bias_p000,4,a0,a0,none,False,-5.2,-5.2,0.0
ISIC_0066965,cluster:ab4a012ae4e30b9a6dd6,bias_p000,4,a2,a2,none,False,0.0,0.0,0.0
ISIC_0066983,cluster:792cf2eb3d8b00a8e81b,bias_p000,4,a0,a0,none,False,0.0,0.0,0.0
ISIC_0066998,cluster:f85cca3ab33d925a0fde,bias_p000,4,a0,a0,none,False,0.0,0.0,0.0
ISIC_0067002,cluster:e161c647a415686a5470,bias_p000,4,a2,a2,none,False,-1.5,-1.5,0.0
ISIC_0067007,cluster:e3dab14db1b6c2a3c6b6,bias_p000,4,a2,a1,down_substitution,True,-6.0,-3.0,-3.0
ISIC_0067029,cluster:cf34dd059e5901b79b8c,bias_p000,4,a2,a2,none,False,-2.07,-2.07,0.0
ISIC_0067052,cluster:82740cbf77be5b9e6b7b,bias_p000,4,a2,a2,none,False,-7.2,-7.2,0.0
ISIC_0067061,cluster:63fb7dfed096fb27b0d9,bias_p000,4,a2,a2,none,False,0.0,0.0,0.0
ISIC_0067108,cluster:9f3b8958e3d6581167e9,bias_p000,4,a2,a0,down_substitution,True,-6.8999999999999995,0.0,-6.8999999999999995
ISIC_0067114,cluster:63ddbecdfaaab6c3e250,bias_p000,4,a0,a0,none,False,0.0,0.0,0.0
ISIC_0067120,cluster:1e73fac64e141351ac53,bias_p000,4,a0,a0,none,False,-15.600000000000001,-15.600000000000001,0.0
ISIC_0067137,cluster:8beee8b377d30156b7c7,bias_p000,4,a0,a0,none,False,-6.5,-6.5,0.0
ISIC_0067141,cluster:316eb6695cf9bdc2039a,bias_p000,4,a0,a0,none,False,0.0,0.0,0.0
ISIC_0067153,cluster:c832439068a47c8e49d4,bias_p000,4,a2,a1,down_substitution,True,0.0,-2.4699999999999998,2.4699999999999998
ISIC_0067175,cluster:513182c14fb1697726b2,bias_p000,4,a0,a0,none,False,-5.2,-5.2,0.0
ISIC_0067180,cluster:24078adcc6d686f67f3d,bias_p000,4,a3,a1,down_substitution,True,-3.0,-2.4699999999999998,-0.5300000000000002
ISIC_0067219,cluster:58a8210e31bc4b471af9,bias_p000,4,a2,a2,none,False,-2.5875,-2.5875,0.0
ISIC_0067250,cluster:61fb80c42e3427010c62,bias_p000,4,a2,a2,none,False,-3.4499999999999997,-3.4499999999999997,0.0
ISIC_0067264,cluster:3563f1d6df607b5dee99,bias_p000,4,a3,a1,down_substitution,True,-2.76,-2.6,-0.1599999999999997
ISIC_0067269,cluster:767e7d554139905440fb,bias_p000,4,a0,a0,none,False,0.0,0.0,0.0
ISIC_0067277,cluster:ad0c55436a63f07d3938,bias_p000,4,a2,a1,down_substitution,True,0.0,-2.4699999999999998,2.4699999999999998
ISIC_0067281,cluster:7d264e3b14d3272224cf,bias_p000,4,a0,a0,none,False,-6.5,-6.5,0.0
ISIC_0067282,cluster:25c3a7fbdaec887143af,bias_p000,4,a2,a2,none,False,-3.105,-3.105,0.0
ISIC_0067295,cluster:247ace2dc078ca400a31,bias_p000,4,a1,a0,down_substitution,True,-4.5,-9.0,4.5
ISIC_0067305,cluster:0946859945836b08d2d5,bias_p000,4,a2,a1,down_substitution,True,0.0,-2.6,2.6
ISIC_0067311,cluster:5cb806401118ec54f89f,bias_p000,4,a0,a0,none,False,0.0,0.0,0.0
ISIC_0067319,cluster:b886625cae41a2393730,bias_p000,4,a0,a0,none,False,0.0,0.0,0.0
ISIC_0067320,cluster:9209c9ef24c9d24c9a8b,bias_p000,4,a0,a0,none,False,0.0,0.0,0.0
ISIC_0067326,cluster:55e3e352bfca20275ef7,bias_p000,4,a0,a0,none,False,-20.52,-20.52,0.0
ISIC_0067337,cluster:963ea2ddbc862f499db8,bias_p000,4,a2,a1,down_substitution,True,0.0,-3.25,3.25
ISIC_0067338,cluster:f214924d0e20f0213d8c,bias_p000,4,a0,a0,none,False,0.0,0.0,0.0
ISIC_0067342,cluster:105a7d4bd1810f375a08,bias_p000,4,a0,a0,none,False,0.0,0.0,0.0
ISIC_0067345,cluster:d73389933e60983f1bb0,bias_p000,4,a1,a1,none,False,-2.4699999999999998,-2.4699999999999998,0.0
ISIC_0067348,cluster:20a0f95196b640330223,bias_p000,4,a0,a0,none,False,0.0,0.0,0.0
ISIC_0067371,cluster:d57b81f03920f0c834b0,bias_p000,4,a0,a0,none,False,0.0,0.0,0.0
ISIC_0067391,cluster:2f519d892f2b73fd2bf8,bias_p000,4,a0,a0,none,False,0.0,0.0,0.0
ISIC_0067394,cluster:40b8b328e60ec53017fc,bias_p000,4,a2,a1,down_substitution,True,0.0,-3.25,3.25
ISIC_0067411,cluster:24796d1d52be29bbf56f,bias_p000,4,a2,a2,none,False,-0.98325,-0.98325,0.0
ISIC_0067420,cluster:3db20e26bba4087de584,bias_p000,4,a2,a2,none,False,-1.9664999999999995,-1.9664999999999995,0.0
ISIC_0067431,cluster:f214924d0e20f0213d8c,bias_p000,4,a0,a0,none,False,0.0,0.0,0.0
ISIC_0067458,cluster:d692813a1abe8771e7d6,bias_p000,4,a0,a0,none,False,-19.5,-19.5,0.0
ISIC_0067498,cluster:a6a57b6dd9e8dc62a0fc,bias_p000,4,a0,a0,none,False,0.0,0.0,0.0
ISIC_0067511,cluster:0a0d1b91719c2486fc72,bias_p000,4,a0,a0,none,False,-15.600000000000001,-15.600000000000001,0.0
ISIC_0067514,cluster:5747c9df1825685a97b8,bias_p000,4,a0,a0,none,False,0.0,0.0,0.0
ISIC_0067565,cluster:ec9c39e69a646df7092f,bias_p000,4,a0,a0,none,False,-18.0,-18.0,0.0
ISIC_0067567,cluster:1f9686e741f51f523d63,bias_p000,4,a3,a3,none,False,0.0,0.0,0.0
ISIC_0067601,cluster:d46b7435e9a38928a56c,bias_p000,4,a0,a0,none,False,-14.819999999999999,-14.819999999999999,0.0
ISIC_0067605,cluster:ad0c55436a63f07d3938,bias_p000,4,a2,a1,down_substitution,True,0.0,-2.4699999999999998,2.4699999999999998
ISIC_0067620,cluster:96de22e4f6dabb032708,bias_p000,4,a0,a0,none,False,-1.5,-1.5,0.0
ISIC_0067631,cluster:d2279935700da7644007,bias_p000,4,a1,a0,down_substitution,True,-2.76,0.0,-2.76
ISIC_0067632,cluster:9004dde5dfb93a57fbb6,bias_p000,4,a0,a0,none,False,-5.2,-5.2,0.0
ISIC_0067638,cluster:3b53cea93f98a8165165,bias_p000,4,a2,a0,down_substitution,True,0.0,-5.2,5.2
ISIC_0067642,cluster:adc7f7301426b38fa96d,bias_p000,4,a3,a1,down_substitution,True,-2.76,-2.6,-0.1599999999999997
ISIC_0067662,cluster:da140f48e2085897313c,bias_p000,4,a0,a0,none,False,0.0,0.0,0.0
ISIC_0067663,cluster:bcf51ea10b5606a21df0,bias_p000,4,a2,a2,none,False,-6.84,-6.84,0.0
ISIC_0067680,cluster:4fc91cb700e7b2b96c5a,bias_p000,4,a3,a1,down_substitution,True,-3.0,-2.4699999999999998,-0.5300000000000002
ISIC_0067689,cluster:4c6a22cd9cb03eeaae11,bias_p000,4,a3,a2,down_substitution,True,0.0,-4.8,4.8
ISIC_0067696,cluster:557a3a488eded2977300,bias_p000,4,a3,a3,none,False,0.0,0.0,0.0
ISIC_0067699,cluster:a93b86c7d833b2e66881,bias_p000,4,a3,a2,down_substitution,True,0.0,-4.8,4.8
ISIC_0067704,cluster:8e500bbceb4ca18099cd,bias_p000,4,a2,a1,down_substitution,True,-4.9399999999999995,-9.879999999999999,4.9399999999999995
ISIC_0067715,cluster:392d56927fd9692df87b,bias_p000,4,a0,a0,none,False,0.0,0.0,0.0
ISIC_0067718,cluster:d0e7e392b13061503fbf,bias_p000,4,a0,a0,none,False,0.0,0.0,0.0
ISIC_0067723,cluster:98e37200e11b30eac4ed,bias_p000,4,a0,a0,none,False,0.0,0.0,0.0
ISIC_0067727,cluster:9af439d9045c8cf4bc1a,bias_p000,4,a2,a2,none,False,-1.6387499999999997,-1.6387499999999997,0.0
ISIC_0067734,cluster:1d47da55d6fe6f646ff9,bias_p000,4,a2,a2,none,False,-0.9,-0.9,0.0
ISIC_0067738,cluster:2b246ef310a80cbd2d1c,bias_p000,4,a0,a0,none,False,0.0,0.0,0.0
ISIC_0067743,cluster:99e9469a76045b93c547,bias_p000,4,a3,a0,down_substitution,True,0.0,-15.600000000000001,15.600000000000001
ISIC_0067747,cluster:c9c3da9110c8c54cc25d,bias_p000,4,a0,a0,none,False,-19.5,-19.5,0.0
ISIC_0067751,cluster:96fb3b89d07221946f37,bias_p000,4,a0,a0,none,False,0.0,0.0,0.0
ISIC_0067755,cluster:6803cf2262cb05f3b844,bias_p000,4,a1,a1,none,False,-2.4699999999999998,-2.4699999999999998,0.0
ISIC_0067760,cluster:7aa29c45c6b7b2ddb343,bias_p000,4,a0,a0,none,False,0.0,0.0,0.0
ISIC_0067773,cluster:1ee11c2abc28ae3027b1,bias_p000,4,a2,a2,none,False,-1.9665,-1.9665,0.0
ISIC_0067780,cluster:0be78526ae4926cbfe20,bias_p000,4,a1,a1,none,False,-2.4699999999999998,-2.4699999999999998,0.0
ISIC_0067789,cluster:79706b88645aaa255f36,bias_p000,4,a0,a0,none,False,-14.399999999999999,-14.399999999999999,0.0
ISIC_0067799,cluster:f5c5294f71e8dfd629fb,bias_p000,4,a2,a0,down_substitution,True,0.0,-5.2,5.2
ISIC_0067839,cluster:d3790ffaff9f01972f23,bias_p000,4,a0,a0,none,False,-4.8,-4.8,0.0
ISIC_0067850,cluster:2ed7ebd8abe7b8e81111,bias_p000,4,a3,a3,none,False,-1.125,-1.125,0.0
ISIC_0067860,cluster:58ed47b3f0e297bf38c8,bias_p000,4,a0,a0,none,False,0.0,0.0,0.0
ISIC_0067863,cluster:eff6aeac7ad7fe95ca0a,bias_p000,4,a0,a0,none,False,-1.14,-1.14,0.0
ISIC_0067882,cluster:dbeff393943aacbe1f51,bias_p000,4,a0,a0,none,False,-1.14,-1.14,0.0
ISIC_0067887,cluster:cda158e2f5bc68b473df,bias_p000,4,a2,a1,down_substitution,True,0.0,-3.25,3.25
ISIC_0067890,cluster:fae21dcbc32641f98b85,bias_p000,4,a3,a1,down_substitution,True,0.0,-10.4,10.4
ISIC_0067914,cluster:a93b86c7d833b2e66881,bias_p000,4,a3,a2,down_substitution,True,0.0,-4.8,4.8
ISIC_0067924,cluster:3db20e26bba4087de584,bias_p000,4,a0,a0,none,False,0.0,0.0,0.0
ISIC_0067927,cluster:557a3a488eded2977300,bias_p000,4,a3,a3,none,False,0.0,0.0,0.0
ISIC_0067972,cluster:89cd980bf855e013b4c3,bias_p000,4,a0,a0,none,False,-21.6,-21.6,0.0
ISIC_0067983,cluster:a855e75b0cbad20323ec,bias_p000,4,a0,a0,none,False,0.0,0.0,0.0
ISIC_0067993,cluster:390081f0cf63ff93dc93,bias_p000,4,a3,a1,down_substitution,True,-2.4,-2.6,0.20000000000000018
ISIC_0067995,cluster:b1fc0ab0fc6d6abbba6b,bias_p000,4,a3,a0,down_substitution,True,-6.84,0.0,-6.84
ISIC_0067997,cluster:5601925aa59fbd4ba7ea,bias_p000,4,a1,a1,none,False,-2.6,-2.6,0.0
ISIC_0068000,cluster:cc608fc21999512fe7b8,bias_p000,4,a0,a0,none,False,-20.52,-20.52,0.0
ISIC_0068003,cluster:59ea3798c062a2b75cfa,bias_p000,4,a2,a2,none,False,-4.8,-4.8,0.0
ISIC_0068011,cluster:fae21dcbc32641f98b85,bias_p000,4,a2,a1,down_substitution,True,-5.2,-10.4,5.2
ISIC_0068028,cluster:2f7214f2d73806f32d55,bias_p000,4,a2,a2,none,False,-2.052,-2.052,0.0
ISIC_0068046,cluster:e1adcb59cd16598d5172,bias_p000,4,a0,a0,none,False,0.0,0.0,0.0
ISIC_0068054,cluster:8d379f44152c7fb82eb7,bias_p000,4,a3,a1,down_substitution,True,0.0,-10.4,10.4
ISIC_0068057,cluster:fcc35d8ed62b64f85245,bias_p000,4,a0,a0,none,False,-1.2,-1.2,0.0
ISIC_0068058,cluster:506701004cc7aff965ae,bias_p000,4,a0,a0,none,False,0.0,0.0,0.0
ISIC_0068063,cluster:fcc35d8ed62b64f85245,bias_p000,4,a0,a0,none,False,-1.2,-1.2,0.0
ISIC_0068067,cluster:b2bcae54be128a1d4080,bias_p000,4,a2,a2,none,False,-4.8,-4.8,0.0
ISIC_0068074,cluster:1f9686e741f51f523d63,bias_p000,4,a3,a3,none,False,0.0,0.0,0.0
ISIC_0068087,cluster:d87670aff668433a827e,bias_p000,4,a2,a2,none,False,-1.035,-1.035,0.0
ISIC_0068089,cluster:65fa0c0bc06bc7b82ba2,bias_p000,4,a3,a1,down_substitution,True,-6.554999999999999,-2.1849999999999996,-4.369999999999999
ISIC_0068090,cluster:b743fcabcd134a0247c9,bias_p000,4,a0,a0,none,False,0.0,0.0,0.0
ISIC_0068098,cluster:2946e26b5ad2e41fcc41,bias_p000,4,a0,a0,none,False,0.0,0.0,0.0
ISIC_0068105,cluster:5747c9df1825685a97b8,bias_p000,4,a0,a0,none,False,0.0,0.0,0.0
ISIC_0068109,cluster:ba4152d5324f619dd184,bias_p000,4,a3,a1,down_substitution,True,-2.0,-2.6,0.6000000000000001
ISIC_0068112,cluster:33cf23f423308c415bef,bias_p000,4,a2,a2,none,False,0.0,0.0,0.0
ISIC_0068118,cluster:a43e5c57bc0cfb023c27,bias_p000,4,a0,a0,none,False,-14.819999999999999,-14.819999999999999,0.0
ISIC_0068119,cluster:f5d60fde78993e9fa317,bias_p000,4,a3,a2,down_substitution,True,0.0,-9.0,9.0
ISIC_0068129,cluster:ef912808514fb07dfaa5,bias_p000,4,a0,a0,none,False,-14.819999999999999,-14.819999999999999,0.0
ISIC_0068138,cluster:963ea2ddbc862f499db8,bias_p000,4,a3,a1,down_substitution,True,-2.28,-3.25,0.9700000000000002
ISIC_0068155,cluster:5cb806401118ec54f89f,bias_p000,4,a0,a0,none,False,0.0,0.0,0.0
ISIC_0068158,cluster:316eb6695cf9bdc2039a,bias_p000,4,a0,a0,none,False,0.0,0.0,0.0
ISIC_0068166,cluster:8e500bbceb4ca18099cd,bias_p000,4,a2,a1,down_substitution,True,-4.9399999999999995,-9.879999999999999,4.9399999999999995
ISIC_0068171,cluster:3fbb5539b50c4512016c,bias_p000,4,a0,a0,none,False,0.0,0.0,0.0
ISIC_0068223,cluster:2b8916e5dade706a4c71,bias_p000,4,a0,a0,none,False,0.0,0.0,0.0
ISIC_0068224,cluster:60dca78f4fccf1660a97,bias_p000,4,a2,a2,none,False,-1.7099999999999997,-1.7099999999999997,0.0
ISIC_0068229,cluster:a0befd98ee5860ee4021,bias_p000,4,a2,a2,none,False,-6.84,-6.84,0.0
ISIC_0068251,cluster:a6e6150fcb506f17cbb4,bias_p000,4,a3,a0,down_substitution,True,-7.199999999999999,0.0,-7.199999999999999
ISIC_0068264,cluster:eff6aeac7ad7fe95ca0a,bias_p000,4,a0,a0,none,False,-1.14,-1.14,0.0
ISIC_0068276,cluster:f246922f4cd8eb809ecb,bias_p000,4,a2,a1,down_substitution,True,-6.5,-13.0,6.5
ISIC_0068281,cluster:336640e5194cff68a521,bias_p000,4,a3,a3,none,False,-3.375,-3.375,0.0
ISIC_0068291,cluster:9bf143536dc6fb822f51,bias_p000,4,a0,a0,none,False,-27.0,-27.0,0.0
ISIC_0068295,cluster:6b07589e4a0822d5f5a3,bias_p000,4,a0,a0,none,False,-14.819999999999999,-14.819999999999999,0.0
ISIC_0068299,cluster:557a3a488eded2977300,bias_p000,4,a3,a3,none,False,0.0,0.0,0.0
ISIC_0068318,cluster:f77f9dd4883a97a34fcb,bias_p000,4,a0,a0,none,False,-19.5,-19.5,0.0
ISIC_0068325,cluster:efb8d1bbe9d840c0fac4,bias_p000,4,a1,a2,up_substitution,True,-3.6,0.0,-3.6
ISIC_0068334,cluster:b491860318dd476173f2,bias_p000,4,a2,a2,none,False,-6.84,-6.84,0.0
ISIC_0068344,cluster:944b7bd2b77f34ec60df,bias_p000,4,a0,a0,none,False,0.0,0.0,0.0
ISIC_0068354,cluster:f5c5294f71e8dfd629fb,bias_p000,4,a3,a0,down_substitution,True,-2.3,-5.2,2.9000000000000004
ISIC_0068381,cluster:9bf143536dc6fb822f51,bias_p000,4,a3,a0,down_substitution,True,0.0,-27.0,27.0
ISIC_0068383,cluster:fe992fe82c3baac2f94f,bias_p000,4,a3,a1,down_substitution,True,0.0,-13.0,13.0
ISIC_0068386,cluster:3e008df48cc6d579a48f,bias_p000,4,a0,a0,none,False,0.0,0.0,0.0
ISIC_0068388,cluster:0fab962a808b48c290b5,bias_p000,4,a3,a2,down_substitution,True,-1.5525,0.0,-1.5525
ISIC_0068390,cluster:0da965439c6af4c1d015,bias_p000,4,a0,a0,none,False,-21.6,-21.6,0.0
ISIC_0068394,cluster:6ce19f1057d90cf6c1d4,bias_p000,4,a3,a0,down_substitution,True,0.0,-21.6,21.6
ISIC_0068402,cluster:65289a1a47dbe86a3fb5,bias_p000,4,a3,a3,none,False,-1.035,-1.035,0.0
ISIC_0068403,cluster:fae21dcbc32641f98b85,bias_p000,4,a2,a1,down_substitution,True,-5.2,-10.4,5.2
ISIC_0068438,cluster:557a3a488eded2977300,bias_p000,4,a2,a2,none,False,-4.8,-4.8,0.0
ISIC_0068460,cluster:df3f8a5e7943f7ccde42,bias_p000,4,a3,a1,down_substitution,True,0.0,-13.0,13.0
ISIC_0068471,cluster:d1f59b6568038edfc30a,bias_p000,4,a0,a0,none,False,0.0,0.0,0.0
ISIC_0068488,cluster:442cd25f02ee571e8a78,bias_p000,4,a2,a1,down_substitution,True,-5.2,-10.4,5.2
ISIC_0068496,cluster:c5633b84cb346609af84,bias_p000,4,a3,a1,down_substitution,True,0.0,-13.0,13.0
ISIC_0068504,cluster:881f7123b39c2bdaeef4,bias_p000,4,a2,a1,down_substitution,True,-2.0,0.0,-2.0
ISIC_0068525,cluster:d9fede6748c003368c57,bias_p000,4,a0,a0,none,False,0.0,0.0,0.0
ISIC_0068533,cluster:8a1219dc4ac21f560548,bias_p000,4,a3,a0,down_substitution,True,-6.8999999999999995,-1.2349999999999999,-5.664999999999999
ISIC_0068555,cluster:99e9469a76045b93c547,bias_p000,4,a3,a0,down_substitution,True,0.0,-15.600000000000001,15.600000000000001
ISIC_0068560,cluster:7175f533f4236acaaa62,bias_p000,4,a0,a0,none,False,-15.600000000000001,-15.600000000000001,0.0
ISIC_0068573,cluster:1a85f3a1a1a2f97568f1,bias_p000,4,a0,a0,none,False,0.0,0.0,0.0
ISIC_0068576,cluster:f6563e0789c75c967374,bias_p000,4,a2,a2,none,False,-4.8,-4.8,0.0
ISIC_0068597,cluster:9810c33283cd5afa7145,bias_p000,4,a2,a1,down_substitution,True,0.0,-3.25,3.25
ISIC_0068601,cluster:3db20e26bba4087de584,bias_p000,4,a2,a2,none,False,-1.9664999999999995,-1.9664999999999995,0.0
ISIC_0068602,cluster:3e008df48cc6d579a48f,bias_p000,4,a0,a0,none,False,0.0,0.0,0.0
ISIC_0068616,cluster:79b9e41944be4db7fab4,bias_p000,4,a2,a2,none,False,-6.84,-6.84,0.0
ISIC_0068617,cluster:5f2b84073668547c86d8,bias_p000,4,a0,a0,none,False,-18.0,-18.0,0.0
ISIC_0068646,cluster:a93b86c7d833b2e66881,bias_p000,4,a3,a2,down_substitution,True,0.0,-4.8,4.8
ISIC_0068661,cluster:d8518b01cffe4c9b8c4c,bias_p000,4,a0,a0,none,False,0.0,0.0,0.0
ISIC_0068664,cluster:b5b24ddfe8419949c542,bias_p000,4,a2,a2,none,False,-9.0,-9.0,0.0
ISIC_0068668,cluster:be31a09bf02f8b98efdb,bias_p000,4,a0,a0,none,False,0.0,0.0,0.0
ISIC_0068675,cluster:944b7bd2b77f34ec60df,bias_p000,4,a0,a0,none,False,0.0,0.0,0.0
ISIC_0068677,cluster:10e6c9460b534821f2c5,bias_p000,4,a3,a3,none,False,0.0,0.0,0.0
ISIC_0068685,cluster:fa6a54c3620818ead108,bias_p000,4,a1,a0,down_substitution,True,-2.3,0.0,-2.3
ISIC_0068696,cluster:10e6c9460b534821f2c5,bias_p000,4,a3,a3,none,False,0.0,0.0,0.0
ISIC_0068699,cluster:58a8210e31bc4b471af9,bias_p000,4,a2,a2,none,False,-2.5875,-2.5875,0.0
ISIC_0068701,cluster:d5b887a0b8ed4f23787d,bias_p000,4,a1,a1,none,False,-3.25,-3.25,0.0
ISIC_0068729,cluster:b5b24ddfe8419949c542,bias_p000,4,a2,a2,none,False,-9.0,-9.0,0.0
ISIC_0068734,cluster:45eb3177b52cb71b54a6,bias_p000,4,a0,a0,none,False,0.0,0.0,0.0
ISIC_0068737,cluster:60d7d4c928562118c07c,bias_p000,4,a0,a0,none,False,0.0,0.0,0.0
ISIC_0068740,cluster:3cc3a6be54aefea4b2df,bias_p000,4,a0,a0,none,False,0.0,0.0,0.0
ISIC_0068747,cluster:d3abf35be1cb9a92400b,bias_p000,4,a3,a0,down_substitution,True,0.0,-19.5,19.5
ISIC_0068777,cluster:3563f1d6df607b5dee99,bias_p000,4,a3,a1,down_substitution,True,-2.76,-2.6,-0.1599999999999997
ISIC_0068783,cluster:038f322edd888973abc9,bias_p000,4,a2,a1,down_substitution,True,0.0,-2.6,2.6
ISIC_0068791,cluster:e66616d8f17155bfa5c3,bias_p000,4,a3,a0,down_substitution,True,-2.1849999999999996,-6.5,4.315
ISIC_0068814,cluster:b1fc0ab0fc6d6abbba6b,bias_p000,4,a0,a0,none,False,0.0,0.0,0.0
ISIC_0068837,cluster:3f6111f62dc84e40f924,bias_p000,4,a0,a0,none,False,0.0,0.0,0.0
ISIC_0068847,cluster:99e9469a76045b93c547,bias_p000,4,a3,a0,down_substitution,True,0.0,-15.600000000000001,15.600000000000001
ISIC_0068849,cluster:2fb14cb315dae87838cc,bias_p000,4,a2,a1,down_substitution,True,-4.8,-2.4,-2.4
ISIC_0068856,cluster:953c81535539f3da7fcd,bias_p000,4,a2,a1,down_substitution,True,0.0,-2.4699999999999998,2.4699999999999998
ISIC_0068861,cluster:5a2b04ca8cef55aae5bf,bias_p000,4,a0,a0,none,False,0.0,0.0,0.0
ISIC_0068862,cluster:47a2069d24382400be57,bias_p000,4,a2,a2,none,False,0.0,0.0,0.0
ISIC_0068863,cluster:66962c8755367479296c,bias_p000,4,a2,a2,none,False,-2.3598,-2.3598,0.0
ISIC_0068881,cluster:79b9e41944be4db7fab4,bias_p000,4,a2,a2,none,False,-6.84,-6.84,0.0
ISIC_0068890,cluster:fb7c22a6a41340d3ec01,bias_p000,4,a3,a3,none,False,-2.1374999999999997,-2.1374999999999997,0.0
ISIC_0068893,cluster:bdab0854d47a91e64445,bias_p000,4,a0,a0,none,False,0.0,0.0,0.0
ISIC_0068906,cluster:45be88d3eebe95c41afc,bias_p000,4,a0,a0,none,False,-6.5,-6.5,0.0
ISIC_0068928,cluster:79b9e41944be4db7fab4,bias_p000,4,a2,a2,none,False,-6.84,-6.84,0.0
ISIC_0068935,cluster:1df93fb95a526c169a7d,bias_p000,4,a0,a0,none,False,0.0,0.0,0.0
ISIC_0068950,cluster:10e6c9460b534821f2c5,bias_p000,4,a3,a3,none,False,0.0,0.0,0.0
ISIC_0068955,cluster:7b6a3d3216fc39866370,bias_p000,4,a3,a1,down_substitution,True,0.0,-9.879999999999999,9.879999999999999
ISIC_0068983,cluster:9bbc7a79f5d793c26cc2,bias_p000,4,a0,a0,none,False,0.0,0.0,0.0
ISIC_0068991,cluster:bd061f2db0b58cd86802,bias_p000,4,a1,a2,up_substitution,True,-1.38,-2.76,1.38
ISIC_0068994,cluster:e1adcb59cd16598d5172,bias_p000,4,a0,a0,none,False,0.0,0.0,0.0
ISIC_0068995,cluster:3c8ebede2e1a0dc5a571,bias_p000,4,a2,a1,down_substitution,True,0.0,-2.6,2.6
ISIC_0069003,cluster:eb0aa05e4071a9034396,bias_p000,4,a0,a0,none,False,-14.819999999999999,-14.819999999999999,0.0
ISIC_0069011,cluster:247ace2dc078ca400a31,bias_p000,4,a2,a2,none,False,0.0,0.0,0.0
ISIC_0069020,cluster:50fe8487d50027d9752f,bias_p000,4,a3,a1,down_substitution,True,-6.8999999999999995,0.0,-6.8999999999999995
ISIC_0069039,cluster:35987df67bbf285cc8c9,bias_p000,4,a0,a0,none,False,0.0,0.0,0.0
ISIC_0069047,cluster:8fb12f7f1eb7a0d8fe18,bias_p000,4,a3,a1,down_substitution,True,-1.9,-3.25,1.35
ISIC_0069049,cluster:e66616d8f17155bfa5c3,bias_p000,4,a3,a0,down_substitution,True,-2.1849999999999996,-6.5,4.315
ISIC_0069050,cluster:9c047aabe2d64b4f03d7,bias_p000,4,a1,a1,none,False,-3.4499999999999997,-3.4499999999999997,0.0
ISIC_0069063,cluster:9bf143536dc6fb822f51,bias_p000,4,a3,a2,down_substitution,True,0.0,-9.0,9.0
ISIC_0069066,cluster:532467324e8468470bb5,bias_p000,4,a2,a2,none,False,0.0,0.0,0.0
ISIC_0069085,cluster:187b18a0e27f6ce7ef5c,bias_p000,4,a2,a2,none,False,-1.2419999999999998,-1.2419999999999998,0.0
ISIC_0069087,cluster:1e32be818352a21f9214,bias_p000,4,a3,a0,down_substitution,True,0.0,-15.600000000000001,15.600000000000001
ISIC_0069106,cluster:1df93fb95a526c169a7d,bias_p000,4,a0,a0,none,False,0.0,0.0,0.0
ISIC_0069119,cluster:557a3a488eded2977300,bias_p000,4,a3,a3,none,False,0.0,0.0,0.0
ISIC_0069120,cluster:b72be1031d01e7d6cecb,bias_p000,4,a2,a1,down_substitution,True,0.0,-3.25,3.25
ISIC_0069125,cluster:faa4021d0d5c15ad2789,bias_p000,4,a0,a0,none,False,-6.84,-6.84,0.0
ISIC_0069135,cluster:ceb0cc06880ea9318e2f,bias_p000,4,a3,a1,down_substitution,True,-4.56,0.0,-4.56
ISIC_0069141,cluster:cc4d03cfd1a4a7df068b,bias_p000,4,a2,a2,none,False,-2.3598,-2.3598,0.0
ISIC_0069142,cluster:66962c8755367479296c,bias_p000,4,a2,a2,none,False,-2.3598,-2.3598,0.0
ISIC_0069143,cluster:e1adcb59cd16598d5172,bias_p000,4,a0,a0,none,False,0.0,0.0,0.0
ISIC_0069145,cluster:96de22e4f6dabb032708,bias_p000,4,a0,a0,none,False,-1.5,-1.5,0.0
ISIC_0069161,cluster:0fdbab1aed1ecd8b104f,bias_p000,4,a2,a0,down_substitution,True,0.0,-6.5,6.5
ISIC_0069167,cluster:ec9c39e69a646df7092f,bias_p000,4,a0,a0,none,False,-18.0,-18.0,0.0
ISIC_0069168,cluster:fd99504d14040449d0ec,bias_p000,4,a0,a0,none,False,-9.0,-9.0,0.0
ISIC_0069174,cluster:0fc50c96646ae85f2ef2,bias_p000,4,a0,a0,none,False,0.0,0.0,0.0
ISIC_0069193,cluster:0b41fc8e4bff7d873e17,bias_p000,4,a3,a0,down_substitution,True,0.0,-19.5,19.5
ISIC_0069198,cluster:692192093efdfa5f7dd9,bias_p000,4,a1,a0,down_substitution,True,0.0,-1.625,1.625
ISIC_0069219,cluster:3563f1d6df607b5dee99,bias_p000,4,a3,a1,down_substitution,True,-2.76,-2.6,-0.1599999999999997
ISIC_0069248,cluster:e2bfcb75398164d03d00,bias_p000,4,a2,a0,down_substitution,True,-4.9399999999999995,-14.819999999999999,9.879999999999999
ISIC_0069250,cluster:1f9686e741f51f523d63,bias_p000,4,a3,a3,none,False,0.0,0.0,0.0
ISIC_0069251,cluster:fc69f32a3bf1ebef4dd8,bias_p000,4,a3,a0,down_substitution,True,-6.0,-1.2349999999999999,-4.765000000000001
ISIC_0069267,cluster:e2bfcb75398164d03d00,bias_p000,4,a0,a0,none,False,-14.819999999999999,-14.819999999999999,0.0
ISIC_0069268,cluster:5d87b82069c855f8ddf1,bias_p000,4,a3,a2,down_substitution,True,0.0,-4.56,4.56
ISIC_0069269,cluster:372667c33d4a5484c909,bias_p000,4,a2,a1,down_substitution,True,0.0,-3.25,3.25
ISIC_0069283,cluster:372667c33d4a5484c909,bias_p000,4,a2,a1,down_substitution,True,0.0,-3.25,3.25
ISIC_0069284,cluster:549b5e38ac79504d65c3,bias_p000,4,a0,a0,none,False,-1.625,-1.625,0.0
ISIC_0069291,cluster:9068fa69b28ead7d826f,bias_p000,4,a0,a0,none,False,-1.625,-1.625,0.0
ISIC_0069306,cluster:9be70ddf799143220350,bias_p000,4,a3,a1,down_substitution,True,-2.875,-2.4699999999999998,-0.40500000000000025
ISIC_0069349,cluster:2b246ef310a80cbd2d1c,bias_p000,4,a0,a0,none,False,0.0,0.0,0.0
ISIC_0069365,cluster:f71ae9b967f86360010c,bias_p000,4,a0,a0,none,False,-20.52,-20.52,0.0
ISIC_0069388,cluster:0ea16e3e0a2fb1044fc1,bias_p000,4,a3,a1,down_substitution,True,0.0,-9.879999999999999,9.879999999999999
ISIC_0069391,cluster:7175f533f4236acaaa62,bias_p000,4,a0,a0,none,False,-15.600000000000001,-15.600000000000001,0.0
ISIC_0069395,cluster:ec9c39e69a646df7092f,bias_p000,4,a0,a0,none,False,-18.0,-18.0,0.0
ISIC_0069396,cluster:3c3a0a7f1287eaeda48d,bias_p000,4,a1,a2,up_substitution,True,-0.8193749999999999,-1.6387499999999997,0.8193749999999999
ISIC_0069410,cluster:5d87b82069c855f8ddf1,bias_p000,4,a2,a2,none,False,-4.56,-4.56,0.0
ISIC_0069414,cluster:95eeb16a95ef2909c58b,bias_p000,4,a0,a0,none,False,0.0,0.0,0.0
ISIC_0069419,cluster:b2bcae54be128a1d4080,bias_p000,4,a2,a2,none,False,-4.8,-4.8,0.0
ISIC_0069439,cluster:60d7d4c928562118c07c,bias_p000,4,a0,a0,none,False,0.0,0.0,0.0
ISIC_0069449,cluster:45cea2d6231d0ce60d72,bias_p000,4,a0,a0,none,False,0.0,0.0,0.0
ISIC_0069460,cluster:1340f26a6bfbcc371c9d,bias_p000,4,a3,a1,down_substitution,True,-3.0,-2.4699999999999998,-0.5300000000000002
ISIC_0069464,cluster:27982e8f6f6e2ce98615,bias_p000,4,a2,a2,none,False,-2.4839999999999995,-2.4839999999999995,0.0
ISIC_0069472,cluster:8db3554228a6b2c119fd,bias_p000,4,a2,a2,none,False,-1.3679999999999999,-1.3679999999999999,0.0
ISIC_0069478,cluster:cd015bb513b601122ede,bias_p000,4,a0,a0,none,False,-1.625,-1.625,0.0
ISIC_0069481,cluster:479e3ae272688b9fca80,bias_p000,4,a3,a0,down_substitution,True,0.0,-15.600000000000001,15.600000000000001
ISIC_0069483,cluster:0c08834bdb21bf4f6b78,bias_p000,4,a0,a0,none,False,-5.2,-5.2,0.0
ISIC_0069487,cluster:50fe8487d50027d9752f,bias_p000,4,a3,a1,down_substitution,True,-6.8999999999999995,0.0,-6.8999999999999995
ISIC_0069503,cluster:3e4162adf37beb5914f5,bias_p000,4,a2,a1,down_substitution,True,0.0,-2.6,2.6
ISIC_0069507,cluster:ee3a4e66ff399e17eb43,bias_p000,4,a0,a0,none,False,0.0,0.0,0.0
ISIC_0069515,cluster:d0fc21d9881d84cbe063,bias_p000,4,a0,a0,none,False,-15.600000000000001,-15.600000000000001,0.0
ISIC_0069532,cluster:0094bd32cc6951e0a522,bias_p000,4,a2,a1,down_substitution,True,0.0,-2.4699999999999998,2.4699999999999998
ISIC_0069533,cluster:f27cc370589dee875f88,bias_p000,4,a2,a2,none,False,0.0,0.0,0.0
ISIC_0069535,cluster:17d2e8809cea42316dfe,bias_p000,4,a3,a0,down_substitution,True,-1.9,-6.5,4.6
ISIC_0069537,cluster:056269d56cc4ec36a1d1,bias_p000,4,a2,a1,down_substitution,True,0.0,-2.6,2.6
ISIC_0069552,cluster:85483282f952fcc5c22a,bias_p000,4,a2,a1,down_substitution,True,-2.3,0.0,-2.3
ISIC_0069553,cluster:0fdbab1aed1ecd8b104f,bias_p000,4,a2,a0,down_substitution,True,0.0,-6.5,6.5
ISIC_0069556,cluster:14f4d44285032894bfbc,bias_p000,4,a3,a0,down_substitution,True,0.0,-19.5,19.5
ISIC_0069558,cluster:a93b86c7d833b2e66881,bias_p000,4,a3,a2,down_substitution,True,0.0,-4.8,4.8
ISIC_0069570,cluster:77d5fa359a68749b0a92,bias_p000,4,a0,a0,none,False,0.0,0.0,0.0
ISIC_0069575,cluster:cf0a447c35f8b3cca6e0,bias_p000,4,a0,a0,none,False,-7.2,-7.2,0.0
ISIC_0069590,cluster:9e46c6c63a864f963108,bias_p000,4,a1,a1,none,False,-2.6219999999999994,-2.6219999999999994,0.0
ISIC_0069591,cluster:c9c3da9110c8c54cc25d,bias_p000,4,a2,a1,down_substitution,True,-6.5,-13.0,6.5
ISIC_0069592,cluster:59ea3798c062a2b75cfa,bias_p000,4,a2,a2,none,False,-4.8,-4.8,0.0
ISIC_0069593,cluster:d77411744fa5aa0e4e86,bias_p000,4,a2,a1,down_substitution,True,-4.9399999999999995,-9.879999999999999,4.9399999999999995
ISIC_0069605,cluster:549b5e38ac79504d65c3,bias_p000,4,a2,a1,down_substitution,True,-1.9,0.0,-1.9
ISIC_0069606,cluster:18ce9a58eb7c03138127,bias_p000,4,a3,a1,down_substitution,True,-6.0,0.0,-6.0
ISIC_0069617,cluster:eb0aa05e4071a9034396,bias_p000,4,a0,a0,none,False,-14.819999999999999,-14.819999999999999,0.0
ISIC_0069626,cluster:8407f2f9255d9f62de34,bias_p000,4,a0,a0,none,False,-19.5,-19.5,0.0
ISIC_0069633,cluster:cbc52785f90ed4996030,bias_p000,4,a0,a0,none,False,0.0,0.0,0.0
ISIC_0069635,cluster:79b9e41944be4db7fab4,bias_p000,4,a2,a2,none,False,-6.84,-6.84,0.0
ISIC_0069638,cluster:79b9e41944be4db7fab4,bias_p000,4,a2,a2,none,False,-6.84,-6.84,0.0
ISIC_0069658,cluster:fc69f32a3bf1ebef4dd8,bias_p000,4,a3,a0,down_substitution,True,-6.0,-1.2349999999999999,-4.765000000000001
ISIC_0069666,cluster:fa6a54c3620818ead108,bias_p000,4,a0,a0,none,False,0.0,0.0,0.0
ISIC_0069668,cluster:d46b7435e9a38928a56c,bias_p000,4,a3,a0,down_substitution,True,0.0,-14.819999999999999,14.819999999999999
ISIC_0069678,cluster:e9fa6f92cffe4de55529,bias_p000,4,a0,a0,none,False,0.0,0.0,0.0
ISIC_0069683,cluster:ff7e9cf0da34d2ec669a,bias_p000,4,a2,a0,down_substitution,True,-2.3,-1.3,-0.9999999999999998
ISIC_0069686,cluster:6a9b3c98c66eb6eb5a08,bias_p000,4,a3,a3,none,False,-2.25,-2.25,0.0
ISIC_0069698,cluster:6020c440dbb66b2082c9,bias_p000,4,a1,a1,none,False,-1.125,-1.125,0.0
ISIC_0069706,cluster:5d87b82069c855f8ddf1,bias_p000,4,a0,a0,none,False,-13.68,-13.68,0.0
ISIC_0069707,cluster:b385730be7477e9ca597,bias_p000,4,a3,a3,none,False,-2.1374999999999997,-2.1374999999999997,0.0
ISIC_0069709,cluster:ccc26c975336c3681d7a,bias_p000,4,a2,a1,down_substitution,True,0.0,-2.6,2.6
ISIC_0069727,cluster:fae21dcbc32641f98b85,bias_p000,4,a3,a0,down_substitution,True,0.0,-15.600000000000001,15.600000000000001
ISIC_0069734,cluster:15543a3d76be5e2522b3,bias_p000,4,a3,a1,down_substitution,True,-2.28,-3.25,0.9700000000000002
ISIC_0069738,cluster:c769008d33c520e7655a,bias_p000,4,a1,a0,down_substitution,True,-2.6219999999999994,0.0,-2.6219999999999994
ISIC_0069740,cluster:9fdf77d650e714b40236,bias_p000,4,a3,a3,none,False,-3.1049999999999995,-3.1049999999999995,0.0
ISIC_0069754,cluster:0fdbab1aed1ecd8b104f,bias_p000,4,a2,a0,down_substitution,True,0.0,-6.5,6.5
ISIC_0069760,cluster:fb7c22a6a41340d3ec01,bias_p000,4,a2,a2,none,False,-1.4249999999999998,-1.4249999999999998,0.0
ISIC_0069763,cluster:19a38abcc15a1bd8ef66,bias_p000,4,a0,a0,none,False,-2.25,-2.25,0.0
ISIC_0069770,cluster:921a30f8ee0faf5b3cd8,bias_p000,4,a0,a0,none,False,0.0,0.0,0.0
ISIC_0069796,cluster:ab4a012ae4e30b9a6dd6,bias_p000,4,a2,a2,none,False,0.0,0.0,0.0
ISIC_0069813,cluster:9fe3bf580367c35f5c43,bias_p000,4,a2,a2,none,False,0.0,0.0,0.0
ISIC_0069826,cluster:7e29c44996c9100b98f9,bias_p000,4,a0,a0,none,False,-1.71,-1.71,0.0
ISIC_0069828,cluster:cfe851d40a923d73f847,bias_p000,4,a2,a1,down_substitution,True,0.0,-3.25,3.25
ISIC_0069832,cluster:d1f59b6568038edfc30a,bias_p000,4,a0,a0,none,False,0.0,0.0,0.0
ISIC_0069837,cluster:415028d793afd66092c1,bias_p000,4,a0,a0,none,False,0.0,0.0,0.0
ISIC_0069849,cluster:549b5e38ac79504d65c3,bias_p000,4,a2,a1,down_substitution,True,-1.9,0.0,-1.9
ISIC_0069865,cluster:0b41fc8e4bff7d873e17,bias_p000,4,a0,a0,none,False,-19.5,-19.5,0.0
ISIC_0069869,cluster:db497b54b3041cbc7cd7,bias_p000,4,a0,a0,none,False,-6.5,-6.5,0.0
ISIC_0069886,cluster:04b515404d9642d0d663,bias_p000,4,a2,a1,down_substitution,True,0.0,-3.25,3.25
ISIC_0069889,cluster:d3abf35be1cb9a92400b,bias_p000,4,a3,a0,down_substitution,True,0.0,-19.5,19.5
ISIC_0069901,cluster:66962c8755367479296c,bias_p000,4,a2,a2,none,False,-2.3598,-2.3598,0.0
ISIC_0069919,cluster:b1fc0ab0fc6d6abbba6b,bias_p000,4,a0,a0,none,False,0.0,0.0,0.0
ISIC_0069939,cluster:faa4021d0d5c15ad2789,bias_p000,4,a2,a2,none,False,0.0,0.0,0.0
ISIC_0069941,cluster:1a85f3a1a1a2f97568f1,bias_p000,4,a2,a2,none,False,-1.7249999999999999,-1.7249999999999999,0.0
ISIC_0069952,cluster:f06f849f651562c23aee,bias_p000,4,a0,a0,none,False,0.0,0.0,0.0
ISIC_0069956,cluster:83911c36a3b5a5cf7c50,bias_p000,4,a2,a1,down_substitution,True,0.0,-2.6,2.6
ISIC_0069990,cluster:60d7d4c928562118c07c,bias_p000,4,a0,a0,none,False,0.0,0.0,0.0
ISIC_0069998,cluster:8a1219dc4ac21f560548,bias_p000,4,a3,a0,down_substitution,True,-6.8999999999999995,-1.2349999999999999,-5.664999999999999
ISIC_0070003,cluster:fb7c22a6a41340d3ec01,bias_p000,4,a0,a0,none,False,0.0,0.0,0.0
ISIC_0070006,cluster:8d379f44152c7fb82eb7,bias_p000,4,a2,a1,down_substitution,True,-5.2,-10.4,5.2
ISIC_0070009,cluster:0b41fc8e4bff7d873e17,bias_p000,4,a0,a0,none,False,-19.5,-19.5,0.0
ISIC_0070018,cluster:59ea3798c062a2b75cfa,bias_p000,4,a2,a2,none,False,-4.8,-4.8,0.0
ISIC_0070020,cluster:1f9686e741f51f523d63,bias_p000,4,a1,a1,none,False,-9.12,-9.12,0.0
ISIC_0070021,cluster:63c1e24fe417c4cd6f44,bias_p000,4,a1,a1,none,False,-2.4699999999999998,-2.4699999999999998,0.0
ISIC_0070027,cluster:b2ddeb4d063bf2a11c77,bias_p000,4,a2,a1,down_substitution,True,0.0,-3.25,3.25
ISIC_0070039,cluster:9dd3f9d2d8ec7eb8100b,bias_p000,4,a2,a1,down_substitution,True,0.0,-2.4699999999999998,2.4699999999999998
ISIC_0070042,cluster:e9fa6f92cffe4de55529,bias_p000,4,a0,a0,none,False,0.0,0.0,0.0
ISIC_0070048,cluster:60d7d4c928562118c07c,bias_p000,4,a0,a0,none,False,0.0,0.0,0.0
ISIC_0070057,cluster:609cac68279ec2f362b1,bias_p000,4,a0,a0,none,False,-6.0,-6.0,0.0
ISIC_0070072,cluster:0be78526ae4926cbfe20,bias_p000,4,a0,a0,none,False,-4.9399999999999995,-4.9399999999999995,0.0
ISIC_0070074,cluster:8d379f44152c7fb82eb7,bias_p000,4,a3,a1,down_substitution,True,0.0,-10.4,10.4
ISIC_0070077,cluster:63ddbecdfaaab6c3e250,bias_p000,4,a0,a0,none,False,0.0,0.0,0.0
ISIC_0070081,cluster:804f946370e294a4a5cd,bias_p000,4,a3,a1,down_substitution,True,-3.0,-2.4699999999999998,-0.5300000000000002
ISIC_0070085,cluster:427c505ed603c0e1692e,bias_p000,4,a3,a1,down_substitution,True,-2.875,-2.4699999999999998,-0.40500000000000025
ISIC_0070108,cluster:d3abf35be1cb9a92400b,bias_p000,4,a3,a1,down_substitution,True,0.0,-13.0,13.0
ISIC_0070111,cluster:1f9686e741f51f523d63,bias_p000,4,a2,a2,none,False,-4.56,-4.56,0.0
ISIC_0070120,cluster:fae21dcbc32641f98b85,bias_p000,4,a2,a1,down_substitution,True,-5.2,-10.4,5.2
ISIC_0070143,cluster:a080b4920fb4a5134a97,bias_p000,4,a2,a1,down_substitution,True,0.0,-2.6,2.6
ISIC_0070151,cluster:04b22464e5872e90feba,bias_p000,4,a3,a0,down_substitution,True,-2.0,-5.2,3.2
ISIC_0070154,cluster:ab4a012ae4e30b9a6dd6,bias_p000,4,a2,a2,none,False,0.0,0.0,0.0
ISIC_0070164,cluster:33e198fddfcb5c8c69cf,bias_p000,4,a1,a2,up_substitution,True,-3.42,0.0,-3.42
ISIC_0070171,cluster:e0ed544f60a330c645b6,bias_p000,4,a0,a0,none,False,0.0,0.0,0.0
ISIC_0070176,cluster:8db3554228a6b2c119fd,bias_p000,4,a2,a2,none,False,-1.3679999999999999,-1.3679999999999999,0.0
ISIC_0070190,cluster:1762194d0902fd8646fd,bias_p000,4,a0,a0,none,False,-9.0,-9.0,0.0
ISIC_0070195,cluster:5af9fb9d549f73a7147e,bias_p000,4,a1,a2,up_substitution,True,-3.6,0.0,-3.6
ISIC_0070200,cluster:a080b4920fb4a5134a97,bias_p000,4,a2,a1,down_substitution,True,0.0,-2.6,2.6
ISIC_0070217,cluster:cc608fc21999512fe7b8,bias_p000,4,a0,a0,none,False,-20.52,-20.52,0.0
ISIC_0070219,cluster:bd79d4f1cd6c746ed3dd,bias_p000,4,a2,a2,none,False,-1.3499999999999999,-1.3499999999999999,0.0
ISIC_0070226,cluster:6020c440dbb66b2082c9,bias_p000,4,a0,a0,none,False,0.0,0.0,0.0
ISIC_0070246,cluster:10e6c9460b534821f2c5,bias_p000,4,a3,a3,none,False,0.0,0.0,0.0
ISIC_0070256,cluster:9004dde5dfb93a57fbb6,bias_p000,4,a0,a0,none,False,-5.2,-5.2,0.0
ISIC_0070281,cluster:e93afcc8888520419196,bias_p000,4,a2,a1,down_substitution,True,-4.56,-2.28,-2.28
ISIC_0070287,cluster:0fc50c96646ae85f2ef2,bias_p000,4,a0,a0,none,False,0.0,0.0,0.0
ISIC_0070312,cluster:963ea2ddbc862f499db8,bias_p000,4,a3,a1,down_substitution,True,-2.28,-3.25,0.9700000000000002
ISIC_0070345,cluster:d1980ceb737420d901a2,bias_p000,4,a2,a2,none,False,0.0,0.0,0.0
ISIC_0070350,cluster:6e8b8d2ce88aea45234f,bias_p000,4,a2,a2,none,False,-4.8,-4.8,0.0
ISIC_0070353,cluster:66b5661ff0c2ed39b14c,bias_p000,4,a0,a0,none,False,0.0,0.0,0.0
ISIC_0070380,cluster:79706b88645aaa255f36,bias_p000,4,a0,a0,none,False,-14.399999999999999,-14.399999999999999,0.0
ISIC_0070392,cluster:ee3a4e66ff399e17eb43,bias_p000,4,a0,a0,none,False,0.0,0.0,0.0
ISIC_0070404,cluster:3cbe67a208a1a0773abb,bias_p000,4,a0,a0,none,False,0.0,0.0,0.0
ISIC_0070406,cluster:1762194d0902fd8646fd,bias_p000,4,a2,a2,none,False,0.0,0.0,0.0
ISIC_0070410,cluster:f5eb81935dedd545ed56,bias_p000,4,a3,a0,down_substitution,True,0.0,-18.0,18.0
ISIC_0070415,cluster:53a27e68c201852763c4,bias_p000,4,a0,a0,none,False,0.0,0.0,0.0
ISIC_0070430,cluster:0946859945836b08d2d5,bias_p000,4,a2,a1,down_substitution,True,0.0,-2.6,2.6
ISIC_0070438,cluster:2946e26b5ad2e41fcc41,bias_p000,4,a0,a0,none,False,0.0,0.0,0.0
ISIC_0070469,cluster:58ed47b3f0e297bf38c8,bias_p000,4,a0,a0,none,False,0.0,0.0,0.0
ISIC_0070489,cluster:5f2b84073668547c86d8,bias_p000,4,a0,a0,none,False,-18.0,-18.0,0.0
ISIC_0070498,cluster:fcc35d8ed62b64f85245,bias_p000,4,a0,a0,none,False,-1.2,-1.2,0.0
ISIC_0070501,cluster:9bf143536dc6fb822f51,bias_p000,4,a3,a0,down_substitution,True,0.0,-27.0,27.0
ISIC_0070503,cluster:7e29c44996c9100b98f9,bias_p000,4,a0,a0,none,False,-1.71,-1.71,0.0
ISIC_0070529,cluster:8d0e684edd9389ff9a18,bias_p000,4,a0,a0,none,False,-5.2,-5.2,0.0
ISIC_0070532,cluster:96d5d338897267a9a28d,bias_p000,4,a0,a0,none,False,-4.8,-4.8,0.0
ISIC_0070534,cluster:9be70ddf799143220350,bias_p000,4,a3,a1,down_substitution,True,-2.875,-2.4699999999999998,-0.40500000000000025
ISIC_0070551,cluster:d0fc21d9881d84cbe063,bias_p000,4,a0,a0,none,False,-15.600000000000001,-15.600000000000001,0.0
ISIC_0070561,cluster:aa5c605391214730aa0c,bias_p000,4,a3,a1,down_substitution,True,0.0,-13.0,13.0
ISIC_0070564,cluster:e93afcc8888520419196,bias_p000,4,a0,a0,none,False,0.0,0.0,0.0
ISIC_0070565,cluster:06562307c8f8a397b49e,bias_p000,4,a1,a1,none,False,0.0,0.0,0.0
ISIC_0070580,cluster:60dca78f4fccf1660a97,bias_p000,4,a2,a2,none,False,-1.7099999999999997,-1.7099999999999997,0.0
ISIC_0070601,cluster:55e3e352bfca20275ef7,bias_p000,4,a0,a0,none,False,-20.52,-20.52,0.0
ISIC_0070613,cluster:58ed47b3f0e297bf38c8,bias_p000,4,a1,a0,down_substitution,True,-1.2419999999999998,0.0,-1.2419999999999998
ISIC_0070616,cluster:5af21554b511276a192d,bias_p000,4,a2,a2,none,False,-2.4,-2.4,0.0
ISIC_0070626,cluster:d220566802c5b8e1f24f,bias_p000,4,a2,a2,none,False,-2.5875,-2.5875,0.0
ISIC_0070629,cluster:abbb3792a172a34edaf7,bias_p000,4,a0,a0,none,False,-19.5,-19.5,0.0
ISIC_0070631,cluster:66962c8755367479296c,bias_p000,4,a2,a2,none,False,-2.3598,-2.3598,0.0
ISIC_0070647,cluster:24796d1d52be29bbf56f,bias_p000,4,a2,a2,none,False,-0.98325,-0.98325,0.0
ISIC_0070659,cluster:316eb6695cf9bdc2039a,bias_p000,4,a0,a0,none,False,0.0,0.0,0.0
ISIC_0070681,cluster:d86b16aa75e7a86c0b8f,bias_p000,4,a2,a1,down_substitution,True,-1.9,0.0,-1.9
ISIC_0070696,cluster:f4d2fd9af6833299d49b,bias_p000,4,a0,a0,none,False,0.0,0.0,0.0
ISIC_0070698,cluster:88748f42ddb61aba785c,bias_p000,4,a0,a0,none,False,0.0,0.0,0.0
ISIC_0070713,cluster:f5c5294f71e8dfd629fb,bias_p000,4,a3,a0,down_substitution,True,-2.3,-5.2,2.9000000000000004
ISIC_0070716,cluster:336640e5194cff68a521,bias_p000,4,a3,a3,none,False,-3.375,-3.375,0.0
ISIC_0070721,cluster:90b4caec2961fa0b3eee,bias_p000,4,a2,a1,down_substitution,True,0.0,-2.6,2.6
ISIC_0070730,cluster:05a652b61ef13e5b131f,bias_p000,4,a2,a2,none,False,-1.9664999999999995,-1.9664999999999995,0.0
ISIC_0070744,cluster:9fe3bf580367c35f5c43,bias_p000,4,a2,a2,none,False,0.0,0.0,0.0
ISIC_0070765,cluster:339e07def36bcb65cbe1,bias_p000,4,a0,a0,none,False,0.0,0.0,0.0
ISIC_0070779,cluster:8234962b0606dcd79694,bias_p000,4,a0,a0,none,False,0.0,0.0,0.0
ISIC_0070782,cluster:26eae7aea5d19392b31b,bias_p000,4,a0,a0,none,False,0.0,0.0,0.0
ISIC_0070800,cluster:24f6b24063a65f27bb54,bias_p000,4,a0,a0,none,False,0.0,0.0,0.0
ISIC_0070815,cluster:59ea3798c062a2b75cfa,bias_p000,4,a2,a2,none,False,-4.8,-4.8,0.0
ISIC_0070833,cluster:f92e0707a1ba961228d5,bias_p000,4,a1,a1,none,False,-3.25,-3.25,0.0
ISIC_0070834,cluster:392d56927fd9692df87b,bias_p000,4,a0,a0,none,False,0.0,0.0,0.0
ISIC_0070844,cluster:3b53cea93f98a8165165,bias_p000,4,a2,a0,down_substitution,True,0.0,-5.2,5.2
ISIC_0070846,cluster:5f2b84073668547c86d8,bias_p000,4,a2,a2,none,False,-6.0,-6.0,0.0
ISIC_0070853,cluster:90b4caec2961fa0b3eee,bias_p000,4,a2,a1,down_substitution,True,0.0,-2.6,2.6
ISIC_0070862,cluster:f4d2fd9af6833299d49b,bias_p000,4,a0,a0,none,False,0.0,0.0,0.0
ISIC_0070875,cluster:67a407a2514909eb5abd,bias_p000,4,a0,a0,none,False,0.0,0.0,0.0
ISIC_0070885,cluster:707ab3313d25e849887a,bias_p000,4,a0,a0,none,False,0.0,0.0,0.0
ISIC_0070888,cluster:f246922f4cd8eb809ecb,bias_p000,4,a2,a1,down_substitution,True,-6.5,-13.0,6.5
ISIC_0070889,cluster:415028d793afd66092c1,bias_p000,4,a0,a0,none,False,0.0,0.0,0.0
ISIC_0070891,cluster:0c6899c1ceb7b84c586e,bias_p000,4,a3,a1,down_substitution,True,-2.28,-3.25,0.9700000000000002
ISIC_0070892,cluster:aa5c605391214730aa0c,bias_p000,4,a3,a0,down_substitution,True,0.0,-19.5,19.5
ISIC_0070898,cluster:1e6c9508d9b764ed6314,bias_p000,4,a0,a0,none,False,0.0,0.0,0.0
ISIC_0070900,cluster:767e7d554139905440fb,bias_p000,4,a0,a0,none,False,0.0,0.0,0.0
ISIC_0070920,cluster:79b9e41944be4db7fab4,bias_p000,4,a2,a2,none,False,-6.84,-6.84,0.0
ISIC_0070922,cluster:7b64c40e74c34ce347bd,bias_p000,4,a2,a1,down_substitution,True,0.0,-2.6,2.6
ISIC_0070927,cluster:79b9e41944be4db7fab4,bias_p000,4,a2,a2,none,False,-6.84,-6.84,0.0
ISIC_0070947,cluster:12f7913e1c0bc7fc1f9a,bias_p000,4,a0,a0,none,False,0.0,0.0,0.0
ISIC_0070956,cluster:aa5c605391214730aa0c,bias_p000,4,a3,a0,down_substitution,True,0.0,-19.5,19.5
ISIC_0070963,cluster:7accf789e4cf6c102112,bias_p000,4,a0,a0,none,False,-1.14,-1.14,0.0
ISIC_0070976,cluster:36ced1d75e3ccec9e00d,bias_p000,4,a3,a0,down_substitution,True,0.0,-19.5,19.5
ISIC_0070997,cluster:9dd3f9d2d8ec7eb8100b,bias_p000,4,a2,a1,down_substitution,True,0.0,-2.4699999999999998,2.4699999999999998
ISIC_0071012,cluster:f246922f4cd8eb809ecb,bias_p000,4,a2,a1,down_substitution,True,-6.5,-13.0,6.5
ISIC_0071024,cluster:336640e5194cff68a521,bias_p000,4,a3,a3,none,False,-3.375,-3.375,0.0
ISIC_0071040,cluster:1f9686e741f51f523d63,bias_p000,4,a2,a2,none,False,-4.56,-4.56,0.0
ISIC_0071041,cluster:31bcc7b56ec9fa15beb7,bias_p000,4,a0,a0,none,False,-1.625,-1.625,0.0
ISIC_0071048,cluster:99e9469a76045b93c547,bias_p000,4,a3,a0,down_substitution,True,0.0,-15.600000000000001,15.600000000000001
ISIC_0071056,cluster:c71b7b54a14f15d898f4,bias_p000,4,a2,a0,down_substitution,True,0.0,-6.5,6.5
ISIC_0071058,cluster:9778d841c7730d2610d1,bias_p000,4,a3,a1,down_substitution,True,0.0,-13.0,13.0
ISIC_0071066,cluster:96fb3b89d07221946f37,bias_p000,4,a0,a0,none,False,0.0,0.0,0.0
ISIC_0071075,cluster:f888a015a2f401778dd6,bias_p000,4,a2,a2,none,False,-1.125,-1.125,0.0
ISIC_0071102,cluster:5c59094ac1569d708f8d,bias_p000,4,a2,a1,down_substitution,True,0.0,-2.4699999999999998,2.4699999999999998
ISIC_0071104,cluster:77478876dfbe2a61fc84,bias_p000,4,a0,a0,none,False,-2.25,-2.25,0.0
ISIC_0071118,cluster:921a30f8ee0faf5b3cd8,bias_p000,4,a0,a0,none,False,0.0,0.0,0.0
ISIC_0071139,cluster:036458f4ef68e0fa2d72,bias_p000,4,a0,a0,none,False,0.0,0.0,0.0
ISIC_0071140,cluster:692192093efdfa5f7dd9,bias_p000,4,a2,a0,down_substitution,True,-2.1849999999999996,-1.625,-0.5599999999999996
ISIC_0071151,cluster:6e8b8d2ce88aea45234f,bias_p000,4,a2,a2,none,False,-4.8,-4.8,0.0
ISIC_0071163,cluster:056269d56cc4ec36a1d1,bias_p000,4,a2,a1,down_substitution,True,0.0,-2.6,2.6
ISIC_0071168,cluster:931fc7c6d74ecad85e9e,bias_p000,4,a0,a0,none,False,0.0,0.0,0.0
ISIC_0071169,cluster:2af48ff45429ac2435d5,bias_p000,4,a3,a3,none,False,0.0,0.0,0.0
ISIC_0071171,cluster:8e5bbdd0d845928ac3b5,bias_p000,4,a1,a1,none,False,-0.7124999999999999,-0.7124999999999999,0.0
ISIC_0071186,cluster:f5c5294f71e8dfd629fb,bias_p000,4,a2,a0,down_substitution,True,0.0,-5.2,5.2
ISIC_0071194,cluster:3f2f07788e7dc078cf92,bias_p000,4,a0,a0,none,False,0.0,0.0,0.0
ISIC_0071195,cluster:25c3a7fbdaec887143af,bias_p000,4,a2,a2,none,False,-3.105,-3.105,0.0
ISIC_0071197,cluster:6ce19f1057d90cf6c1d4,bias_p000,4,a3,a2,down_substitution,True,0.0,-7.2,7.2
ISIC_0071199,cluster:3da60b5c60ea91d8397e,bias_p000,4,a2,a1,down_substitution,True,0.0,-3.25,3.25
ISIC_0071208,cluster:f246922f4cd8eb809ecb,bias_p000,4,a2,a1,down_substitution,True,-6.5,-13.0,6.5
ISIC_0071214,cluster:c71b7b54a14f15d898f4,bias_p000,4,a2,a0,down_substitution,True,0.0,-6.5,6.5
ISIC_0071230,cluster:8e5bbdd0d845928ac3b5,bias_p000,4,a0,a0,none,False,0.0,0.0,0.0
ISIC_0071241,cluster:24796d1d52be29bbf56f,bias_p000,4,a2,a2,none,False,-0.98325,-0.98325,0.0
ISIC_0071257,cluster:fa3786237be0a6e171e7,bias_p000,4,a0,a0,none,False,-15.600000000000001,-15.600000000000001,0.0
ISIC_0071267,cluster:336640e5194cff68a521,bias_p000,4,a3,a3,none,False,-3.375,-3.375,0.0
ISIC_0071289,cluster:d46b7435e9a38928a56c,bias_p000,4,a3,a0,down_substitution,True,0.0,-14.819999999999999,14.819999999999999
ISIC_0071302,cluster:b72ae5bbc301e31bb12f,bias_p000,4,a2,a0,down_substitution,True,-4.369999999999999,0.0,-4.369999999999999
ISIC_0071313,cluster:33e198fddfcb5c8c69cf,bias_p000,4,a1,a2,up_substitution,True,-3.42,0.0,-3.42
ISIC_0071316,cluster:1f9686e741f51f523d63,bias_p000,4,a3,a3,none,False,0.0,0.0,0.0
ISIC_0071321,cluster:0b41fc8e4bff7d873e17,bias_p000,4,a3,a0,down_substitution,True,0.0,-19.5,19.5
ISIC_0071326,cluster:06562307c8f8a397b49e,bias_p000,4,a2,a2,none,False,-1.3679999999999999,-1.3679999999999999,0.0
ISIC_0071346,cluster:cc608fc21999512fe7b8,bias_p000,4,a0,a0,none,False,-20.52,-20.52,0.0
ISIC_0071374,cluster:fca46f701cb0c0bb9aa0,bias_p000,4,a0,a0,none,False,0.0,0.0,0.0
ISIC_0071381,cluster:fccaeb041eb7e7bc0015,bias_p000,4,a3,a1,down_substitution,True,-2.4,-2.6,0.20000000000000018
ISIC_0071389,cluster:3e488b8372d071676981,bias_p000,4,a0,a0,none,False,0.0,0.0,0.0
ISIC_0071418,cluster:67a407a2514909eb5abd,bias_p000,4,a0,a0,none,False,0.0,0.0,0.0
ISIC_0071432,cluster:da140f48e2085897313c,bias_p000,4,a0,a0,none,False,0.0,0.0,0.0
ISIC_0071434,cluster:2499a8706dafd265a430,bias_p000,4,a3,a1,down_substitution,True,0.0,-10.4,10.4
ISIC_0071437,cluster:e243e9d28538278b201a,bias_p000,4,a0,a0,none,False,0.0,0.0,0.0
ISIC_0071479,cluster:45cea2d6231d0ce60d72,bias_p000,4,a0,a0,none,False,0.0,0.0,0.0
ISIC_0071480,cluster:9d28549a45eba46f0993,bias_p000,4,a2,a1,down_substitution,True,0.0,-2.4699999999999998,2.4699999999999998
ISIC_0071492,cluster:8d379f44152c7fb82eb7,bias_p000,4,a3,a1,down_substitution,True,0.0,-10.4,10.4
ISIC_0071493,cluster:db571fc5e9e99fb81627,bias_p000,4,a0,a0,none,False,0.0,0.0,0.0
ISIC_0071506,cluster:12f7913e1c0bc7fc1f9a,bias_p000,4,a0,a0,none,False,0.0,0.0,0.0
ISIC_0071537,cluster:a93b86c7d833b2e66881,bias_p000,4,a2,a2,none,False,-4.8,-4.8,0.0
ISIC_0071538,cluster:d77411744fa5aa0e4e86,bias_p000,4,a2,a1,down_substitution,True,-4.9399999999999995,-9.879999999999999,4.9399999999999995
ISIC_0071540,cluster:b7c93a2a6a9f34d0defb,bias_p000,4,a0,a0,none,False,0.0,0.0,0.0
ISIC_0071555,cluster:c9e380ee7e7f2f3cc13a,bias_p000,4,a1,a1,none,False,-3.25,-3.25,0.0
ISIC_0071564,cluster:66962c8755367479296c,bias_p000,4,a1,a0,down_substitution,True,-1.1799,0.0,-1.1799
ISIC_0071572,cluster:66962c8755367479296c,bias_p000,4,a2,a2,none,False,-2.3598,-2.3598,0.0
ISIC_0071576,cluster:4c6a22cd9cb03eeaae11,bias_p000,4,a3,a0,down_substitution,True,0.0,-14.399999999999999,14.399999999999999
ISIC_0071580,cluster:f5eb81935dedd545ed56,bias_p000,4,a3,a0,down_substitution,True,0.0,-18.0,18.0
ISIC_0071590,cluster:2e5b4e9044410bdfee11,bias_p000,4,a0,a0,none,False,0.0,0.0,0.0
ISIC_0071604,cluster:bcf2f4f2d2011a0598a9,bias_p000,4,a0,a0,none,False,-5.2,-5.2,0.0
ISIC_0071606,cluster:f5c5294f71e8dfd629fb,bias_p000,4,a3,a0,down_substitution,True,-2.3,-5.2,2.9000000000000004
ISIC_0071615,cluster:549b5e38ac79504d65c3,bias_p000,4,a2,a1,down_substitution,True,-1.9,0.0,-1.9
ISIC_0071616,cluster:544f4d8a82e70d5d30af,bias_p000,4,a0,a0,none,False,0.0,0.0,0.0
ISIC_0071619,cluster:e53a17a546a96a557d12,bias_p000,4,a3,a1,down_substitution,True,-2.0,-2.6,0.6000000000000001
ISIC_0071625,cluster:415028d793afd66092c1,bias_p000,4,a0,a0,none,False,0.0,0.0,0.0
ISIC_0071630,cluster:ce83b5f7432bc1a8ed45,bias_p000,4,a2,a0,down_substitution,True,-5.243999999999999,0.0,-5.243999999999999
ISIC_0071648,cluster:442cd25f02ee571e8a78,bias_p000,4,a2,a1,down_substitution,True,-5.2,-10.4,5.2
ISIC_0071666,cluster:fa3786237be0a6e171e7,bias_p000,4,a0,a0,none,False,-15.600000000000001,-15.600000000000001,0.0
ISIC_0071668,cluster:c9c3da9110c8c54cc25d,bias_p000,4,a0,a0,none,False,-19.5,-19.5,0.0
ISIC_0071674,cluster:8f7950eda33ca11de8e3,bias_p000,4,a0,a0,none,False,0.0,0.0,0.0
ISIC_0071682,cluster:9dd3f9d2d8ec7eb8100b,bias_p000,4,a2,a1,down_substitution,True,0.0,-2.4699999999999998,2.4699999999999998
ISIC_0071697,cluster:53a27e68c201852763c4,bias_p000,4,a0,a0,none,False,0.0,0.0,0.0
ISIC_0071724,cluster:b108fd7c4499c56f9880,bias_p000,4,a0,a0,none,False,-4.9399999999999995,-4.9399999999999995,0.0
ISIC_0071727,cluster:b5b24ddfe8419949c542,bias_p000,4,a2,a2,none,False,-9.0,-9.0,0.0
ISIC_0071730,cluster:2572108a773a930323f5,bias_p000,4,a2,a1,down_substitution,True,0.0,-2.4699999999999998,2.4699999999999998
ISIC_0071748,cluster:1a85f3a1a1a2f97568f1,bias_p000,4,a0,a0,none,False,0.0,0.0,0.0
ISIC_0071758,cluster:96d5d338897267a9a28d,bias_p000,4,a0,a0,none,False,-4.8,-4.8,0.0
ISIC_0071767,cluster:2499a8706dafd265a430,bias_p000,4,a3,a1,down_substitution,True,0.0,-10.4,10.4
ISIC_0071768,cluster:f5eb81935dedd545ed56,bias_p000,4,a0,a0,none,False,-18.0,-18.0,0.0
ISIC_0071772,cluster:e53a17a546a96a557d12,bias_p000,4,a2,a1,down_substitution,True,0.0,-2.6,2.6
ISIC_0071779,cluster:601b01a61907d5b8096c,bias_p000,4,a2,a1,down_substitution,True,0.0,-3.25,3.25
ISIC_0071782,cluster:79b9e41944be4db7fab4,bias_p000,4,a2,a2,none,False,-6.84,-6.84,0.0
ISIC_0071796,cluster:1c8a0b459a84d323bc94,bias_p000,4,a3,a3,none,False,-3.1049999999999995,-3.1049999999999995,0.0
ISIC_0071827,cluster:5f2b84073668547c86d8,bias_p000,4,a3,a0,down_substitution,True,0.0,-18.0,18.0
ISIC_0071834,cluster:cc608fc21999512fe7b8,bias_p000,4,a0,a0,none,False,-20.52,-20.52,0.0
ISIC_0071843,cluster:532467324e8468470bb5,bias_p000,4,a2,a2,none,False,0.0,0.0,0.0
ISIC_0071848,cluster:24f6b24063a65f27bb54,bias_p000,4,a0,a0,none,False,0.0,0.0,0.0
ISIC_0071871,cluster:24796d1d52be29bbf56f,bias_p000,4,a2,a2,none,False,-0.98325,-0.98325,0.0
ISIC_0071880,cluster:d9863e6d6db033336413,bias_p000,4,a0,a0,none,False,0.0,0.0,0.0
ISIC_0071883,cluster:316eb6695cf9bdc2039a,bias_p000,4,a0,a0,none,False,0.0,0.0,0.0
ISIC_0071885,cluster:9a021663091cbca1740e,bias_p000,4,a2,a1,down_substitution,True,0.0,-2.6,2.6
ISIC_0071886,cluster:f4d2fd9af6833299d49b,bias_p000,4,a0,a0,none,False,0.0,0.0,0.0
ISIC_0071889,cluster:24078adcc6d686f67f3d,bias_p000,4,a2,a1,down_substitution,True,0.0,-2.4699999999999998,2.4699999999999998
ISIC_0071898,cluster:d7309f0fb197c551a2e5,bias_p000,4,a2,a1,down_substitution,True,-4.369999999999999,-2.1849999999999996,-2.1849999999999996
ISIC_0071920,cluster:a685be1332db19549c20,bias_p000,4,a2,a2,none,False,0.0,0.0,0.0
ISIC_0071930,cluster:6670e6839bf10394076f,bias_p000,4,a3,a0,down_substitution,True,-2.5875,-1.14,-1.4475
ISIC_0071932,cluster:7f1e0bc7258072054f5e,bias_p000,4,a2,a1,down_substitution,True,0.0,-2.6,2.6
ISIC_0071944,cluster:ec9c39e69a646df7092f,bias_p000,4,a2,a2,none,False,-6.0,-6.0,0.0
ISIC_0071954,cluster:05a698b253f329f96409,bias_p000,4,a0,a0,none,False,0.0,0.0,0.0
ISIC_0071957,cluster:a2788b787c4061e4e9fa,bias_p000,4,a0,a0,none,False,-27.0,-27.0,0.0
ISIC_0071964,cluster:1e8dd9964dcfff7b0ffc,bias_p000,4,a0,a0,none,False,-4.8,-4.8,0.0
ISIC_0071979,cluster:9d693c1e01ea5df0bf71,bias_p000,4,a0,a0,none,False,-6.84,-6.84,0.0
ISIC_0071985,cluster:60dca78f4fccf1660a97,bias_p000,4,a2,a2,none,False,-1.7099999999999997,-1.7099999999999997,0.0
ISIC_0071988,cluster:1937ec662037ff1cf09a,bias_p000,4,a3,a2,down_substitution,True,0.0,-4.8,4.8
ISIC_0071992,cluster:aa5c605391214730aa0c,bias_p000,4,a3,a0,down_substitution,True,0.0,-19.5,19.5
ISIC_0072005,cluster:66962c8755367479296c,bias_p000,4,a2,a2,none,False,-2.3598,-2.3598,0.0
ISIC_0072015,cluster:2f519d892f2b73fd2bf8,bias_p000,4,a0,a0,none,False,0.0,0.0,0.0
ISIC_0072018,cluster:db497b54b3041cbc7cd7,bias_p000,4,a0,a0,none,False,-6.5,-6.5,0.0
ISIC_0072021,cluster:f5d60fde78993e9fa317,bias_p000,4,a2,a2,none,False,-9.0,-9.0,0.0
ISIC_0072029,cluster:967ee22c557f31680931,bias_p000,4,a2,a1,down_substitution,True,0.0,-2.6,2.6
ISIC_0072035,cluster:0e84c86c3a4954f0b702,bias_p000,4,a2,a1,down_substitution,True,0.0,-2.6,2.6
ISIC_0072045,cluster:93bf601d7a9e2f0538ce,bias_p000,4,a2,a2,none,False,-2.5875,-2.5875,0.0
ISIC_0072051,cluster:4c6a22cd9cb03eeaae11,bias_p000,4,a2,a2,none,False,-4.8,-4.8,0.0
ISIC_0072063,cluster:79706b88645aaa255f36,bias_p000,4,a0,a0,none,False,-14.399999999999999,-14.399999999999999,0.0
ISIC_0072066,cluster:3563f1d6df607b5dee99,bias_p000,4,a3,a1,down_substitution,True,-2.76,-2.6,-0.1599999999999997
ISIC_0072085,cluster:6020c440dbb66b2082c9,bias_p000,4,a1,a1,none,False,-1.125,-1.125,0.0
ISIC_0072086,cluster:8e4ddf2cdac6bf234088,bias_p000,4,a2,a2,none,False,0.0,0.0,0.0
ISIC_0072092,cluster:c9e380ee7e7f2f3cc13a,bias_p000,4,a2,a1,down_substitution,True,0.0,-3.25,3.25
ISIC_0072107,cluster:e53a17a546a96a557d12,bias_p000,4,a2,a1,down_substitution,True,0.0,-2.6,2.6
ISIC_0072111,cluster:557a3a488eded2977300,bias_p000,4,a2,a2,none,False,-4.8,-4.8,0.0
ISIC_0072125,cluster:2e90824513393a707e06,bias_p000,4,a0,a0,none,False,0.0,0.0,0.0
ISIC_0072129,cluster:817e91a8cfe2c97039a6,bias_p000,4,a2,a1,down_substitution,True,0.0,-3.25,3.25
ISIC_0072134,cluster:0be78526ae4926cbfe20,bias_p000,4,a2,a1,down_substitution,True,0.0,-2.4699999999999998,2.4699999999999998
ISIC_0072135,cluster:7b6a3d3216fc39866370,bias_p000,4,a3,a1,down_substitution,True,0.0,-9.879999999999999,9.879999999999999
ISIC_0072143,cluster:10e6c9460b534821f2c5,bias_p000,4,a3,a3,none,False,0.0,0.0,0.0
ISIC_0072152,cluster:5af9fb9d549f73a7147e,bias_p000,4,a2,a2,none,False,0.0,0.0,0.0
ISIC_0072157,cluster:f5eb81935dedd545ed56,bias_p000,4,a0,a0,none,False,-18.0,-18.0,0.0
ISIC_0072172,cluster:61fb80c42e3427010c62,bias_p000,4,a0,a0,none,False,0.0,0.0,0.0
ISIC_0072175,cluster:d3abf35be1cb9a92400b,bias_p000,4,a3,a0,down_substitution,True,0.0,-19.5,19.5
ISIC_0072186,cluster:87ae6ed08f074969fae9,bias_p000,4,a2,a2,none,False,0.0,0.0,0.0
ISIC_0072189,cluster:7d264e3b14d3272224cf,bias_p000,4,a3,a0,down_substitution,True,-2.28,-6.5,4.220000000000001
ISIC_0072194,cluster:10e6c9460b534821f2c5,bias_p000,4,a3,a3,none,False,0.0,0.0,0.0
ISIC_0072207,cluster:9bcbc946c796a07ed725,bias_p000,4,a0,a0,none,False,0.0,0.0,0.0
ISIC_0072211,cluster:af782bb8df7c4ee39af2,bias_p000,4,a0,a0,none,False,-6.5,-6.5,0.0
ISIC_0072223,cluster:9bf143536dc6fb822f51,bias_p000,4,a3,a0,down_substitution,True,0.0,-27.0,27.0
ISIC_0072250,cluster:6e8b8d2ce88aea45234f,bias_p000,4,a2,a2,none,False,-4.8,-4.8,0.0
ISIC_0072251,cluster:ab9ec54038536fbf3b75,bias_p000,4,a2,a1,down_substitution,True,0.0,-2.4699999999999998,2.4699999999999998
ISIC_0072266,cluster:1e6c9508d9b764ed6314,bias_p000,4,a1,a1,none,False,-1.3499999999999999,-1.3499999999999999,0.0
ISIC_0072283,cluster:d1f59b6568038edfc30a,bias_p000,4,a0,a0,none,False,0.0,0.0,0.0
ISIC_0072284,cluster:392d56927fd9692df87b,bias_p000,4,a3,a3,none,False,-3.8812499999999996,-3.8812499999999996,0.0
ISIC_0072296,cluster:cd015bb513b601122ede,bias_p000,4,a2,a1,down_substitution,True,-2.6219999999999994,0.0,-2.6219999999999994
ISIC_0072318,cluster:d64b4df3ff64c71d6835,bias_p000,4,a2,a1,down_substitution,True,0.0,-3.25,3.25
ISIC_0072340,cluster:58ed47b3f0e297bf38c8,bias_p000,4,a1,a0,down_substitution,True,-1.2419999999999998,0.0,-1.2419999999999998
ISIC_0072343,cluster:fcc35d8ed62b64f85245,bias_p000,4,a0,a0,none,False,-1.2,-1.2,0.0
ISIC_0072345,cluster:d5b887a0b8ed4f23787d,bias_p000,4,a2,a1,down_substitution,True,0.0,-3.25,3.25
ISIC_0072353,cluster:5f2b84073668547c86d8,bias_p000,4,a2,a2,none,False,-6.0,-6.0,0.0
ISIC_0072357,cluster:fcc35d8ed62b64f85245,bias_p000,4,a0,a0,none,False,-1.2,-1.2,0.0
ISIC_0072368,cluster:ad50f77c9576ef680f29,bias_p000,4,a0,a0,none,False,0.0,0.0,0.0
ISIC_0072371,cluster:89cd980bf855e013b4c3,bias_p000,4,a0,a0,none,False,-21.6,-21.6,0.0
ISIC_0072382,cluster:a93b86c7d833b2e66881,bias_p000,4,a3,a2,down_substitution,True,0.0,-4.8,4.8
ISIC_0072383,cluster:a93b86c7d833b2e66881,bias_p000,4,a3,a0,down_substitution,True,0.0,-14.399999999999999,14.399999999999999
ISIC_0072393,cluster:99e9469a76045b93c547,bias_p000,4,a3,a0,down_substitution,True,0.0,-15.600000000000001,15.600000000000001
ISIC_0072394,cluster:cd1138fadd4fa21bfb58,bias_p000,4,a0,a0,none,False,0.0,0.0,0.0
ISIC_0072412,cluster:3e488b8372d071676981,bias_p000,4,a0,a0,none,False,0.0,0.0,0.0
ISIC_0072418,cluster:a93b86c7d833b2e66881,bias_p000,4,a3,a2,down_substitution,True,0.0,-4.8,4.8
ISIC_0072434,cluster:07d7579a157617d1cbd1,bias_p000,4,a3,a1,down_substitution,True,-1.9,-3.25,1.35
ISIC_0072448,cluster:036458f4ef68e0fa2d72,bias_p000,4,a0,a0,none,False,0.0,0.0,0.0
ISIC_0072451,cluster:7e29c44996c9100b98f9,bias_p000,4,a0,a0,none,False,-1.71,-1.71,0.0
ISIC_0072463,cluster:a90e09dec7c7398bbb03,bias_p000,4,a2,a1,down_substitution,True,0.0,-2.6,2.6
ISIC_0072472,cluster:1029f0881c2bd80fcebb,bias_p000,4,a2,a1,down_substitution,True,-5.0,-2.5,-2.5
ISIC_0072485,cluster:24f6b24063a65f27bb54,bias_p000,4,a0,a0,none,False,0.0,0.0,0.0
ISIC_0072488,cluster:61fb80c42e3427010c62,bias_p000,4,a1,a2,up_substitution,True,-1.7249999999999999,-3.4499999999999997,1.7249999999999999
ISIC_0072499,cluster:9b9fba6576bdb60588b9,bias_p000,4,a0,a0,none,False,-14.399999999999999,-14.399999999999999,0.0
ISIC_0072501,cluster:00c78d690773c9c82e11,bias_p000,4,a3,a2,down_substitution,True,-2.16,-1.08,-1.08
ISIC_0072505,cluster:963ea2ddbc862f499db8,bias_p000,4,a2,a1,down_substitution,True,0.0,-3.25,3.25
ISIC_0072506,cluster:3e4162adf37beb5914f5,bias_p000,4,a2,a1,down_substitution,True,0.0,-2.6,2.6
ISIC_0072516,cluster:5ed8c48aae57f7f64f1d,bias_p000,4,a2,a2,none,False,-9.0,-9.0,0.0
ISIC_0072519,cluster:4e2dbae04f4094a4bbc0,bias_p000,4,a2,a1,down_substitution,True,-5.2,-10.4,5.2
ISIC_0072520,cluster:6186ede43985dc1bf845,bias_p000,4,a2,a1,down_substitution,True,0.0,-3.25,3.25
ISIC_0072522,cluster:55e3e352bfca20275ef7,bias_p000,4,a0,a0,none,False,-20.52,-20.52,0.0
ISIC_0072559,cluster:15fb36236c2cc2766bd1,bias_p000,4,a0,a0,none,False,-14.399999999999999,-14.399999999999999,0.0
ISIC_0072564,cluster:10e6c9460b534821f2c5,bias_p000,4,a3,a3,none,False,0.0,0.0,0.0
ISIC_0072568,cluster:5f2b84073668547c86d8,bias_p000,4,a0,a0,none,False,-18.0,-18.0,0.0
ISIC_0072574,cluster:1d93946840d70e9554fe,bias_p000,4,a2,a1,down_substitution,True,-4.9399999999999995,-9.879999999999999,4.9399999999999995
ISIC_0072576,cluster:c7936cfb603dc3c856dd,bias_p000,4,a0,a0,none,False,0.0,0.0,0.0
ISIC_0072585,cluster:bf004858ec9839aab01c,bias_p000,4,a0,a0,none,False,-13.68,-13.68,0.0
ISIC_0072627,cluster:a6e6150fcb506f17cbb4,bias_p000,4,a3,a0,down_substitution,True,-7.199999999999999,0.0,-7.199999999999999
ISIC_0072628,cluster:a0befd98ee5860ee4021,bias_p000,4,a2,a2,none,False,-6.84,-6.84,0.0
ISIC_0072633,cluster:f4d2fd9af6833299d49b,bias_p000,4,a0,a0,none,False,0.0,0.0,0.0
ISIC_0072637,cluster:1df93fb95a526c169a7d,bias_p000,4,a0,a0,none,False,0.0,0.0,0.0
ISIC_0072638,cluster:fcfb87e8c6077ecacab6,bias_p000,4,a2,a1,down_substitution,True,0.0,-2.4699999999999998,2.4699999999999998
ISIC_0072646,cluster:7f1e0bc7258072054f5e,bias_p000,4,a2,a1,down_substitution,True,0.0,-2.6,2.6
ISIC_0072648,cluster:9209c9ef24c9d24c9a8b,bias_p000,4,a0,a0,none,False,0.0,0.0,0.0
ISIC_0072676,cluster:601b01a61907d5b8096c,bias_p000,4,a2,a1,down_substitution,True,0.0,-3.25,3.25
ISIC_0072687,cluster:ec0a139baf3fa5e172d5,bias_p000,4,a1,a1,none,False,-2.0,-2.0,0.0
ISIC_0072694,cluster:89cd980bf855e013b4c3,bias_p000,4,a0,a0,none,False,-21.6,-21.6,0.0
ISIC_0072698,cluster:ad0c55436a63f07d3938,bias_p000,4,a2,a1,down_substitution,True,0.0,-2.4699999999999998,2.4699999999999998
ISIC_0072708,cluster:0da965439c6af4c1d015,bias_p000,4,a0,a0,none,False,-21.6,-21.6,0.0
ISIC_0072729,cluster:60dca78f4fccf1660a97,bias_p000,4,a2,a2,none,False,-1.7099999999999997,-1.7099999999999997,0.0
ISIC_0072739,cluster:317fad24c70b30d67fbb,bias_p000,4,a0,a0,none,False,0.0,0.0,0.0
ISIC_0072744,cluster:3e0d9de4cebb6c47ac4c,bias_p000,4,a3,a0,down_substitution,True,-2.1849999999999996,-6.5,4.315
ISIC_0072748,cluster:fe992fe82c3baac2f94f,bias_p000,4,a3,a0,down_substitution,True,0.0,-19.5,19.5
ISIC_0072749,cluster:2b8916e5dade706a4c71,bias_p000,4,a0,a0,none,False,0.0,0.0,0.0
ISIC_0072754,cluster:e53a17a546a96a557d12,bias_p000,4,a3,a1,down_substitution,True,-2.0,-2.6,0.6000000000000001
ISIC_0072755,cluster:99e9469a76045b93c547,bias_p000,4,a3,a1,down_substitution,True,0.0,-10.4,10.4
ISIC_0072772,cluster:8dda3f47d268d48b6926,bias_p000,4,a2,a1,down_substitution,True,0.0,-2.4699999999999998,2.4699999999999998
ISIC_0072784,cluster:7b76850b920a8a316e8a,bias_p000,4,a3,a0,down_substitution,True,-2.3598,-2.25,-0.1097999999999999
ISIC_0072820,cluster:f5d60fde78993e9fa317,bias_p000,4,a3,a2,down_substitution,True,0.0,-9.0,9.0
ISIC_0072822,cluster:544f4d8a82e70d5d30af,bias_p000,4,a0,a0,none,False,0.0,0.0,0.0
ISIC_0072833,cluster:b491860318dd476173f2,bias_p000,4,a2,a2,none,False,-6.84,-6.84,0.0
ISIC_0072836,cluster:e1adcb59cd16598d5172,bias_p000,4,a0,a0,none,False,0.0,0.0,0.0
ISIC_0072839,cluster:ec7343fe5280c76cca02,bias_p000,4,a3,a3,none,False,-0.9,-0.9,0.0
ISIC_0072846,cluster:d698547a4586f779f397,bias_p000,4,a0,a0,none,False,0.0,0.0,0.0
ISIC_0072856,cluster:ad9d6aad05ce824458ef,bias_p000,4,a2,a2,none,False,0.0,0.0,0.0
ISIC_0072859,cluster:b76e28e4bf1fac42b8a9,bias_p000,4,a3,a0,down_substitution,True,-1.5525,-6.84,5.2875
ISIC_0072864,cluster:d87670aff668433a827e,bias_p000,4,a2,a2,none,False,-1.035,-1.035,0.0
ISIC_0072874,cluster:3f6111f62dc84e40f924,bias_p000,4,a0,a0,none,False,0.0,0.0,0.0
ISIC_0072876,cluster:8e500bbceb4ca18099cd,bias_p000,4,a2,a1,down_substitution,True,-4.9399999999999995,-9.879999999999999,4.9399999999999995
ISIC_0072900,cluster:87ae6ed08f074969fae9,bias_p000,4,a3,a2,down_substitution,True,-1.7999999999999998,0.0,-1.7999999999999998
ISIC_0072901,cluster:549b5e38ac79504d65c3,bias_p000,4,a0,a0,none,False,-1.625,-1.625,0.0
ISIC_0072910,cluster:012f1b2b669dc92b16b1,bias_p000,4,a0,a0,none,False,-2.25,-2.25,0.0
ISIC_0072929,cluster:04379f18c00df43352e8,bias_p000,4,a1,a1,none,False,-1.3499999999999999,-1.3499999999999999,0.0
ISIC_0072965,cluster:8f6558ec3c44a1fe7e12,bias_p000,4,a0,a0,none,False,0.0,0.0,0.0
ISIC_0072966,cluster:79b9e41944be4db7fab4,bias_p000,4,a2,a2,none,False,-6.84,-6.84,0.0
ISIC_0072977,cluster:1937ec662037ff1cf09a,bias_p000,4,a3,a0,down_substitution,True,0.0,-14.399999999999999,14.399999999999999
ISIC_0072988,cluster:36a9edd6fdedbe85cb4f,bias_p000,4,a1,a1,none,False,-2.6,-2.6,0.0
ISIC_0072994,cluster:d1980ceb737420d901a2,bias_p000,4,a2,a2,none,False,0.0,0.0,0.0
ISIC_0073002,cluster:33cf23f423308c415bef,bias_p000,4,a2,a2,none,False,0.0,0.0,0.0
ISIC_0073009,cluster:2ed7ebd8abe7b8e81111,bias_p000,4,a3,a3,none,False,-1.125,-1.125,0.0
ISIC_0073016,cluster:6b3aa9a34309ab478092,bias_p000,4,a2,a1,down_substitution,True,-6.5,-13.0,6.5
ISIC_0073023,cluster:8fb12f7f1eb7a0d8fe18,bias_p000,4,a3,a1,down_substitution,True,-1.9,-3.25,1.35
ISIC_0073027,cluster:6020c440dbb66b2082c9,bias_p000,4,a2,a2,none,False,-2.25,-2.25,0.0
ISIC_0073030,cluster:7b6a3d3216fc39866370,bias_p000,4,a2,a1,down_substitution,True,-4.9399999999999995,-9.879999999999999,4.9399999999999995
ISIC_0073032,cluster:1f9686e741f51f523d63,bias_p000,4,a3,a3,none,False,0.0,0.0,0.0
ISIC_0073035,cluster:a080b4920fb4a5134a97,bias_p000,4,a0,a0,none,False,-5.2,-5.2,0.0
ISIC_0073058,cluster:98e37200e11b30eac4ed,bias_p000,4,a0,a0,none,False,0.0,0.0,0.0
ISIC_0073063,cluster:038f322edd888973abc9,bias_p000,4,a2,a1,down_substitution,True,0.0,-2.6,2.6
ISIC_0073072,cluster:ad50f77c9576ef680f29,bias_p000,4,a0,a0,none,False,0.0,0.0,0.0
ISIC_0073075,cluster:0a34d4ebb790fac34ac4,bias_p000,4,a0,a0,none,False,-14.399999999999999,-14.399999999999999,0.0
ISIC_0073081,cluster:f24f47084242bdb15356,bias_p000,4,a0,a0,none,False,-6.0,-6.0,0.0
ISIC_0073088,cluster:9778d841c7730d2610d1,bias_p000,4,a3,a1,down_substitution,True,0.0,-13.0,13.0
ISIC_0073109,cluster:ba4152d5324f619dd184,bias_p000,4,a3,a1,down_substitution,True,-2.0,-2.6,0.6000000000000001
ISIC_0073127,cluster:c8249ac42702001c4b88,bias_p000,4,a2,a1,down_substitution,True,-4.9399999999999995,-9.879999999999999,4.9399999999999995
ISIC_0073128,cluster:cfe851d40a923d73f847,bias_p000,4,a2,a1,down_substitution,True,0.0,-3.25,3.25
ISIC_0073135,cluster:707ab3313d25e849887a,bias_p000,4,a0,a0,none,False,0.0,0.0,0.0
ISIC_0073140,cluster:96de22e4f6dabb032708,bias_p000,4,a3,a0,down_substitution,True,-2.28,-1.5,-0.7799999999999998
ISIC_0073159,cluster:a6a57b6dd9e8dc62a0fc,bias_p000,4,a0,a0,none,False,0.0,0.0,0.0
ISIC_0073168,cluster:5d87b82069c855f8ddf1,bias_p000,4,a3,a2,down_substitution,True,0.0,-4.56,4.56
ISIC_0073198,cluster:f5c5294f71e8dfd629fb,bias_p000,4,a2,a0,down_substitution,True,0.0,-5.2,5.2
ISIC_0073199,cluster:9e46c6c63a864f963108,bias_p000,4,a2,a1,down_substitution,True,-5.243999999999999,-2.6219999999999994,-2.6219999999999994
ISIC_0073202,cluster:d57b81f03920f0c834b0,bias_p000,4,a0,a0,none,False,0.0,0.0,0.0
ISIC_0073205,cluster:485062cdaf0aff140ad2,bias_p000,4,a0,a0,none,False,-1.3,-1.3,0.0
ISIC_0073207,cluster:67477a69f239989f1908,bias_p000,4,a0,a0,none,False,0.0,0.0,0.0
ISIC_0073209,cluster:b1fc0ab0fc6d6abbba6b,bias_p000,4,a3,a0,down_substitution,True,-6.84,0.0,-6.84
ISIC_0073222,cluster:2a738414586aa6bfadf4,bias_p000,4,a0,a0,none,False,0.0,0.0,0.0
ISIC_0073224,cluster:2a9b95b7e14901153dae,bias_p000,4,a2,a1,down_substitution,True,0.0,-2.6,2.6
ISIC_0073225,cluster:ab4a012ae4e30b9a6dd6,bias_p000,4,a1,a1,none,False,-2.28,-2.28,0.0
ISIC_0073238,cluster:f71ae9b967f86360010c,bias_p000,4,a0,a0,none,False,-20.52,-20.52,0.0
ISIC_0073240,cluster:5cb806401118ec54f89f,bias_p000,4,a0,a0,none,False,0.0,0.0,0.0
ISIC_0073245,cluster:6ce65aeb1e149537e8fc,bias_p000,4,a0,a0,none,False,0.0,0.0,0.0
ISIC_0073246,cluster:ad0c55436a63f07d3938,bias_p000,4,a3,a1,down_substitution,True,-2.875,-2.4699999999999998,-0.40500000000000025
ISIC_0073249,cluster:1937ec662037ff1cf09a,bias_p000,4,a3,a2,down_substitution,True,0.0,-4.8,4.8
