component_id,component_size,component_crosses_split,threshold,exact_hash_duplicate,image_id,split,site_id,site_profile,risk_stratum,image_hash,image_path
PHASH_000001,69,True,4,False,ISIC_0010256,train,SYN_BCN_like,BCN_like,very_low,669999666699d163,data/raw/isic2019/ISIC_2019_Training_Input/ISIC_0010256.jpg
PHASH_000001,69,True,4,False,ISIC_0010317,train,SYN_BCN_like,BCN_like,very_low,e6ba996666989863,data/raw/isic2019/ISIC_2019_Training_Input/ISIC_0010317.jpg
PHASH_000001,69,True,4,False,ISIC_0010593,train,SYN_MSK_like,MSK_like,very_low,669999666e98dc61,data/raw/isic2019/ISIC_2019_Training_Input/ISIC_0010593.jpg
PHASH_000001,69,True,4,False,ISIC_0010852,val,SYN_BCN_like,BCN_like,high,2699996666999b63,data/raw/isic2019/ISIC_2019_Training_Input/ISIC_0010852.jpg
PHASH_000001,69,True,4,False,ISIC_0012413_downsampled,test,SYN_RURAL_like,RURAL_like,very_low,6699bb6666991067,data/raw/isic2019/ISIC_2019_Training_Input/ISIC_0012413_downsampled.jpg
PHASH_000001,69,True,4,False,ISIC_0013032_downsampled,train,SYN_MSK_like,MSK_like,very_low,669b9b6666991165,data/raw/isic2019/ISIC_2019_Training_Input/ISIC_0013032_downsampled.jpg
PHASH_000001,69,True,4,False,ISIC_0014093_downsampled,train,SYN_HAM_like,HAM_like,very_low,66d9996666999165,data/raw/isic2019/ISIC_2019_Training_Input/ISIC_0014093_downsampled.jpg
PHASH_000001,69,True,4,False,ISIC_0024541,train,SYN_HAM_like,HAM_like,very_low,c63399cc66999965,data/raw/isic2019/ISIC_2019_Training_Input/ISIC_0024541.jpg
PHASH_000001,69,True,4,False,ISIC_0024594,train,SYN_RURAL_like,RURAL_like,very_low,e699996626999267,data/raw/isic2019/ISIC_2019_Training_Input/ISIC_0024594.jpg
PHASH_000001,69,True,4,False,ISIC_0024704,train,SYN_MSK_like,MSK_like,very_low,66d999666698d961,data/raw/isic2019/ISIC_2019_Training_Input/ISIC_0024704.jpg
PHASH_000001,69,True,4,False,ISIC_0024876,train,SYN_RURAL_like,RURAL_like,very_low,66da9966669a9961,data/raw/isic2019/ISIC_2019_Training_Input/ISIC_0024876.jpg
PHASH_000001,69,True,4,False,ISIC_0024933,train,SYN_BCN_like,BCN_like,very_low,66db99662699d921,data/raw/isic2019/ISIC_2019_Training_Input/ISIC_0024933.jpg
PHASH_000001,69,True,4,False,ISIC_0025000,train,SYN_BCN_like,BCN_like,very_low,669ad9666698d923,data/raw/isic2019/ISIC_2019_Training_Input/ISIC_0025000.jpg
PHASH_000001,69,True,4,False,ISIC_0025456,train,SYN_HAM_like,HAM_like,very_low,3631996666999967,data/raw/isic2019/ISIC_2019_Training_Input/ISIC_0025456.jpg
PHASH_000001,69,True,4,False,ISIC_0025476,train,SYN_RURAL_like,RURAL_like,very_low,6699f96626d89923,data/raw/isic2019/ISIC_2019_Training_Input/ISIC_0025476.jpg
PHASH_000001,69,True,4,False,ISIC_0025477,val,SYN_RURAL_like,RURAL_like,very_low,66d8996676d8da21,data/raw/isic2019/ISIC_2019_Training_Input/ISIC_0025477.jpg
PHASH_000001,69,True,4,False,ISIC_0025505,train,SYN_HAM_like,HAM_like,very_low,e6ea99666698da21,data/raw/isic2019/ISIC_2019_Training_Input/ISIC_0025505.jpg
PHASH_000001,69,True,4,False,ISIC_0026165,train,SYN_RURAL_like,RURAL_like,very_low,6632996666999967,data/raw/isic2019/ISIC_2019_Training_Input/ISIC_0026165.jpg
PHASH_000001,69,True,4,False,ISIC_0026347,train,SYN_HAM_like,HAM_like,very_low,66c99b66649ad961,data/raw/isic2019/ISIC_2019_Training_Input/ISIC_0026347.jpg
PHASH_000001,69,True,4,False,ISIC_0026498,val,SYN_HAM_like,HAM_like,very_low,663199c4661b9b67,data/raw/isic2019/ISIC_2019_Training_Input/ISIC_0026498.jpg
PHASH_000001,69,True,4,False,ISIC_0026711,train,SYN_RURAL_like,RURAL_like,very_low,66fa9b6666989861,data/raw/isic2019/ISIC_2019_Training_Input/ISIC_0026711.jpg
PHASH_000001,69,True,4,False,ISIC_0026922,test,SYN_RURAL_like,RURAL_like,very_low,e619996666999963,data/raw/isic2019/ISIC_2019_Training_Input/ISIC_0026922.jpg
PHASH_000001,69,True,4,False,ISIC_0026987,train,SYN_BCN_like,BCN_like,very_low,66db9966669ad421,data/raw/isic2019/ISIC_2019_Training_Input/ISIC_0026987.jpg
PHASH_000001,69,True,4,False,ISIC_0027443,train,SYN_HAM_like,HAM_like,very_low,64999b6664993967,data/raw/isic2019/ISIC_2019_Training_Input/ISIC_0027443.jpg
PHASH_000001,69,True,4,False,ISIC_0027538,train,SYN_HAM_like,HAM_like,very_low,ee1a9966649a9b61,data/raw/isic2019/ISIC_2019_Training_Input/ISIC_0027538.jpg
PHASH_000001,69,True,4,False,ISIC_0027627,train,SYN_BCN_like,BCN_like,very_low,66dc99666698b961,data/raw/isic2019/ISIC_2019_Training_Input/ISIC_0027627.jpg
PHASH_000001,69,True,4,False,ISIC_0027756,val,SYN_BCN_like,BCN_like,very_low,66da99666e98dc21,data/raw/isic2019/ISIC_2019_Training_Input/ISIC_0027756.jpg
PHASH_000001,69,True,4,False,ISIC_0027797,test,SYN_HAM_like,HAM_like,high,669b996666999961,data/raw/isic2019/ISIC_2019_Training_Input/ISIC_0027797.jpg
PHASH_000001,69,True,4,False,ISIC_0028030,train,SYN_MSK_like,MSK_like,very_low,249b996626999b67,data/raw/isic2019/ISIC_2019_Training_Input/ISIC_0028030.jpg
PHASH_000001,69,True,4,False,ISIC_0028139,train,SYN_MSK_like,MSK_like,very_low,e65899666699db21,data/raw/isic2019/ISIC_2019_Training_Input/ISIC_0028139.jpg
PHASH_000001,69,True,4,False,ISIC_0028504,test,SYN_BCN_like,BCN_like,very_low,663a996666999965,data/raw/isic2019/ISIC_2019_Training_Input/ISIC_0028504.jpg
PHASH_000001,69,True,4,False,ISIC_0028809,train,SYN_MSK_like,MSK_like,very_low,66da9b666698d521,data/raw/isic2019/ISIC_2019_Training_Input/ISIC_0028809.jpg
PHASH_000001,69,True,4,False,ISIC_0028951,train,SYN_HAM_like,HAM_like,very_low,663ad9666698cb23,data/raw/isic2019/ISIC_2019_Training_Input/ISIC_0028951.jpg
PHASH_000001,69,True,4,False,ISIC_0028963,test,SYN_BCN_like,BCN_like,very_low,669b99666698d923,data/raw/isic2019/ISIC_2019_Training_Input/ISIC_0028963.jpg
PHASH_000001,69,True,4,False,ISIC_0029026,train,SYN_MSK_like,MSK_like,very_low,649ad96666d9d823,data/raw/isic2019/ISIC_2019_Training_Input/ISIC_0029026.jpg
PHASH_000001,69,True,4,False,ISIC_0029313,test,SYN_BCN_like,BCN_like,very_low,64d999266699cb65,data/raw/isic2019/ISIC_2019_Training_Input/ISIC_0029313.jpg
PHASH_000001,69,True,4,False,ISIC_0029480,train,SYN_HAM_like,HAM_like,high,e6d9996664989963,data/raw/isic2019/ISIC_2019_Training_Input/ISIC_0029480.jpg
PHASH_000001,69,True,4,False,ISIC_0029975,train,SYN_MSK_like,MSK_like,very_low,6699d96666999923,data/raw/isic2019/ISIC_2019_Training_Input/ISIC_0029975.jpg
PHASH_000001,69,True,4,False,ISIC_0030061,train,SYN_HAM_like,HAM_like,very_low,e6d999666698da21,data/raw/isic2019/ISIC_2019_Training_Input/ISIC_0030061.jpg
PHASH_000001,69,True,4,False,ISIC_0030162,test,SYN_MSK_like,MSK_like,very_low,663399e466999965,data/raw/isic2019/ISIC_2019_Training_Input/ISIC_0030162.jpg
PHASH_000001,69,True,4,False,ISIC_0030251,train,SYN_HAM_like,HAM_like,very_low,6699996666999963,data/raw/isic2019/ISIC_2019_Training_Input/ISIC_0030251.jpg
PHASH_000001,69,True,4,False,ISIC_0030255,train,SYN_BCN_like,BCN_like,high,669199666699d34b,data/raw/isic2019/ISIC_2019_Training_Input/ISIC_0030255.jpg
PHASH_000001,69,True,4,False,ISIC_0030508,test,SYN_BCN_like,BCN_like,very_low,649999666699cb65,data/raw/isic2019/ISIC_2019_Training_Input/ISIC_0030508.jpg
PHASH_000001,69,True,4,False,ISIC_0030663,train,SYN_MSK_like,MSK_like,very_low,64df9966669a1961,data/raw/isic2019/ISIC_2019_Training_Input/ISIC_0030663.jpg
PHASH_000001,69,True,4,False,ISIC_0031042,train,SYN_MSK_like,MSK_like,very_low,a699196666999967,data/raw/isic2019/ISIC_2019_Training_Input/ISIC_0031042.jpg
PHASH_000001,69,True,4,False,ISIC_0031064,train,SYN_HAM_like,HAM_like,very_low,669b9966649a9b61,data/raw/isic2019/ISIC_2019_Training_Input/ISIC_0031064.jpg
PHASH_000001,69,True,4,False,ISIC_0031451,train,SYN_BCN_like,BCN_like,very_low,6e9999666e98b921,data/raw/isic2019/ISIC_2019_Training_Input/ISIC_0031451.jpg
PHASH_000001,69,True,4,False,ISIC_0031838,val,SYN_RURAL_like,RURAL_like,very_low,669299666699db23,data/raw/isic2019/ISIC_2019_Training_Input/ISIC_0031838.jpg
PHASH_000001,69,True,4,False,ISIC_0031932,train,SYN_BCN_like,BCN_like,very_low,6699db666698b921,data/raw/isic2019/ISIC_2019_Training_Input/ISIC_0031932.jpg
PHASH_000001,69,True,4,False,ISIC_0031933,train,SYN_MSK_like,MSK_like,very_low,669b996666989963,data/raw/isic2019/ISIC_2019_Training_Input/ISIC_0031933.jpg
PHASH_000001,69,True,4,False,ISIC_0031950,test,SYN_BCN_like,BCN_like,very_low,6499996666993a67,data/raw/isic2019/ISIC_2019_Training_Input/ISIC_0031950.jpg
PHASH_000001,69,True,4,False,ISIC_0032195,train,SYN_MSK_like,MSK_like,very_low,a699996666999b61,data/raw/isic2019/ISIC_2019_Training_Input/ISIC_0032195.jpg
PHASH_000001,69,True,4,False,ISIC_0032228,train,SYN_MSK_like,MSK_like,very_low,6699996666999965,data/raw/isic2019/ISIC_2019_Training_Input/ISIC_0032228.jpg
PHASH_000001,69,True,4,False,ISIC_0032475,val,SYN_RURAL_like,RURAL_like,very_low,669b99e6669a9861,data/raw/isic2019/ISIC_2019_Training_Input/ISIC_0032475.jpg
PHASH_000001,69,True,4,False,ISIC_0032496,train,SYN_MSK_like,MSK_like,very_low,663199cc669b9965,data/raw/isic2019/ISIC_2019_Training_Input/ISIC_0032496.jpg
PHASH_000001,69,True,4,False,ISIC_0033237,test,SYN_RURAL_like,RURAL_like,very_low,e69999666698b263,data/raw/isic2019/ISIC_2019_Training_Input/ISIC_0033237.jpg
PHASH_000001,69,True,4,False,ISIC_0033561,train,SYN_RURAL_like,RURAL_like,very_low,669999666699d865,data/raw/isic2019/ISIC_2019_Training_Input/ISIC_0033561.jpg
PHASH_000001,69,True,4,False,ISIC_0033598,test,SYN_BCN_like,BCN_like,very_low,6499996666999967,data/raw/isic2019/ISIC_2019_Training_Input/ISIC_0033598.jpg
PHASH_000001,69,True,4,False,ISIC_0033982,test,SYN_RURAL_like,RURAL_like,very_low,a69a99666698d963,data/raw/isic2019/ISIC_2019_Training_Input/ISIC_0033982.jpg
PHASH_000001,69,True,4,False,ISIC_0034206,test,SYN_MSK_like,MSK_like,very_low,649bd966649a9963,data/raw/isic2019/ISIC_2019_Training_Input/ISIC_0034206.jpg
PHASH_000001,69,True,4,False,ISIC_0056092,train,SYN_HAM_like,HAM_like,high,661199e46699d967,data/raw/isic2019/ISIC_2019_Training_Input/ISIC_0056092.jpg
PHASH_000001,69,True,4,False,ISIC_0057960,train,SYN_HAM_like,HAM_like,high,669a992666999967,data/raw/isic2019/ISIC_2019_Training_Input/ISIC_0057960.jpg
PHASH_000001,69,True,4,False,ISIC_0061316,train,SYN_MSK_like,MSK_like,moderate,e6991964e69b3865,data/raw/isic2019/ISIC_2019_Training_Input/ISIC_0061316.jpg
PHASH_000001,69,True,4,False,ISIC_0061807,train,SYN_RURAL_like,RURAL_like,very_low,6699996666999665,data/raw/isic2019/ISIC_2019_Training_Input/ISIC_0061807.jpg
PHASH_000001,69,True,4,False,ISIC_0061932,train,SYN_MSK_like,MSK_like,very_low,ae31996466999967,data/raw/isic2019/ISIC_2019_Training_Input/ISIC_0061932.jpg
PHASH_000001,69,True,4,False,ISIC_0062605,train,SYN_BCN_like,BCN_like,very_low,663299662699db27,data/raw/isic2019/ISIC_2019_Training_Input/ISIC_0062605.jpg
PHASH_000001,69,True,4,False,ISIC_0065517,train,SYN_RURAL_like,RURAL_like,very_low,e699996666993865,data/raw/isic2019/ISIC_2019_Training_Input/ISIC_0065517.jpg
PHASH_000001,69,True,4,False,ISIC_0067214,train,SYN_RURAL_like,RURAL_like,very_low,6499d96666991a67,data/raw/isic2019/ISIC_2019_Training_Input/ISIC_0067214.jpg
PHASH_000001,69,True,4,False,ISIC_0068791,test,SYN_RURAL_like,RURAL_like,moderate,349899666699d967,data/raw/isic2019/ISIC_2019_Training_Input/ISIC_0068791.jpg
PHASH_000002,61,True,4,False,ISIC_0053484,train,SYN_RURAL_like,RURAL_like,low,3ec3f30cc33c1cc3,data/raw/isic2019/ISIC_2019_Training_Input/ISIC_0053484.jpg
PHASH_000002,61,True,4,False,ISIC_0054137,train,SYN_RURAL_like,RURAL_like,moderate,38c3f90c63bc9cc3,data/raw/isic2019/ISIC_2019_Training_Input/ISIC_0054137.jpg
PHASH_000002,61,True,4,False,ISIC_0055100,train,SYN_RURAL_like,RURAL_like,low,b3c3d90c69b4b643,data/raw/isic2019/ISIC_2019_Training_Input/ISIC_0055100.jpg
PHASH_000002,61,True,4,False,ISIC_0055395,train,SYN_RURAL_like,RURAL_like,very_low,39c3f30c43bc9cc3,data/raw/isic2019/ISIC_2019_Training_Input/ISIC_0055395.jpg
PHASH_000002,61,True,4,False,ISIC_0055475,train,SYN_RURAL_like,RURAL_like,moderate,1cc9f10e63bc9cc3,data/raw/isic2019/ISIC_2019_Training_Input/ISIC_0055475.jpg
PHASH_000002,61,True,4,False,ISIC_0055485,val,SYN_RURAL_like,RURAL_like,moderate,3963f30c633c9cc3,data/raw/isic2019/ISIC_2019_Training_Input/ISIC_0055485.jpg
PHASH_000002,61,True,4,False,ISIC_0055762,train,SYN_BCN_like,BCN_like,moderate,9ce3794cc33c2cc3,data/raw/isic2019/ISIC_2019_Training_Input/ISIC_0055762.jpg
PHASH_000002,61,True,4,False,ISIC_0056045,train,SYN_HAM_like,HAM_like,low,38c3f30c43bcbcc3,data/raw/isic2019/ISIC_2019_Training_Input/ISIC_0056045.jpg
PHASH_000002,61,True,4,False,ISIC_0056138,test,SYN_RURAL_like,RURAL_like,high,39c3d90e633c9cc3,data/raw/isic2019/ISIC_2019_Training_Input/ISIC_0056138.jpg
PHASH_000002,61,True,4,False,ISIC_0057145,test,SYN_RURAL_like,RURAL_like,moderate,38c3f30c4bbc3cc3,data/raw/isic2019/ISIC_2019_Training_Input/ISIC_0057145.jpg
PHASH_000002,61,True,4,False,ISIC_0057890,train,SYN_RURAL_like,RURAL_like,high,36c3d92c639c9c63,data/raw/isic2019/ISIC_2019_Training_Input/ISIC_0057890.jpg
PHASH_000002,61,True,4,False,ISIC_0058000,val,SYN_MSK_like,MSK_like,high,b4c3d386493cb6c3,data/raw/isic2019/ISIC_2019_Training_Input/ISIC_0058000.jpg
PHASH_000002,61,True,4,False,ISIC_0058136,val,SYN_BCN_like,BCN_like,high,31c3f30e49bc36c3,data/raw/isic2019/ISIC_2019_Training_Input/ISIC_0058136.jpg
PHASH_000002,61,True,4,False,ISIC_0058698,test,SYN_RURAL_like,RURAL_like,moderate,36c3d92ce69c1c63,data/raw/isic2019/ISIC_2019_Training_Input/ISIC_0058698.jpg
PHASH_000002,61,True,4,False,ISIC_0059162,train,SYN_RURAL_like,RURAL_like,moderate,98e3730ccf343cc3,data/raw/isic2019/ISIC_2019_Training_Input/ISIC_0059162.jpg
PHASH_000002,61,True,4,False,ISIC_0059922,train,SYN_RURAL_like,RURAL_like,moderate,33c3f30c4bbcb443,data/raw/isic2019/ISIC_2019_Training_Input/ISIC_0059922.jpg
PHASH_000002,61,True,4,False,ISIC_0060077,val,SYN_BCN_like,BCN_like,high,3cc3f30c633c9cc3,data/raw/isic2019/ISIC_2019_Training_Input/ISIC_0060077.jpg
PHASH_000002,61,True,4,False,ISIC_0060085,train,SYN_BCN_like,BCN_like,very_low,9cc3f30cc33c3cc3,data/raw/isic2019/ISIC_2019_Training_Input/ISIC_0060085.jpg
PHASH_000002,61,True,4,False,ISIC_0060159,train,SYN_HAM_like,HAM_like,high,36c3d90c63bc9cc3,data/raw/isic2019/ISIC_2019_Training_Input/ISIC_0060159.jpg
PHASH_000002,61,True,4,False,ISIC_0060180,train,SYN_BCN_like,BCN_like,moderate,34d3d94c63bc9c43,data/raw/isic2019/ISIC_2019_Training_Input/ISIC_0060180.jpg
PHASH_000002,61,True,4,False,ISIC_0060260,train,SYN_RURAL_like,RURAL_like,low,b4e3d38c4934b6c3,data/raw/isic2019/ISIC_2019_Training_Input/ISIC_0060260.jpg
PHASH_000002,61,True,4,False,ISIC_0060740,train,SYN_MSK_like,MSK_like,moderate,98c3f30ce334bcc3,data/raw/isic2019/ISIC_2019_Training_Input/ISIC_0060740.jpg
PHASH_000002,61,True,4,False,ISIC_0061272,train,SYN_RURAL_like,RURAL_like,very_low,33cbdb0c69b49643,data/raw/isic2019/ISIC_2019_Training_Input/ISIC_0061272.jpg
PHASH_000002,61,True,4,False,ISIC_0061311,train,SYN_RURAL_like,RURAL_like,moderate,36d3d94c23bc8c53,data/raw/isic2019/ISIC_2019_Training_Input/ISIC_0061311.jpg
PHASH_000002,61,True,4,False,ISIC_0061490,test,SYN_RURAL_like,RURAL_like,moderate,9ee3718ec33c0cc3,data/raw/isic2019/ISIC_2019_Training_Input/ISIC_0061490.jpg
PHASH_000002,61,True,4,False,ISIC_0061590,train,SYN_RURAL_like,RURAL_like,very_low,b3cbd90c29b4964b,data/raw/isic2019/ISIC_2019_Training_Input/ISIC_0061590.jpg
PHASH_000002,61,True,4,False,ISIC_0061868,train,SYN_BCN_like,BCN_like,very_low,b2c3f30c4bbc34c3,data/raw/isic2019/ISIC_2019_Training_Input/ISIC_0061868.jpg
PHASH_000002,61,True,4,False,ISIC_0062090,train,SYN_RURAL_like,RURAL_like,moderate,3cc3d30e63bc8cc3,data/raw/isic2019/ISIC_2019_Training_Input/ISIC_0062090.jpg
PHASH_000002,61,True,4,False,ISIC_0062601,test,SYN_RURAL_like,RURAL_like,moderate,3ce3f30c63bc8c43,data/raw/isic2019/ISIC_2019_Training_Input/ISIC_0062601.jpg
PHASH_000002,61,True,4,False,ISIC_0063734,train,SYN_RURAL_like,RURAL_like,low,36c3f30cc7b43c43,data/raw/isic2019/ISIC_2019_Training_Input/ISIC_0063734.jpg
PHASH_000002,61,True,4,False,ISIC_0064360,train,SYN_BCN_like,BCN_like,high,33c3d30c49bcb6c3,data/raw/isic2019/ISIC_2019_Training_Input/ISIC_0064360.jpg
PHASH_000002,61,True,4,False,ISIC_0064637,train,SYN_RURAL_like,RURAL_like,very_low,36d3d90e63bc1c43,data/raw/isic2019/ISIC_2019_Training_Input/ISIC_0064637.jpg
PHASH_000002,61,True,4,False,ISIC_0064852,train,SYN_RURAL_like,RURAL_like,very_low,33c3f30c493cb6c3,data/raw/isic2019/ISIC_2019_Training_Input/ISIC_0064852.jpg
PHASH_000002,61,True,4,False,ISIC_0065314,train,SYN_RURAL_like,RURAL_like,moderate,1cc3f10e63bc9c63,data/raw/isic2019/ISIC_2019_Training_Input/ISIC_0065314.jpg
PHASH_000002,61,True,4,False,ISIC_0065428,train,SYN_RURAL_like,RURAL_like,moderate,1cc3730ccf3c3cc3,data/raw/isic2019/ISIC_2019_Training_Input/ISIC_0065428.jpg
PHASH_000002,61,True,4,False,ISIC_0065909,train,SYN_RURAL_like,RURAL_like,low,3cc3710ee33c9cc3,data/raw/isic2019/ISIC_2019_Training_Input/ISIC_0065909.jpg
PHASH_000002,61,True,4,False,ISIC_0066239,train,SYN_HAM_like,HAM_like,very_low,3cc3db0c63bc8cc3,data/raw/isic2019/ISIC_2019_Training_Input/ISIC_0066239.jpg
PHASH_000002,61,True,4,False,ISIC_0066345,train,SYN_HAM_like,HAM_like,low,3cc3730ccd3c36c3,data/raw/isic2019/ISIC_2019_Training_Input/ISIC_0066345.jpg
PHASH_000002,61,True,4,False,ISIC_0066810,train,SYN_RURAL_like,RURAL_like,low,98c3730ccbbc3cc3,data/raw/isic2019/ISIC_2019_Training_Input/ISIC_0066810.jpg
PHASH_000002,61,True,4,False,ISIC_0067035,train,SYN_RURAL_like,RURAL_like,low,18c3f38ec33c9cc3,data/raw/isic2019/ISIC_2019_Training_Input/ISIC_0067035.jpg
PHASH_000002,61,True,4,False,ISIC_0067297,val,SYN_BCN_like,BCN_like,moderate,b2c3f30ccbbc24c3,data/raw/isic2019/ISIC_2019_Training_Input/ISIC_0067297.jpg
PHASH_000002,61,True,4,False,ISIC_0067746,train,SYN_RURAL_like,RURAL_like,moderate,3ac3f30cc3b4bc43,data/raw/isic2019/ISIC_2019_Training_Input/ISIC_0067746.jpg
PHASH_000002,61,True,4,False,ISIC_0067945,train,SYN_HAM_like,HAM_like,moderate,31c3d30c6bbcbc43,data/raw/isic2019/ISIC_2019_Training_Input/ISIC_0067945.jpg
PHASH_000002,61,True,4,False,ISIC_0067998,train,SYN_RURAL_like,RURAL_like,moderate,38c3d30cc7bc3cc3,data/raw/isic2019/ISIC_2019_Training_Input/ISIC_0067998.jpg
PHASH_000002,61,True,4,False,ISIC_0068014,val,SYN_RURAL_like,RURAL_like,moderate,33c3d90c69bc36c3,data/raw/isic2019/ISIC_2019_Training_Input/ISIC_0068014.jpg
PHASH_000002,61,True,4,False,ISIC_0068186,train,SYN_RURAL_like,RURAL_like,moderate,9ee3710cc33c3cc3,data/raw/isic2019/ISIC_2019_Training_Input/ISIC_0068186.jpg
PHASH_000002,61,True,4,False,ISIC_0068187,train,SYN_BCN_like,BCN_like,very_low,36c9d924639c9e63,data/raw/isic2019/ISIC_2019_Training_Input/ISIC_0068187.jpg
PHASH_000002,61,True,4,False,ISIC_0068717,val,SYN_BCN_like,BCN_like,high,34c3f30e493cb6c3,data/raw/isic2019/ISIC_2019_Training_Input/ISIC_0068717.jpg
PHASH_000002,61,True,4,False,ISIC_0068786,val,SYN_RURAL_like,RURAL_like,moderate,33c3da0d69bc3643,data/raw/isic2019/ISIC_2019_Training_Input/ISIC_0068786.jpg
PHASH_000002,61,True,4,False,ISIC_0069561,val,SYN_MSK_like,MSK_like,very_low,1c7373ccc33c2cc3,data/raw/isic2019/ISIC_2019_Training_Input/ISIC_0069561.jpg
PHASH_000002,61,True,4,False,ISIC_0069799,train,SYN_RURAL_like,RURAL_like,moderate,18f3734cc33c3cc3,data/raw/isic2019/ISIC_2019_Training_Input/ISIC_0069799.jpg
PHASH_000002,61,True,4,False,ISIC_0069830,val,SYN_BCN_like,BCN_like,very_low,9cd3714cc33c3cc3,data/raw/isic2019/ISIC_2019_Training_Input/ISIC_0069830.jpg
PHASH_000002,61,True,4,False,ISIC_0069868,train,SYN_RURAL_like,RURAL_like,moderate,1ccbb30e63bc8cc3,data/raw/isic2019/ISIC_2019_Training_Input/ISIC_0069868.jpg
PHASH_000002,61,True,4,False,ISIC_0069926,train,SYN_RURAL_like,RURAL_like,moderate,1cd3f34c63bc8c43,data/raw/isic2019/ISIC_2019_Training_Input/ISIC_0069926.jpg
PHASH_000002,61,True,4,False,ISIC_0070624,train,SYN_BCN_like,BCN_like,very_low,3ec3b10ee33c1cc3,data/raw/isic2019/ISIC_2019_Training_Input/ISIC_0070624.jpg
PHASH_000002,61,True,4,False,ISIC_0071709,val,SYN_RURAL_like,RURAL_like,moderate,3ce3d30e633c8cc3,data/raw/isic2019/ISIC_2019_Training_Input/ISIC_0071709.jpg
PHASH_000002,61,True,4,False,ISIC_0071808,train,SYN_RURAL_like,RURAL_like,high,36d3db0c63349cc3,data/raw/isic2019/ISIC_2019_Training_Input/ISIC_0071808.jpg
PHASH_000002,61,True,4,False,ISIC_0071864,train,SYN_MSK_like,MSK_like,moderate,1cc3b30ec33cbcc3,data/raw/isic2019/ISIC_2019_Training_Input/ISIC_0071864.jpg
PHASH_000002,61,True,4,False,ISIC_0071932,test,SYN_RURAL_like,RURAL_like,moderate,3ac3f30c63bc9c43,data/raw/isic2019/ISIC_2019_Training_Input/ISIC_0071932.jpg
PHASH_000002,61,True,4,False,ISIC_0072406,train,SYN_HAM_like,HAM_like,moderate,1cc3f30e233cdcc3,data/raw/isic2019/ISIC_2019_Training_Input/ISIC_0072406.jpg
PHASH_000002,61,True,4,False,ISIC_0072646,test,SYN_RURAL_like,RURAL_like,moderate,38c9f30e633c9cc3,data/raw/isic2019/ISIC_2019_Training_Input/ISIC_0072646.jpg
PHASH_000003,55,True,4,False,ISIC_0001442_downsampled,val,SYN_RURAL_like,RURAL_like,very_low,7331cccc3133cf89,data/raw/isic2019/ISIC_2019_Training_Input/ISIC_0001442_downsampled.jpg
PHASH_000003,55,True,4,False,ISIC_0004337_downsampled,train,SYN_RURAL_like,RURAL_like,very_low,3333cecc3332ec89,data/raw/isic2019/ISIC_2019_Training_Input/ISIC_0004337_downsampled.jpg
PHASH_000003,55,True,4,False,ISIC_0007796_downsampled,test,SYN_RURAL_like,RURAL_like,very_low,7333cc8c7333cc89,data/raw/isic2019/ISIC_2019_Training_Input/ISIC_0007796_downsampled.jpg
PHASH_000003,55,True,4,False,ISIC_0010356,train,SYN_BCN_like,BCN_like,very_low,3333cccc3332cccb,data/raw/isic2019/ISIC_2019_Training_Input/ISIC_0010356.jpg
PHASH_000003,55,True,4,False,ISIC_0010598,val,SYN_BCN_like,BCN_like,very_low,1bb1cccc3332cccb,data/raw/isic2019/ISIC_2019_Training_Input/ISIC_0010598.jpg
PHASH_000003,55,True,4,False,ISIC_0012735_downsampled,train,SYN_RURAL_like,RURAL_like,very_low,3331cccc3333c9cd,data/raw/isic2019/ISIC_2019_Training_Input/ISIC_0012735_downsampled.jpg
PHASH_000003,55,True,4,False,ISIC_0013257_downsampled,train,SYN_BCN_like,BCN_like,very_low,3331cccc3333cd8d,data/raw/isic2019/ISIC_2019_Training_Input/ISIC_0013257_downsampled.jpg
PHASH_000003,55,True,4,False,ISIC_0013287_downsampled,val,SYN_RURAL_like,RURAL_like,very_low,3333cccc3133cccd,data/raw/isic2019/ISIC_2019_Training_Input/ISIC_0013287_downsampled.jpg
PHASH_000003,55,True,4,False,ISIC_0014498_downsampled,train,SYN_RURAL_like,RURAL_like,very_low,b363cccc3331c8cd,data/raw/isic2019/ISIC_2019_Training_Input/ISIC_0014498_downsampled.jpg
PHASH_000003,55,True,4,False,ISIC_0014879_downsampled,train,SYN_BCN_like,BCN_like,very_low,3133cccc33338ccf,data/raw/isic2019/ISIC_2019_Training_Input/ISIC_0014879_downsampled.jpg
PHASH_000003,55,True,4,False,ISIC_0014942_downsampled,train,SYN_RURAL_like,RURAL_like,very_low,63338c8c73739c8d,data/raw/isic2019/ISIC_2019_Training_Input/ISIC_0014942_downsampled.jpg
PHASH_000003,55,True,4,False,ISIC_0015026_downsampled,train,SYN_MSK_like,MSK_like,very_low,3133cece333344cd,data/raw/isic2019/ISIC_2019_Training_Input/ISIC_0015026_downsampled.jpg
PHASH_000003,55,True,4,False,ISIC_0015941_downsampled,train,SYN_RURAL_like,RURAL_like,very_low,3333cccc1333e1cd,data/raw/isic2019/ISIC_2019_Training_Input/ISIC_0015941_downsampled.jpg
PHASH_000003,55,True,4,False,ISIC_0024479,test,SYN_HAM_like,HAM_like,very_low,3319cc4c33334fcd,data/raw/isic2019/ISIC_2019_Training_Input/ISIC_0024479.jpg
PHASH_000003,55,True,4,False,ISIC_0026110,test,SYN_RURAL_like,RURAL_like,very_low,f1338ccc33330dcd,data/raw/isic2019/ISIC_2019_Training_Input/ISIC_0026110.jpg
PHASH_000003,55,True,4,False,ISIC_0026887,test,SYN_HAM_like,HAM_like,very_low,3133cccc393363cd,data/raw/isic2019/ISIC_2019_Training_Input/ISIC_0026887.jpg
PHASH_000003,55,True,4,False,ISIC_0026906,val,SYN_RURAL_like,RURAL_like,very_low,3319cccc3333c5cd,data/raw/isic2019/ISIC_2019_Training_Input/ISIC_0026906.jpg
PHASH_000003,55,True,4,False,ISIC_0026911,val,SYN_RURAL_like,RURAL_like,very_low,3333ccce1330cdcb,data/raw/isic2019/ISIC_2019_Training_Input/ISIC_0026911.jpg
PHASH_000003,55,True,4,False,ISIC_0026934,val,SYN_BCN_like,BCN_like,very_low,3331cccc333327cd,data/raw/isic2019/ISIC_2019_Training_Input/ISIC_0026934.jpg
PHASH_000003,55,True,4,False,ISIC_0027501,train,SYN_BCN_like,BCN_like,very_low,3333c4cc31334fcd,data/raw/isic2019/ISIC_2019_Training_Input/ISIC_0027501.jpg
PHASH_000003,55,True,4,False,ISIC_0027685,test,SYN_BCN_like,BCN_like,very_low,333bcccc33318dc5,data/raw/isic2019/ISIC_2019_Training_Input/ISIC_0027685.jpg
PHASH_000003,55,True,4,False,ISIC_0027940,train,SYN_HAM_like,HAM_like,very_low,33338ecc313347cd,data/raw/isic2019/ISIC_2019_Training_Input/ISIC_0027940.jpg
PHASH_000003,55,True,4,False,ISIC_0027959,train,SYN_MSK_like,MSK_like,very_low,3113cccc3333c7cb,data/raw/isic2019/ISIC_2019_Training_Input/ISIC_0027959.jpg
PHASH_000003,55,True,4,False,ISIC_0027993,val,SYN_RURAL_like,RURAL_like,very_low,3361cccc3333cccd,data/raw/isic2019/ISIC_2019_Training_Input/ISIC_0027993.jpg
PHASH_000003,55,True,4,False,ISIC_0027999,train,SYN_HAM_like,HAM_like,very_low,2133cccc33334dcf,data/raw/isic2019/ISIC_2019_Training_Input/ISIC_0027999.jpg
PHASH_000003,55,True,4,False,ISIC_0028724,train,SYN_RURAL_like,RURAL_like,very_low,3333c4cc3933d8cd,data/raw/isic2019/ISIC_2019_Training_Input/ISIC_0028724.jpg
PHASH_000003,55,True,4,False,ISIC_0029289,train,SYN_RURAL_like,RURAL_like,low,3113cccc33334fcb,data/raw/isic2019/ISIC_2019_Training_Input/ISIC_0029289.jpg
PHASH_000003,55,True,4,False,ISIC_0029294,train,SYN_RURAL_like,RURAL_like,very_low,33338ccc33334dcd,data/raw/isic2019/ISIC_2019_Training_Input/ISIC_0029294.jpg
PHASH_000003,55,True,4,False,ISIC_0029550,train,SYN_HAM_like,HAM_like,very_low,7363cc8c3363cc8d,data/raw/isic2019/ISIC_2019_Training_Input/ISIC_0029550.jpg
PHASH_000003,55,True,4,False,ISIC_0029636,train,SYN_RURAL_like,RURAL_like,very_low,31338ccc3331cfcd,data/raw/isic2019/ISIC_2019_Training_Input/ISIC_0029636.jpg
PHASH_000003,55,True,4,False,ISIC_0029699,train,SYN_RURAL_like,RURAL_like,very_low,3333cccc333349cd,data/raw/isic2019/ISIC_2019_Training_Input/ISIC_0029699.jpg
PHASH_000003,55,True,4,False,ISIC_0030171,test,SYN_MSK_like,MSK_like,high,71b3cccc333247c9,data/raw/isic2019/ISIC_2019_Training_Input/ISIC_0030171.jpg
PHASH_000003,55,True,4,False,ISIC_0030859,train,SYN_BCN_like,BCN_like,very_low,3333cccc3331cccd,data/raw/isic2019/ISIC_2019_Training_Input/ISIC_0030859.jpg
PHASH_000003,55,True,4,False,ISIC_0030909,train,SYN_MSK_like,MSK_like,very_low,33338ccc7133cacd,data/raw/isic2019/ISIC_2019_Training_Input/ISIC_0030909.jpg
PHASH_000003,55,True,4,False,ISIC_0031731,train,SYN_BCN_like,BCN_like,very_low,3331cccc3333c5cd,data/raw/isic2019/ISIC_2019_Training_Input/ISIC_0031731.jpg
PHASH_000003,55,True,4,False,ISIC_0032157,val,SYN_HAM_like,HAM_like,very_low,3b31cccc3332e5c9,data/raw/isic2019/ISIC_2019_Training_Input/ISIC_0032157.jpg
PHASH_000003,55,True,4,False,ISIC_0032336,train,SYN_BCN_like,BCN_like,very_low,3331cccc3133cdcd,data/raw/isic2019/ISIC_2019_Training_Input/ISIC_0032336.jpg
PHASH_000003,55,True,4,False,ISIC_0033152,val,SYN_MSK_like,MSK_like,high,3333ccccb333c8c9,data/raw/isic2019/ISIC_2019_Training_Input/ISIC_0033152.jpg
PHASH_000003,55,True,4,False,ISIC_0033244,train,SYN_MSK_like,MSK_like,very_low,31334ecc3332cecb,data/raw/isic2019/ISIC_2019_Training_Input/ISIC_0033244.jpg
PHASH_000003,55,True,4,False,ISIC_0034200,train,SYN_RURAL_like,RURAL_like,very_low,3133cccc333347cd,data/raw/isic2019/ISIC_2019_Training_Input/ISIC_0034200.jpg
PHASH_000003,55,True,4,False,ISIC_0053714,test,SYN_MSK_like,MSK_like,moderate,3363cc8c3276cdc9,data/raw/isic2019/ISIC_2019_Training_Input/ISIC_0053714.jpg
PHASH_000003,55,True,4,False,ISIC_0054952,val,SYN_RURAL_like,RURAL_like,very_low,7371cc8c3333cc8d,data/raw/isic2019/ISIC_2019_Training_Input/ISIC_0054952.jpg
PHASH_000003,55,True,4,False,ISIC_0055073,train,SYN_RURAL_like,RURAL_like,very_low,3363cccc3336ccc9,data/raw/isic2019/ISIC_2019_Training_Input/ISIC_0055073.jpg
PHASH_000003,55,True,4,False,ISIC_0055186,test,SYN_BCN_like,BCN_like,very_low,73338c8c73738c8d,data/raw/isic2019/ISIC_2019_Training_Input/ISIC_0055186.jpg
PHASH_000003,55,True,4,False,ISIC_0055711,test,SYN_BCN_like,BCN_like,very_low,3373cccc23369cc9,data/raw/isic2019/ISIC_2019_Training_Input/ISIC_0055711.jpg
PHASH_000003,55,True,4,False,ISIC_0056027,train,SYN_RURAL_like,RURAL_like,moderate,3162ce8e3333cccd,data/raw/isic2019/ISIC_2019_Training_Input/ISIC_0056027.jpg
PHASH_000003,55,True,4,False,ISIC_0057872,train,SYN_RURAL_like,RURAL_like,very_low,23b38c8c73731d8d,data/raw/isic2019/ISIC_2019_Training_Input/ISIC_0057872.jpg
PHASH_000003,55,True,4,False,ISIC_0058132,test,SYN_MSK_like,MSK_like,very_low,f3b38ccc31330ccd,data/raw/isic2019/ISIC_2019_Training_Input/ISIC_0058132.jpg
PHASH_000003,55,True,4,False,ISIC_0058483,train,SYN_RURAL_like,RURAL_like,moderate,7360ce8c3333cccd,data/raw/isic2019/ISIC_2019_Training_Input/ISIC_0058483.jpg
PHASH_000003,55,True,4,False,ISIC_0059762,test,SYN_BCN_like,BCN_like,very_low,b3198ccc33338ecd,data/raw/isic2019/ISIC_2019_Training_Input/ISIC_0059762.jpg
PHASH_000003,55,True,4,False,ISIC_0063565,test,SYN_BCN_like,BCN_like,very_low,3373cccc23349ccb,data/raw/isic2019/ISIC_2019_Training_Input/ISIC_0063565.jpg
PHASH_000003,55,True,4,False,ISIC_0065405,val,SYN_MSK_like,MSK_like,very_low,3323cecc3332cccd,data/raw/isic2019/ISIC_2019_Training_Input/ISIC_0065405.jpg
PHASH_000003,55,True,4,False,ISIC_0067338,test,SYN_RURAL_like,RURAL_like,very_low,33338ccc33338ecd,data/raw/isic2019/ISIC_2019_Training_Input/ISIC_0067338.jpg
PHASH_000003,55,True,4,False,ISIC_0068829,train,SYN_RURAL_like,RURAL_like,very_low,3323cccc3332d5cd,data/raw/isic2019/ISIC_2019_Training_Input/ISIC_0068829.jpg
PHASH_000003,55,True,4,False,ISIC_0072511,train,SYN_RURAL_like,RURAL_like,moderate,3133cece3333c0cd,data/raw/isic2019/ISIC_2019_Training_Input/ISIC_0072511.jpg
PHASH_000004,48,True,4,False,ISIC_0054723,train,SYN_MSK_like,MSK_like,moderate,9686591e797aa3a1,data/raw/isic2019/ISIC_2019_Training_Input/ISIC_0054723.jpg
PHASH_000004,48,True,4,False,ISIC_0054889,train,SYN_RURAL_like,RURAL_like,high,a6a61e167a7ca9a1,data/raw/isic2019/ISIC_2019_Training_Input/ISIC_0054889.jpg
PHASH_000004,48,True,4,False,ISIC_0054979,train,SYN_RURAL_like,RURAL_like,high,96a61e167b5e29a1,data/raw/isic2019/ISIC_2019_Training_Input/ISIC_0054979.jpg
PHASH_000004,48,True,4,False,ISIC_0055331,test,SYN_RURAL_like,RURAL_like,moderate,9e865c16697ab3a1,data/raw/isic2019/ISIC_2019_Training_Input/ISIC_0055331.jpg
PHASH_000004,48,True,4,False,ISIC_0055493,train,SYN_RURAL_like,RURAL_like,moderate,96865a1ef97aa981,data/raw/isic2019/ISIC_2019_Training_Input/ISIC_0055493.jpg
PHASH_000004,48,True,4,False,ISIC_0055626,train,SYN_BCN_like,BCN_like,very_low,96a65e165a5ea9a1,data/raw/isic2019/ISIC_2019_Training_Input/ISIC_0055626.jpg
PHASH_000004,48,True,4,False,ISIC_0056296,train,SYN_RURAL_like,RURAL_like,moderate,b6865216f37a8da1,data/raw/isic2019/ISIC_2019_Training_Input/ISIC_0056296.jpg
PHASH_000004,48,True,4,False,ISIC_0056766,test,SYN_RURAL_like,RURAL_like,moderate,9e86581cfb7a89a1,data/raw/isic2019/ISIC_2019_Training_Input/ISIC_0056766.jpg
PHASH_000004,48,True,4,False,ISIC_0056898,test,SYN_RURAL_like,RURAL_like,moderate,1e865a16f97a8ba1,data/raw/isic2019/ISIC_2019_Training_Input/ISIC_0056898.jpg
PHASH_000004,48,True,4,False,ISIC_0057273,train,SYN_RURAL_like,RURAL_like,moderate,a4a69696725ee9a1,data/raw/isic2019/ISIC_2019_Training_Input/ISIC_0057273.jpg
PHASH_000004,48,True,4,False,ISIC_0057569,train,SYN_HAM_like,HAM_like,moderate,aca6b686525ea9a9,data/raw/isic2019/ISIC_2019_Training_Input/ISIC_0057569.jpg
PHASH_000004,48,True,4,False,ISIC_0058372,train,SYN_RURAL_like,RURAL_like,moderate,36865a1ef97823a3,data/raw/isic2019/ISIC_2019_Training_Input/ISIC_0058372.jpg
PHASH_000004,48,True,4,False,ISIC_0059988,train,SYN_RURAL_like,RURAL_like,moderate,86a696965a5ea9a9,data/raw/isic2019/ISIC_2019_Training_Input/ISIC_0059988.jpg
PHASH_000004,48,True,4,False,ISIC_0060493,train,SYN_MSK_like,MSK_like,low,1ea65a1ef97a8381,data/raw/isic2019/ISIC_2019_Training_Input/ISIC_0060493.jpg
PHASH_000004,48,True,4,False,ISIC_0060602,test,SYN_RURAL_like,RURAL_like,moderate,96a696167a5ea9a1,data/raw/isic2019/ISIC_2019_Training_Input/ISIC_0060602.jpg
PHASH_000004,48,True,4,False,ISIC_0061240,train,SYN_RURAL_like,RURAL_like,high,9ca69c167356a9a9,data/raw/isic2019/ISIC_2019_Training_Input/ISIC_0061240.jpg
PHASH_000004,48,True,4,False,ISIC_0061341,train,SYN_RURAL_like,RURAL_like,moderate,1c965a1efb7a09a1,data/raw/isic2019/ISIC_2019_Training_Input/ISIC_0061341.jpg
PHASH_000004,48,True,4,False,ISIC_0061491,train,SYN_RURAL_like,RURAL_like,high,86a61616f27ea9a9,data/raw/isic2019/ISIC_2019_Training_Input/ISIC_0061491.jpg
PHASH_000004,48,True,4,False,ISIC_0061616,train,SYN_MSK_like,MSK_like,very_low,86a61e965a5ea9a9,data/raw/isic2019/ISIC_2019_Training_Input/ISIC_0061616.jpg
PHASH_000004,48,True,4,False,ISIC_0062007,train,SYN_RURAL_like,RURAL_like,moderate,96a65216787ee9a1,data/raw/isic2019/ISIC_2019_Training_Input/ISIC_0062007.jpg
PHASH_000004,48,True,4,False,ISIC_0062559,val,SYN_RURAL_like,RURAL_like,high,a6a61696587ea9a9,data/raw/isic2019/ISIC_2019_Training_Input/ISIC_0062559.jpg
PHASH_000004,48,True,4,False,ISIC_0062630,val,SYN_RURAL_like,RURAL_like,low,96a69c16da5e29a9,data/raw/isic2019/ISIC_2019_Training_Input/ISIC_0062630.jpg
PHASH_000004,48,True,4,False,ISIC_0062950,val,SYN_RURAL_like,RURAL_like,very_low,9c845e16f97aa3a1,data/raw/isic2019/ISIC_2019_Training_Input/ISIC_0062950.jpg
PHASH_000004,48,True,4,False,ISIC_0063136,train,SYN_RURAL_like,RURAL_like,low,96a61e965a5ea9a1,data/raw/isic2019/ISIC_2019_Training_Input/ISIC_0063136.jpg
PHASH_000004,48,True,4,False,ISIC_0063631,train,SYN_RURAL_like,RURAL_like,high,96a61e16da5ea9a1,data/raw/isic2019/ISIC_2019_Training_Input/ISIC_0063631.jpg
PHASH_000004,48,True,4,False,ISIC_0063827,test,SYN_BCN_like,BCN_like,moderate,9e86581ef97ca381,data/raw/isic2019/ISIC_2019_Training_Input/ISIC_0063827.jpg
PHASH_000004,48,True,4,False,ISIC_0064212,train,SYN_RURAL_like,RURAL_like,high,b4861e167b5ea9a1,data/raw/isic2019/ISIC_2019_Training_Input/ISIC_0064212.jpg
PHASH_000004,48,True,4,False,ISIC_0064424,train,SYN_HAM_like,HAM_like,moderate,a4e63686565ea9a9,data/raw/isic2019/ISIC_2019_Training_Input/ISIC_0064424.jpg
PHASH_000004,48,True,4,False,ISIC_0065292,train,SYN_MSK_like,MSK_like,very_low,8ca696965a5ea9a9,data/raw/isic2019/ISIC_2019_Training_Input/ISIC_0065292.jpg
PHASH_000004,48,True,4,False,ISIC_0066624,train,SYN_BCN_like,BCN_like,very_low,86865c16797af3a1,data/raw/isic2019/ISIC_2019_Training_Input/ISIC_0066624.jpg
PHASH_000004,48,True,4,False,ISIC_0066798,val,SYN_RURAL_like,RURAL_like,very_low,9ea61e16da5aa9a1,data/raw/isic2019/ISIC_2019_Training_Input/ISIC_0066798.jpg
PHASH_000004,48,True,4,False,ISIC_0067079,train,SYN_RURAL_like,RURAL_like,moderate,96a616167b5ea9a1,data/raw/isic2019/ISIC_2019_Training_Input/ISIC_0067079.jpg
PHASH_000004,48,True,4,False,ISIC_0067303,train,SYN_RURAL_like,RURAL_like,moderate,1e865a1ef97a23a1,data/raw/isic2019/ISIC_2019_Training_Input/ISIC_0067303.jpg
PHASH_000004,48,True,4,False,ISIC_0067364,train,SYN_RURAL_like,RURAL_like,moderate,9e86d816787ea3a1,data/raw/isic2019/ISIC_2019_Training_Input/ISIC_0067364.jpg
PHASH_000004,48,True,4,False,ISIC_0069097,train,SYN_RURAL_like,RURAL_like,very_low,9e86581ef97aa1a1,data/raw/isic2019/ISIC_2019_Training_Input/ISIC_0069097.jpg
PHASH_000004,48,True,4,False,ISIC_0069840,train,SYN_HAM_like,HAM_like,moderate,36a69696525ea9a9,data/raw/isic2019/ISIC_2019_Training_Input/ISIC_0069840.jpg
PHASH_000004,48,True,4,False,ISIC_0070101,train,SYN_RURAL_like,RURAL_like,moderate,968e53167b5aa9a1,data/raw/isic2019/ISIC_2019_Training_Input/ISIC_0070101.jpg
PHASH_000004,48,True,4,False,ISIC_0070264,train,SYN_BCN_like,BCN_like,moderate,9e865816f97aa3a1,data/raw/isic2019/ISIC_2019_Training_Input/ISIC_0070264.jpg
PHASH_000004,48,True,4,False,ISIC_0070508,val,SYN_HAM_like,HAM_like,low,96a616167a7ea9a1,data/raw/isic2019/ISIC_2019_Training_Input/ISIC_0070508.jpg
PHASH_000004,48,True,4,False,ISIC_0071087,val,SYN_MSK_like,MSK_like,low,9ca61616735ea9a9,data/raw/isic2019/ISIC_2019_Training_Input/ISIC_0071087.jpg
PHASH_000004,48,True,4,False,ISIC_0071459,train,SYN_BCN_like,BCN_like,moderate,9c865a16fb7a29a1,data/raw/isic2019/ISIC_2019_Training_Input/ISIC_0071459.jpg
PHASH_000004,48,True,4,False,ISIC_0071991,train,SYN_HAM_like,HAM_like,moderate,968656167a7ab9a1,data/raw/isic2019/ISIC_2019_Training_Input/ISIC_0071991.jpg
PHASH_000004,48,True,4,False,ISIC_0072070,train,SYN_RURAL_like,RURAL_like,low,96865216fb7aa9a1,data/raw/isic2019/ISIC_2019_Training_Input/ISIC_0072070.jpg
PHASH_000004,48,True,4,False,ISIC_0072176,train,SYN_RURAL_like,RURAL_like,moderate,86a65696787ea1a9,data/raw/isic2019/ISIC_2019_Training_Input/ISIC_0072176.jpg
PHASH_000004,48,True,4,False,ISIC_0072260,train,SYN_RURAL_like,RURAL_like,moderate,9e8658167b7aa3a1,data/raw/isic2019/ISIC_2019_Training_Input/ISIC_0072260.jpg
PHASH_000004,48,True,4,False,ISIC_0072265,train,SYN_BCN_like,BCN_like,moderate,a6a69616725ea9a9,data/raw/isic2019/ISIC_2019_Training_Input/ISIC_0072265.jpg
PHASH_000004,48,True,4,False,ISIC_0072931,train,SYN_HAM_like,HAM_like,moderate,84a6d6965b5e29a9,data/raw/isic2019/ISIC_2019_Training_Input/ISIC_0072931.jpg
PHASH_000004,48,True,4,False,ISIC_0073045,train,SYN_MSK_like,MSK_like,moderate,86a61c167a7ea9a9,data/raw/isic2019/ISIC_2019_Training_Input/ISIC_0073045.jpg
PHASH_000005,40,True,4,False,ISIC_0000384_downsampled,train,SYN_RURAL_like,RURAL_like,very_low,ce3a33cccc3231cb,data/raw/isic2019/ISIC_2019_Training_Input/ISIC_0000384_downsampled.jpg
PHASH_000005,40,True,4,False,ISIC_0000523,train,SYN_RURAL_like,RURAL_like,very_low,cc27338ccc73398d,data/raw/isic2019/ISIC_2019_Training_Input/ISIC_0000523.jpg
PHASH_000005,40,True,4,False,ISIC_0010244,train,SYN_RURAL_like,RURAL_like,very_low,ce3333cccc32338b,data/raw/isic2019/ISIC_2019_Training_Input/ISIC_0010244.jpg
PHASH_000005,40,True,4,False,ISIC_0011173,train,SYN_RURAL_like,RURAL_like,very_low,cc3333cccc323ec9,data/raw/isic2019/ISIC_2019_Training_Input/ISIC_0011173.jpg
PHASH_000005,40,True,4,False,ISIC_0013311_downsampled,train,SYN_HAM_like,HAM_like,very_low,cc3331cccc3331cf,data/raw/isic2019/ISIC_2019_Training_Input/ISIC_0013311_downsampled.jpg
PHASH_000005,40,True,4,False,ISIC_0014778_downsampled,test,SYN_RURAL_like,RURAL_like,very_low,2ca333cccc3333cd,data/raw/isic2019/ISIC_2019_Training_Input/ISIC_0014778_downsampled.jpg
PHASH_000005,40,True,4,False,ISIC_0014945_downsampled,train,SYN_MSK_like,MSK_like,very_low,cc3333cccc3331cd,data/raw/isic2019/ISIC_2019_Training_Input/ISIC_0014945_downsampled.jpg
PHASH_000005,40,True,4,False,ISIC_0015273_downsampled,train,SYN_MSK_like,MSK_like,very_low,cc3333cccc3332cd,data/raw/isic2019/ISIC_2019_Training_Input/ISIC_0015273_downsampled.jpg
PHASH_000005,40,True,4,False,ISIC_0024352,test,SYN_BCN_like,BCN_like,very_low,0cf333cccc3331cd,data/raw/isic2019/ISIC_2019_Training_Input/ISIC_0024352.jpg
PHASH_000005,40,True,4,False,ISIC_0025172,val,SYN_BCN_like,BCN_like,very_low,cc3133ccc9327ec9,data/raw/isic2019/ISIC_2019_Training_Input/ISIC_0025172.jpg
PHASH_000005,40,True,4,False,ISIC_0025713,train,SYN_HAM_like,HAM_like,very_low,4c3333cccc3331cf,data/raw/isic2019/ISIC_2019_Training_Input/ISIC_0025713.jpg
PHASH_000005,40,True,4,False,ISIC_0027197,train,SYN_BCN_like,BCN_like,very_low,cc3133cccc3323cf,data/raw/isic2019/ISIC_2019_Training_Input/ISIC_0027197.jpg
PHASH_000005,40,True,4,False,ISIC_0027804,train,SYN_RURAL_like,RURAL_like,very_low,8c3333cccc3133cf,data/raw/isic2019/ISIC_2019_Training_Input/ISIC_0027804.jpg
PHASH_000005,40,True,4,False,ISIC_0027819,val,SYN_HAM_like,HAM_like,moderate,8c3133cccc3333cf,data/raw/isic2019/ISIC_2019_Training_Input/ISIC_0027819.jpg
PHASH_000005,40,True,4,False,ISIC_0027836,val,SYN_HAM_like,HAM_like,very_low,469933cccc3363cd,data/raw/isic2019/ISIC_2019_Training_Input/ISIC_0027836.jpg
PHASH_000005,40,True,4,False,ISIC_0028648,train,SYN_HAM_like,HAM_like,very_low,4eb133cccc3213eb,data/raw/isic2019/ISIC_2019_Training_Input/ISIC_0028648.jpg
PHASH_000005,40,True,4,False,ISIC_0028760,train,SYN_BCN_like,BCN_like,high,4c9933cc8c3373cd,data/raw/isic2019/ISIC_2019_Training_Input/ISIC_0028760.jpg
PHASH_000005,40,True,4,False,ISIC_0029141,train,SYN_RURAL_like,RURAL_like,moderate,ceb233cccc3213ab,data/raw/isic2019/ISIC_2019_Training_Input/ISIC_0029141.jpg
PHASH_000005,40,True,4,False,ISIC_0029857,val,SYN_MSK_like,MSK_like,moderate,8c3333cccd3322cf,data/raw/isic2019/ISIC_2019_Training_Input/ISIC_0029857.jpg
PHASH_000005,40,True,4,False,ISIC_0030653,test,SYN_MSK_like,MSK_like,high,1cd3334ccc3331cf,data/raw/isic2019/ISIC_2019_Training_Input/ISIC_0030653.jpg
PHASH_000005,40,True,4,False,ISIC_0031293,test,SYN_MSK_like,MSK_like,very_low,cc3233cecc3a338b,data/raw/isic2019/ISIC_2019_Training_Input/ISIC_0031293.jpg
PHASH_000005,40,True,4,False,ISIC_0032125,val,SYN_BCN_like,BCN_like,very_low,cc3133cccc3336c7,data/raw/isic2019/ISIC_2019_Training_Input/ISIC_0032125.jpg
PHASH_000005,40,True,4,False,ISIC_0032263,val,SYN_BCN_like,BCN_like,very_low,3cd1b30ccc3331cf,data/raw/isic2019/ISIC_2019_Training_Input/ISIC_0032263.jpg
PHASH_000005,40,True,4,False,ISIC_0032405,train,SYN_MSK_like,MSK_like,very_low,cc3333cc8c3337c9,data/raw/isic2019/ISIC_2019_Training_Input/ISIC_0032405.jpg
PHASH_000005,40,True,4,False,ISIC_0032541,val,SYN_BCN_like,BCN_like,very_low,cc3b33cccc3238cb,data/raw/isic2019/ISIC_2019_Training_Input/ISIC_0032541.jpg
PHASH_000005,40,True,4,False,ISIC_0032824,train,SYN_RURAL_like,RURAL_like,very_low,cc3331cccc3133cf,data/raw/isic2019/ISIC_2019_Training_Input/ISIC_0032824.jpg
PHASH_000005,40,True,4,False,ISIC_0033018,val,SYN_BCN_like,BCN_like,very_low,cc3333cccc3330cf,data/raw/isic2019/ISIC_2019_Training_Input/ISIC_0033018.jpg
PHASH_000005,40,True,4,False,ISIC_0033347,val,SYN_MSK_like,MSK_like,very_low,cc33b1cccc3338cd,data/raw/isic2019/ISIC_2019_Training_Input/ISIC_0033347.jpg
PHASH_000005,40,True,4,False,ISIC_0033409,train,SYN_BCN_like,BCN_like,very_low,cc7333cccc327389,data/raw/isic2019/ISIC_2019_Training_Input/ISIC_0033409.jpg
PHASH_000005,40,True,4,False,ISIC_0033743,val,SYN_BCN_like,BCN_like,very_low,cc1933cccc3333cd,data/raw/isic2019/ISIC_2019_Training_Input/ISIC_0033743.jpg
PHASH_000005,40,True,4,False,ISIC_0033799,train,SYN_BCN_like,BCN_like,very_low,cc3139cccc3332cf,data/raw/isic2019/ISIC_2019_Training_Input/ISIC_0033799.jpg
PHASH_000005,40,True,4,False,ISIC_0033840,train,SYN_RURAL_like,RURAL_like,very_low,cc7331cccc31b38b,data/raw/isic2019/ISIC_2019_Training_Input/ISIC_0033840.jpg
PHASH_000005,40,True,4,False,ISIC_0034244,test,SYN_BCN_like,BCN_like,very_low,cc3333ccdc3330c7,data/raw/isic2019/ISIC_2019_Training_Input/ISIC_0034244.jpg
PHASH_000005,40,True,4,False,ISIC_0055332,val,SYN_HAM_like,HAM_like,very_low,cc2333cccc3339cd,data/raw/isic2019/ISIC_2019_Training_Input/ISIC_0055332.jpg
PHASH_000005,40,True,4,False,ISIC_0055633,train,SYN_MSK_like,MSK_like,very_low,8c3333ccec3392cd,data/raw/isic2019/ISIC_2019_Training_Input/ISIC_0055633.jpg
PHASH_000005,40,True,4,False,ISIC_0057235,test,SYN_RURAL_like,RURAL_like,high,cc7333cccc3631c9,data/raw/isic2019/ISIC_2019_Training_Input/ISIC_0057235.jpg
PHASH_000005,40,True,4,False,ISIC_0059437,train,SYN_RURAL_like,RURAL_like,very_low,4c8c33cccc3373cd,data/raw/isic2019/ISIC_2019_Training_Input/ISIC_0059437.jpg
PHASH_000005,40,True,4,False,ISIC_0063388,train,SYN_RURAL_like,RURAL_like,very_low,ce3233cacc3233cb,data/raw/isic2019/ISIC_2019_Training_Input/ISIC_0063388.jpg
PHASH_000005,40,True,4,False,ISIC_0066366,train,SYN_RURAL_like,RURAL_like,very_low,cc63338ccc36b3c9,data/raw/isic2019/ISIC_2019_Training_Input/ISIC_0066366.jpg
PHASH_000005,40,True,4,False,ISIC_0072773,train,SYN_BCN_like,BCN_like,high,ce2233cecc32b1cb,data/raw/isic2019/ISIC_2019_Training_Input/ISIC_0072773.jpg
PHASH_000006,35,True,4,False,ISIC_0054900,test,SYN_MSK_like,MSK_like,low,24f686d43752d8ab,data/raw/isic2019/ISIC_2019_Training_Input/ISIC_0054900.jpg
PHASH_000006,35,True,4,False,ISIC_0055050,test,SYN_RURAL_like,RURAL_like,moderate,97f494505642deab,data/raw/isic2019/ISIC_2019_Training_Input/ISIC_0055050.jpg
PHASH_000006,35,True,4,False,ISIC_0055955,test,SYN_MSK_like,MSK_like,low,34f686d43352d8ab,data/raw/isic2019/ISIC_2019_Training_Input/ISIC_0055955.jpg
PHASH_000006,35,True,4,False,ISIC_0056836,val,SYN_BCN_like,BCN_like,very_low,26bc91f456525aab,data/raw/isic2019/ISIC_2019_Training_Input/ISIC_0056836.jpg
PHASH_000006,35,True,4,False,ISIC_0057424,train,SYN_RURAL_like,RURAL_like,moderate,a3d486d01742feab,data/raw/isic2019/ISIC_2019_Training_Input/ISIC_0057424.jpg
PHASH_000006,35,True,4,False,ISIC_0058405,train,SYN_RURAL_like,RURAL_like,very_low,24f497d0d6427aab,data/raw/isic2019/ISIC_2019_Training_Input/ISIC_0058405.jpg
PHASH_000006,35,True,4,False,ISIC_0059062,val,SYN_MSK_like,MSK_like,very_low,24b49cd47652dcab,data/raw/isic2019/ISIC_2019_Training_Input/ISIC_0059062.jpg
PHASH_000006,35,True,4,False,ISIC_0059209,train,SYN_BCN_like,BCN_like,high,86f694d056427eab,data/raw/isic2019/ISIC_2019_Training_Input/ISIC_0059209.jpg
PHASH_000006,35,True,4,False,ISIC_0059380,train,SYN_BCN_like,BCN_like,very_low,84f436d4d6521eab,data/raw/isic2019/ISIC_2019_Training_Input/ISIC_0059380.jpg
PHASH_000006,35,True,4,False,ISIC_0060054,train,SYN_MSK_like,MSK_like,very_low,a7f684d01642deab,data/raw/isic2019/ISIC_2019_Training_Input/ISIC_0060054.jpg
PHASH_000006,35,True,4,False,ISIC_0060744,test,SYN_RURAL_like,RURAL_like,high,26f694d4765298ab,data/raw/isic2019/ISIC_2019_Training_Input/ISIC_0060744.jpg
PHASH_000006,35,True,4,False,ISIC_0061135,test,SYN_RURAL_like,RURAL_like,moderate,97f494d05642daab,data/raw/isic2019/ISIC_2019_Training_Input/ISIC_0061135.jpg
PHASH_000006,35,True,4,False,ISIC_0062224,test,SYN_MSK_like,MSK_like,moderate,acf494d0d6427aab,data/raw/isic2019/ISIC_2019_Training_Input/ISIC_0062224.jpg
PHASH_000006,35,True,4,False,ISIC_0062388,val,SYN_RURAL_like,RURAL_like,very_low,26f495d456525aab,data/raw/isic2019/ISIC_2019_Training_Input/ISIC_0062388.jpg
PHASH_000006,35,True,4,False,ISIC_0062722,train,SYN_RURAL_like,RURAL_like,moderate,86f496d446527aab,data/raw/isic2019/ISIC_2019_Training_Input/ISIC_0062722.jpg
PHASH_000006,35,True,4,False,ISIC_0062891,test,SYN_RURAL_like,RURAL_like,high,a4f694d456525aab,data/raw/isic2019/ISIC_2019_Training_Input/ISIC_0062891.jpg
PHASH_000006,35,True,4,False,ISIC_0063007,test,SYN_RURAL_like,RURAL_like,moderate,93f494d05642deab,data/raw/isic2019/ISIC_2019_Training_Input/ISIC_0063007.jpg
PHASH_000006,35,True,4,False,ISIC_0063158,train,SYN_RURAL_like,RURAL_like,moderate,a6f484505742dfab,data/raw/isic2019/ISIC_2019_Training_Input/ISIC_0063158.jpg
PHASH_000006,35,True,4,False,ISIC_0063476,val,SYN_RURAL_like,RURAL_like,very_low,86f416d4d6529aab,data/raw/isic2019/ISIC_2019_Training_Input/ISIC_0063476.jpg
PHASH_000006,35,True,4,False,ISIC_0065052,val,SYN_BCN_like,BCN_like,moderate,86f494d45652daab,data/raw/isic2019/ISIC_2019_Training_Input/ISIC_0065052.jpg
PHASH_000006,35,True,4,False,ISIC_0065223,train,SYN_BCN_like,BCN_like,very_low,a4f494d45642deab,data/raw/isic2019/ISIC_2019_Training_Input/ISIC_0065223.jpg
PHASH_000006,35,True,4,False,ISIC_0065291,train,SYN_RURAL_like,RURAL_like,low,26b494d45652deab,data/raw/isic2019/ISIC_2019_Training_Input/ISIC_0065291.jpg
PHASH_000006,35,True,4,False,ISIC_0065399,val,SYN_RURAL_like,RURAL_like,low,a6f496d456423e8b,data/raw/isic2019/ISIC_2019_Training_Input/ISIC_0065399.jpg
PHASH_000006,35,True,4,False,ISIC_0065893,test,SYN_BCN_like,BCN_like,moderate,a5f4875416427eab,data/raw/isic2019/ISIC_2019_Training_Input/ISIC_0065893.jpg
PHASH_000006,35,True,4,False,ISIC_0066908,train,SYN_BCN_like,BCN_like,high,a4f496d056427eab,data/raw/isic2019/ISIC_2019_Training_Input/ISIC_0066908.jpg
PHASH_000006,35,True,4,False,ISIC_0066913,test,SYN_RURAL_like,RURAL_like,moderate,a3d686d05642deab,data/raw/isic2019/ISIC_2019_Training_Input/ISIC_0066913.jpg
PHASH_000006,35,True,4,False,ISIC_0068901,train,SYN_RURAL_like,RURAL_like,very_low,24f49cd477129cab,data/raw/isic2019/ISIC_2019_Training_Input/ISIC_0068901.jpg
PHASH_000006,35,True,4,False,ISIC_0069467,train,SYN_RURAL_like,RURAL_like,moderate,a7f487d054423eab,data/raw/isic2019/ISIC_2019_Training_Input/ISIC_0069467.jpg
PHASH_000006,35,True,4,False,ISIC_0069822,train,SYN_BCN_like,BCN_like,very_low,84b694d45652faab,data/raw/isic2019/ISIC_2019_Training_Input/ISIC_0069822.jpg
PHASH_000006,35,True,4,False,ISIC_0069842,train,SYN_RURAL_like,RURAL_like,very_low,a6f497d056423aab,data/raw/isic2019/ISIC_2019_Training_Input/ISIC_0069842.jpg
PHASH_000006,35,True,4,False,ISIC_0069937,train,SYN_RURAL_like,RURAL_like,very_low,84f495d057427eab,data/raw/isic2019/ISIC_2019_Training_Input/ISIC_0069937.jpg
PHASH_000006,35,True,4,False,ISIC_0070798,train,SYN_RURAL_like,RURAL_like,moderate,a6f494d05642deab,data/raw/isic2019/ISIC_2019_Training_Input/ISIC_0070798.jpg
PHASH_000006,35,True,4,False,ISIC_0070880,train,SYN_RURAL_like,RURAL_like,moderate,a6f415d456525aab,data/raw/isic2019/ISIC_2019_Training_Input/ISIC_0070880.jpg
PHASH_000006,35,True,4,False,ISIC_0071356,train,SYN_RURAL_like,RURAL_like,low,a4f487d017427eab,data/raw/isic2019/ISIC_2019_Training_Input/ISIC_0071356.jpg
PHASH_000006,35,True,4,False,ISIC_0072077,val,SYN_RURAL_like,RURAL_like,high,24f69cd43652d8ab,data/raw/isic2019/ISIC_2019_Training_Input/ISIC_0072077.jpg
PHASH_000007,34,True,4,False,ISIC_0000449_downsampled,test,SYN_MSK_like,MSK_like,very_low,99996666d9985663,data/raw/isic2019/ISIC_2019_Training_Input/ISIC_0000449_downsampled.jpg
PHASH_000007,34,True,4,False,ISIC_0009885,train,SYN_HAM_like,HAM_like,very_low,d999666699996463,data/raw/isic2019/ISIC_2019_Training_Input/ISIC_0009885.jpg
PHASH_000007,34,True,4,False,ISIC_0009936,train,SYN_MSK_like,MSK_like,very_low,9b9966649998d363,data/raw/isic2019/ISIC_2019_Training_Input/ISIC_0009936.jpg
PHASH_000007,34,True,4,False,ISIC_0010439,train,SYN_HAM_like,HAM_like,very_low,9b996666d9987621,data/raw/isic2019/ISIC_2019_Training_Input/ISIC_0010439.jpg
PHASH_000007,34,True,4,False,ISIC_0011082,test,SYN_MSK_like,MSK_like,very_low,99996766b9984663,data/raw/isic2019/ISIC_2019_Training_Input/ISIC_0011082.jpg
PHASH_000007,34,True,4,False,ISIC_0011199,train,SYN_HAM_like,HAM_like,very_low,9b99666699986c63,data/raw/isic2019/ISIC_2019_Training_Input/ISIC_0011199.jpg
PHASH_000007,34,True,4,False,ISIC_0011220,train,SYN_BCN_like,BCN_like,very_low,9b9966669b982723,data/raw/isic2019/ISIC_2019_Training_Input/ISIC_0011220.jpg
PHASH_000007,34,True,4,False,ISIC_0012095_downsampled,train,SYN_RURAL_like,RURAL_like,very_low,dbd9666699994027,data/raw/isic2019/ISIC_2019_Training_Input/ISIC_0012095_downsampled.jpg
PHASH_000007,34,True,4,False,ISIC_0012303_downsampled,train,SYN_RURAL_like,RURAL_like,very_low,9bd9666699996027,data/raw/isic2019/ISIC_2019_Training_Input/ISIC_0012303_downsampled.jpg
PHASH_000007,34,True,4,False,ISIC_0012699_downsampled,train,SYN_MSK_like,MSK_like,very_low,999b4466119b566f,data/raw/isic2019/ISIC_2019_Training_Input/ISIC_0012699_downsampled.jpg
PHASH_000007,34,True,4,False,ISIC_0013086_downsampled,train,SYN_BCN_like,BCN_like,very_low,d9d9666699996065,data/raw/isic2019/ISIC_2019_Training_Input/ISIC_0013086_downsampled.jpg
PHASH_000007,34,True,4,False,ISIC_0013794_downsampled,val,SYN_RURAL_like,RURAL_like,very_low,99996466919b5667,data/raw/isic2019/ISIC_2019_Training_Input/ISIC_0013794_downsampled.jpg
PHASH_000007,34,True,4,False,ISIC_0015440_downsampled,train,SYN_BCN_like,BCN_like,very_low,5999e6669b994465,data/raw/isic2019/ISIC_2019_Training_Input/ISIC_0015440_downsampled.jpg
PHASH_000007,34,True,4,False,ISIC_0015980_downsampled,val,SYN_RURAL_like,RURAL_like,very_low,9999646693996667,data/raw/isic2019/ISIC_2019_Training_Input/ISIC_0015980_downsampled.jpg
PHASH_000007,34,True,4,False,ISIC_0028869,train,SYN_BCN_like,BCN_like,very_low,99996664999b6665,data/raw/isic2019/ISIC_2019_Training_Input/ISIC_0028869.jpg
PHASH_000007,34,True,4,False,ISIC_0029502,train,SYN_MSK_like,MSK_like,high,999966649999e665,data/raw/isic2019/ISIC_2019_Training_Input/ISIC_0029502.jpg
PHASH_000007,34,True,4,False,ISIC_0029650,train,SYN_BCN_like,BCN_like,very_low,9199666e999b4663,data/raw/isic2019/ISIC_2019_Training_Input/ISIC_0029650.jpg
PHASH_000007,34,True,4,False,ISIC_0030581,train,SYN_HAM_like,HAM_like,very_low,1b916666999a6d63,data/raw/isic2019/ISIC_2019_Training_Input/ISIC_0030581.jpg
PHASH_000007,34,True,4,False,ISIC_0030676,train,SYN_BCN_like,BCN_like,very_low,9b99666499996665,data/raw/isic2019/ISIC_2019_Training_Input/ISIC_0030676.jpg
PHASH_000007,34,True,4,False,ISIC_0031599,val,SYN_BCN_like,BCN_like,very_low,d9192666d9992667,data/raw/isic2019/ISIC_2019_Training_Input/ISIC_0031599.jpg
PHASH_000007,34,True,4,False,ISIC_0031896,train,SYN_HAM_like,HAM_like,very_low,9991666699996765,data/raw/isic2019/ISIC_2019_Training_Input/ISIC_0031896.jpg
PHASH_000007,34,True,4,False,ISIC_0032242,test,SYN_RURAL_like,RURAL_like,very_low,9919666699996765,data/raw/isic2019/ISIC_2019_Training_Input/ISIC_0032242.jpg
PHASH_000007,34,True,4,False,ISIC_0032341,train,SYN_BCN_like,BCN_like,very_low,d99966669b990467,data/raw/isic2019/ISIC_2019_Training_Input/ISIC_0032341.jpg
PHASH_000007,34,True,4,False,ISIC_0032670,test,SYN_BCN_like,BCN_like,very_low,9b99666699984763,data/raw/isic2019/ISIC_2019_Training_Input/ISIC_0032670.jpg
PHASH_000007,34,True,4,False,ISIC_0033763,train,SYN_RURAL_like,RURAL_like,very_low,b199666699994667,data/raw/isic2019/ISIC_2019_Training_Input/ISIC_0033763.jpg
PHASH_000007,34,True,4,False,ISIC_0034018,train,SYN_MSK_like,MSK_like,very_low,999b666699984763,data/raw/isic2019/ISIC_2019_Training_Input/ISIC_0034018.jpg
PHASH_000007,34,True,4,False,ISIC_0034065,train,SYN_RURAL_like,RURAL_like,high,993126e6d9992667,data/raw/isic2019/ISIC_2019_Training_Input/ISIC_0034065.jpg
PHASH_000007,34,True,4,False,ISIC_0034128,train,SYN_RURAL_like,RURAL_like,very_low,199966661b996667,data/raw/isic2019/ISIC_2019_Training_Input/ISIC_0034128.jpg
PHASH_000007,34,True,4,False,ISIC_0034193,train,SYN_RURAL_like,RURAL_like,very_low,191964669b996767,data/raw/isic2019/ISIC_2019_Training_Input/ISIC_0034193.jpg
PHASH_000007,34,True,4,False,ISIC_0054221,train,SYN_HAM_like,HAM_like,very_low,9999666699996467,data/raw/isic2019/ISIC_2019_Training_Input/ISIC_0054221.jpg
PHASH_000007,34,True,4,False,ISIC_0059321,train,SYN_RURAL_like,RURAL_like,very_low,999164669999ec67,data/raw/isic2019/ISIC_2019_Training_Input/ISIC_0059321.jpg
PHASH_000007,34,True,4,False,ISIC_0060660,train,SYN_RURAL_like,RURAL_like,high,999966668b996c65,data/raw/isic2019/ISIC_2019_Training_Input/ISIC_0060660.jpg
PHASH_000007,34,True,4,False,ISIC_0067236,train,SYN_RURAL_like,RURAL_like,very_low,9999e46699994667,data/raw/isic2019/ISIC_2019_Training_Input/ISIC_0067236.jpg
PHASH_000007,34,True,4,False,ISIC_0073164,train,SYN_BCN_like,BCN_like,very_low,99996666d9992467,data/raw/isic2019/ISIC_2019_Training_Input/ISIC_0073164.jpg
PHASH_000008,22,True,4,False,ISIC_0054295,train,SYN_RURAL_like,RURAL_like,moderate,34f4bed0f44078ab,data/raw/isic2019/ISIC_2019_Training_Input/ISIC_0054295.jpg
PHASH_000008,22,True,4,False,ISIC_0054771,val,SYN_HAM_like,HAM_like,moderate,2cf4b654f44278ab,data/raw/isic2019/ISIC_2019_Training_Input/ISIC_0054771.jpg
PHASH_000008,22,True,4,False,ISIC_0054917,train,SYN_BCN_like,BCN_like,moderate,2cf4b6d0fc4078ab,data/raw/isic2019/ISIC_2019_Training_Input/ISIC_0054917.jpg
PHASH_000008,22,True,4,False,ISIC_0055290,val,SYN_MSK_like,MSK_like,very_low,8cf437d0dc5270ab,data/raw/isic2019/ISIC_2019_Training_Input/ISIC_0055290.jpg
PHASH_000008,22,True,4,False,ISIC_0056827,train,SYN_RURAL_like,RURAL_like,very_low,0cb43fd4bc5234ab,data/raw/isic2019/ISIC_2019_Training_Input/ISIC_0056827.jpg
PHASH_000008,22,True,4,False,ISIC_0056942,train,SYN_RURAL_like,RURAL_like,moderate,4ef43ed2bc40742b,data/raw/isic2019/ISIC_2019_Training_Input/ISIC_0056942.jpg
PHASH_000008,22,True,4,False,ISIC_0057342,test,SYN_RURAL_like,RURAL_like,very_low,0cf43fd4fc52308b,data/raw/isic2019/ISIC_2019_Training_Input/ISIC_0057342.jpg
PHASH_000008,22,True,4,False,ISIC_0057481,train,SYN_BCN_like,BCN_like,very_low,0cf437d4dc52748b,data/raw/isic2019/ISIC_2019_Training_Input/ISIC_0057481.jpg
PHASH_000008,22,True,4,False,ISIC_0058314,train,SYN_RURAL_like,RURAL_like,very_low,0cf43bd4fc52b08b,data/raw/isic2019/ISIC_2019_Training_Input/ISIC_0058314.jpg
PHASH_000008,22,True,4,False,ISIC_0058867,train,SYN_RURAL_like,RURAL_like,moderate,2ef4be50f44270ab,data/raw/isic2019/ISIC_2019_Training_Input/ISIC_0058867.jpg
PHASH_000008,22,True,4,False,ISIC_0058898,train,SYN_BCN_like,BCN_like,moderate,2cf4b6d0fc4238ab,data/raw/isic2019/ISIC_2019_Training_Input/ISIC_0058898.jpg
PHASH_000008,22,True,4,False,ISIC_0061512,train,SYN_RURAL_like,RURAL_like,moderate,0ef4aed0fc4234ab,data/raw/isic2019/ISIC_2019_Training_Input/ISIC_0061512.jpg
PHASH_000008,22,True,4,False,ISIC_0061883,val,SYN_RURAL_like,RURAL_like,moderate,2cf4bed0f44270ab,data/raw/isic2019/ISIC_2019_Training_Input/ISIC_0061883.jpg
PHASH_000008,22,True,4,False,ISIC_0062685,train,SYN_RURAL_like,RURAL_like,moderate,2ef4bcd0f44258ab,data/raw/isic2019/ISIC_2019_Training_Input/ISIC_0062685.jpg
PHASH_000008,22,True,4,False,ISIC_0062964,train,SYN_RURAL_like,RURAL_like,low,3cf47ed0bc4250ab,data/raw/isic2019/ISIC_2019_Training_Input/ISIC_0062964.jpg
PHASH_000008,22,True,4,False,ISIC_0063673,train,SYN_RURAL_like,RURAL_like,moderate,06f4bed0f4425cab,data/raw/isic2019/ISIC_2019_Training_Input/ISIC_0063673.jpg
PHASH_000008,22,True,4,False,ISIC_0063754,train,SYN_RURAL_like,RURAL_like,moderate,4ef43ed0bc4234ab,data/raw/isic2019/ISIC_2019_Training_Input/ISIC_0063754.jpg
PHASH_000008,22,True,4,False,ISIC_0065009,train,SYN_BCN_like,BCN_like,very_low,0ef43fd0ec4234ab,data/raw/isic2019/ISIC_2019_Training_Input/ISIC_0065009.jpg
PHASH_000008,22,True,4,False,ISIC_0065885,train,SYN_HAM_like,HAM_like,moderate,2cf4bed0fc4250ab,data/raw/isic2019/ISIC_2019_Training_Input/ISIC_0065885.jpg
PHASH_000008,22,True,4,False,ISIC_0066090,train,SYN_HAM_like,HAM_like,moderate,aef4b650f44258ab,data/raw/isic2019/ISIC_2019_Training_Input/ISIC_0066090.jpg
PHASH_000008,22,True,4,False,ISIC_0067119,train,SYN_RURAL_like,RURAL_like,very_low,0cf43fd0fc4270ab,data/raw/isic2019/ISIC_2019_Training_Input/ISIC_0067119.jpg
PHASH_000008,22,True,4,False,ISIC_0072860,train,SYN_BCN_like,BCN_like,very_low,0ef43dd4ec4234ab,data/raw/isic2019/ISIC_2019_Training_Input/ISIC_0072860.jpg
PHASH_000009,17,True,4,False,ISIC_0053648,train,SYN_MSK_like,MSK_like,moderate,c30ee32c0ef4fc0b,data/raw/isic2019/ISIC_2019_Training_Input/ISIC_0053648.jpg
PHASH_000009,17,True,4,False,ISIC_0053666,train,SYN_RURAL_like,RURAL_like,moderate,e32cc32c26f4fc0b,data/raw/isic2019/ISIC_2019_Training_Input/ISIC_0053666.jpg
PHASH_000009,17,True,4,False,ISIC_0053799,train,SYN_RURAL_like,RURAL_like,moderate,d30c632c8ef4fc0b,data/raw/isic2019/ISIC_2019_Training_Input/ISIC_0053799.jpg
PHASH_000009,17,True,4,False,ISIC_0056177,train,SYN_RURAL_like,RURAL_like,moderate,f30ce32c06f4fc0b,data/raw/isic2019/ISIC_2019_Training_Input/ISIC_0056177.jpg
PHASH_000009,17,True,4,False,ISIC_0057240,train,SYN_RURAL_like,RURAL_like,very_low,f30ce12c07f4fc0b,data/raw/isic2019/ISIC_2019_Training_Input/ISIC_0057240.jpg
PHASH_000009,17,True,4,False,ISIC_0057352,train,SYN_HAM_like,HAM_like,moderate,f10e472c0ff47c0b,data/raw/isic2019/ISIC_2019_Training_Input/ISIC_0057352.jpg
PHASH_000009,17,True,4,False,ISIC_0061767,train,SYN_RURAL_like,RURAL_like,moderate,f30ccb2c0ef47c0b,data/raw/isic2019/ISIC_2019_Training_Input/ISIC_0061767.jpg
PHASH_000009,17,True,4,False,ISIC_0063033,train,SYN_RURAL_like,RURAL_like,moderate,f30ce72c86f47c03,data/raw/isic2019/ISIC_2019_Training_Input/ISIC_0063033.jpg
PHASH_000009,17,True,4,False,ISIC_0064705,train,SYN_RURAL_like,RURAL_like,very_low,e30ccb2c26f4fc0b,data/raw/isic2019/ISIC_2019_Training_Input/ISIC_0064705.jpg
PHASH_000009,17,True,4,False,ISIC_0065044,train,SYN_HAM_like,HAM_like,moderate,f10cc32c0ff67c0b,data/raw/isic2019/ISIC_2019_Training_Input/ISIC_0065044.jpg
PHASH_000009,17,True,4,False,ISIC_0065384,train,SYN_MSK_like,MSK_like,moderate,d30ce32c0ff4fc03,data/raw/isic2019/ISIC_2019_Training_Input/ISIC_0065384.jpg
PHASH_000009,17,True,4,False,ISIC_0065960,train,SYN_RURAL_like,RURAL_like,moderate,f10cc7ac86f47c0b,data/raw/isic2019/ISIC_2019_Training_Input/ISIC_0065960.jpg
PHASH_000009,17,True,4,False,ISIC_0067377,val,SYN_RURAL_like,RURAL_like,moderate,e90ccb2c36f4fc03,data/raw/isic2019/ISIC_2019_Training_Input/ISIC_0067377.jpg
PHASH_000009,17,True,4,False,ISIC_0069952,test,SYN_RURAL_like,RURAL_like,very_low,f10dc32c07f4fc0b,data/raw/isic2019/ISIC_2019_Training_Input/ISIC_0069952.jpg
PHASH_000009,17,True,4,False,ISIC_0072038,train,SYN_RURAL_like,RURAL_like,moderate,f32ce1ac07d47c0b,data/raw/isic2019/ISIC_2019_Training_Input/ISIC_0072038.jpg
PHASH_000009,17,True,4,False,ISIC_0072201,val,SYN_RURAL_like,RURAL_like,moderate,f90c432c87f4fc0b,data/raw/isic2019/ISIC_2019_Training_Input/ISIC_0072201.jpg
PHASH_000009,17,True,4,False,ISIC_0072352,train,SYN_RURAL_like,RURAL_like,moderate,f32ccb2c26f4dc03,data/raw/isic2019/ISIC_2019_Training_Input/ISIC_0072352.jpg
PHASH_000010,16,True,4,False,ISIC_0015960_downsampled,train,SYN_RURAL_like,RURAL_like,very_low,883363cc993367cd,data/raw/isic2019/ISIC_2019_Training_Input/ISIC_0015960_downsampled.jpg
PHASH_000010,16,True,4,False,ISIC_0024437,train,SYN_RURAL_like,RURAL_like,very_low,993364cc9b3166cd,data/raw/isic2019/ISIC_2019_Training_Input/ISIC_0024437.jpg
PHASH_000010,16,True,4,False,ISIC_0024524,train,SYN_BCN_like,BCN_like,very_low,3b3364cc913365cd,data/raw/isic2019/ISIC_2019_Training_Input/ISIC_0024524.jpg
PHASH_000010,16,True,4,False,ISIC_0024577,train,SYN_BCN_like,BCN_like,very_low,983366cc993366cd,data/raw/isic2019/ISIC_2019_Training_Input/ISIC_0024577.jpg
PHASH_000010,16,True,4,False,ISIC_0025141,train,SYN_RURAL_like,RURAL_like,very_low,313366cc993347cd,data/raw/isic2019/ISIC_2019_Training_Input/ISIC_0025141.jpg
PHASH_000010,16,True,4,False,ISIC_0025891,train,SYN_HAM_like,HAM_like,high,9b3344cc993365cd,data/raw/isic2019/ISIC_2019_Training_Input/ISIC_0025891.jpg
PHASH_000010,16,True,4,False,ISIC_0028042,train,SYN_MSK_like,MSK_like,very_low,983327cc99334ecd,data/raw/isic2019/ISIC_2019_Training_Input/ISIC_0028042.jpg
PHASH_000010,16,True,4,False,ISIC_0029749,val,SYN_MSK_like,MSK_like,very_low,993266cc9933e6c9,data/raw/isic2019/ISIC_2019_Training_Input/ISIC_0029749.jpg
PHASH_000010,16,True,4,False,ISIC_0029756,train,SYN_BCN_like,BCN_like,very_low,913366cc9b3345cd,data/raw/isic2019/ISIC_2019_Training_Input/ISIC_0029756.jpg
PHASH_000010,16,True,4,False,ISIC_0030796,val,SYN_MSK_like,MSK_like,very_low,9c3366cc993266cb,data/raw/isic2019/ISIC_2019_Training_Input/ISIC_0030796.jpg
PHASH_000010,16,True,4,False,ISIC_0032612,train,SYN_BCN_like,BCN_like,very_low,993366cc933166cd,data/raw/isic2019/ISIC_2019_Training_Input/ISIC_0032612.jpg
PHASH_000010,16,True,4,False,ISIC_0033846,val,SYN_RURAL_like,RURAL_like,very_low,993366cc993361cd,data/raw/isic2019/ISIC_2019_Training_Input/ISIC_0033846.jpg
PHASH_000010,16,True,4,False,ISIC_0059235,val,SYN_BCN_like,BCN_like,very_low,993366cc99332d4d,data/raw/isic2019/ISIC_2019_Training_Input/ISIC_0059235.jpg
PHASH_000010,16,True,4,False,ISIC_0064669,train,SYN_HAM_like,HAM_like,very_low,993266cc993366cd,data/raw/isic2019/ISIC_2019_Training_Input/ISIC_0064669.jpg
PHASH_000010,16,True,4,False,ISIC_0071909,train,SYN_RURAL_like,RURAL_like,very_low,913364cc993367cd,data/raw/isic2019/ISIC_2019_Training_Input/ISIC_0071909.jpg
PHASH_000010,16,True,4,False,ISIC_0072485,test,SYN_RURAL_like,RURAL_like,very_low,993366cc9932634f,data/raw/isic2019/ISIC_2019_Training_Input/ISIC_0072485.jpg
PHASH_000011,14,True,4,False,ISIC_0054722,train,SYN_RURAL_like,RURAL_like,moderate,0ebc2cf4bc50d4ab,data/raw/isic2019/ISIC_2019_Training_Input/ISIC_0054722.jpg
PHASH_000011,14,True,4,False,ISIC_0057010,train,SYN_BCN_like,BCN_like,moderate,0cbca4f4be5074ab,data/raw/isic2019/ISIC_2019_Training_Input/ISIC_0057010.jpg
PHASH_000011,14,True,4,False,ISIC_0058150,test,SYN_RURAL_like,RURAL_like,moderate,0ebc27f4ac50d4ab,data/raw/isic2019/ISIC_2019_Training_Input/ISIC_0058150.jpg
PHASH_000011,14,True,4,False,ISIC_0059146,train,SYN_RURAL_like,RURAL_like,moderate,2cbe2cf4bc50d22b,data/raw/isic2019/ISIC_2019_Training_Input/ISIC_0059146.jpg
PHASH_000011,14,True,4,False,ISIC_0059220,train,SYN_BCN_like,BCN_like,very_low,0cbc2ef4bc5074ab,data/raw/isic2019/ISIC_2019_Training_Input/ISIC_0059220.jpg
PHASH_000011,14,True,4,False,ISIC_0060755,train,SYN_RURAL_like,RURAL_like,moderate,2cb62cf4fc5092ab,data/raw/isic2019/ISIC_2019_Training_Input/ISIC_0060755.jpg
PHASH_000011,14,True,4,False,ISIC_0061274,test,SYN_BCN_like,BCN_like,very_low,0cbe2cf4bc50d62b,data/raw/isic2019/ISIC_2019_Training_Input/ISIC_0061274.jpg
PHASH_000011,14,True,4,True,ISIC_0066965,test,SYN_RURAL_like,RURAL_like,moderate,0cbc2ef4bc50d4ab,data/raw/isic2019/ISIC_2019_Training_Input/ISIC_0066965.jpg
PHASH_000011,14,True,4,False,ISIC_0067164,train,SYN_RURAL_like,RURAL_like,very_low,0ebc26fc9c5074ab,data/raw/isic2019/ISIC_2019_Training_Input/ISIC_0067164.jpg
PHASH_000011,14,True,4,False,ISIC_0067266,val,SYN_BCN_like,BCN_like,moderate,0fbc2cf4b450d4ab,data/raw/isic2019/ISIC_2019_Training_Input/ISIC_0067266.jpg
PHASH_000011,14,True,4,False,ISIC_0070096,train,SYN_RURAL_like,RURAL_like,moderate,06bc2ef4bc50d4ab,data/raw/isic2019/ISIC_2019_Training_Input/ISIC_0070096.jpg
PHASH_000011,14,True,4,True,ISIC_0070154,test,SYN_HAM_like,HAM_like,moderate,0cbc2ef4bc50d4ab,data/raw/isic2019/ISIC_2019_Training_Input/ISIC_0070154.jpg
PHASH_000011,14,True,4,False,ISIC_0072514,train,SYN_MSK_like,MSK_like,moderate,0cbc2cf4bc52d4ab,data/raw/isic2019/ISIC_2019_Training_Input/ISIC_0072514.jpg
PHASH_000011,14,True,4,False,ISIC_0073225,test,SYN_HAM_like,HAM_like,moderate,0ebc0cf4bc507cab,data/raw/isic2019/ISIC_2019_Training_Input/ISIC_0073225.jpg
PHASH_000012,14,True,4,False,ISIC_0056639,train,SYN_BCN_like,BCN_like,very_low,e386a716865e7ca1,data/raw/isic2019/ISIC_2019_Training_Input/ISIC_0056639.jpg
PHASH_000012,14,True,4,False,ISIC_0056950,val,SYN_RURAL_like,RURAL_like,moderate,e386a716167a7ca1,data/raw/isic2019/ISIC_2019_Training_Input/ISIC_0056950.jpg
PHASH_000012,14,True,4,False,ISIC_0058328,train,SYN_BCN_like,BCN_like,very_low,69a6a716865a7ea1,data/raw/isic2019/ISIC_2019_Training_Input/ISIC_0058328.jpg
PHASH_000012,14,True,4,False,ISIC_0058347,val,SYN_RURAL_like,RURAL_like,very_low,e386e716067adca1,data/raw/isic2019/ISIC_2019_Training_Input/ISIC_0058347.jpg
PHASH_000012,14,True,4,False,ISIC_0060495,train,SYN_RURAL_like,RURAL_like,high,e186a716167a7ea1,data/raw/isic2019/ISIC_2019_Training_Input/ISIC_0060495.jpg
PHASH_000012,14,True,4,False,ISIC_0061163,train,SYN_MSK_like,MSK_like,high,e186ad16877a5ea1,data/raw/isic2019/ISIC_2019_Training_Input/ISIC_0061163.jpg
PHASH_000012,14,True,4,False,ISIC_0066363,train,SYN_RURAL_like,RURAL_like,moderate,cb86a516967a7ca1,data/raw/isic2019/ISIC_2019_Training_Input/ISIC_0066363.jpg
PHASH_000012,14,True,4,False,ISIC_0067686,val,SYN_MSK_like,MSK_like,very_low,e986a516867a7ea1,data/raw/isic2019/ISIC_2019_Training_Input/ISIC_0067686.jpg
PHASH_000012,14,True,4,False,ISIC_0069356,train,SYN_BCN_like,BCN_like,very_low,69a6a516867e7ca1,data/raw/isic2019/ISIC_2019_Training_Input/ISIC_0069356.jpg
PHASH_000012,14,True,4,False,ISIC_0070525,train,SYN_RURAL_like,RURAL_like,moderate,e886a71616fa7ca1,data/raw/isic2019/ISIC_2019_Training_Input/ISIC_0070525.jpg
PHASH_000012,14,True,4,False,ISIC_0070558,train,SYN_BCN_like,BCN_like,very_low,e386a716067edca1,data/raw/isic2019/ISIC_2019_Training_Input/ISIC_0070558.jpg
PHASH_000012,14,True,4,False,ISIC_0070726,train,SYN_BCN_like,BCN_like,very_low,e1a6a716067e7ca1,data/raw/isic2019/ISIC_2019_Training_Input/ISIC_0070726.jpg
PHASH_000012,14,True,4,False,ISIC_0071410,train,SYN_RURAL_like,RURAL_like,very_low,6986a716967a7ca1,data/raw/isic2019/ISIC_2019_Training_Input/ISIC_0071410.jpg
PHASH_000012,14,True,4,False,ISIC_0071957,test,SYN_MSK_like,MSK_like,high,e986e716067adca1,data/raw/isic2019/ISIC_2019_Training_Input/ISIC_0071957.jpg
PHASH_000013,10,True,4,False,ISIC_0000001,test,SYN_BCN_like,BCN_like,very_low,d391cccc33338ccd,data/raw/isic2019/ISIC_2019_Training_Input/ISIC_0000001.jpg
PHASH_000013,10,True,4,False,ISIC_0024326,train,SYN_HAM_like,HAM_like,very_low,9391cc8c3333cdcd,data/raw/isic2019/ISIC_2019_Training_Input/ISIC_0024326.jpg
PHASH_000013,10,True,4,False,ISIC_0025201,train,SYN_RURAL_like,RURAL_like,very_low,b1918ccc3333cdcd,data/raw/isic2019/ISIC_2019_Training_Input/ISIC_0025201.jpg
PHASH_000013,10,True,4,False,ISIC_0027494,train,SYN_RURAL_like,RURAL_like,very_low,d1b1cccc33338ccd,data/raw/isic2019/ISIC_2019_Training_Input/ISIC_0027494.jpg
PHASH_000013,10,True,4,False,ISIC_0028047,val,SYN_BCN_like,BCN_like,very_low,91918ccc3333cfcd,data/raw/isic2019/ISIC_2019_Training_Input/ISIC_0028047.jpg
PHASH_000013,10,True,4,False,ISIC_0028743,train,SYN_MSK_like,MSK_like,very_low,c4918ccc3333cfcd,data/raw/isic2019/ISIC_2019_Training_Input/ISIC_0028743.jpg
PHASH_000013,10,True,4,False,ISIC_0030657,test,SYN_RURAL_like,RURAL_like,very_low,81b1cccc3333cdcd,data/raw/isic2019/ISIC_2019_Training_Input/ISIC_0030657.jpg
PHASH_000013,10,True,4,False,ISIC_0031435,train,SYN_RURAL_like,RURAL_like,very_low,3191ccc43333cdcf,data/raw/isic2019/ISIC_2019_Training_Input/ISIC_0031435.jpg
PHASH_000013,10,True,4,False,ISIC_0031574,train,SYN_RURAL_like,RURAL_like,very_low,9191cccc3333cecd,data/raw/isic2019/ISIC_2019_Training_Input/ISIC_0031574.jpg
PHASH_000013,10,True,4,False,ISIC_0032720,train,SYN_MSK_like,MSK_like,very_low,9113cccc3333cec7,data/raw/isic2019/ISIC_2019_Training_Input/ISIC_0032720.jpg
PHASH_000014,10,True,4,False,ISIC_0025012,train,SYN_MSK_like,MSK_like,very_low,8cb1678c8c33b3cd,data/raw/isic2019/ISIC_2019_Training_Input/ISIC_0025012.jpg
PHASH_000014,10,True,4,False,ISIC_0025724,test,SYN_RURAL_like,RURAL_like,high,9c3362cccc3327cd,data/raw/isic2019/ISIC_2019_Training_Input/ISIC_0025724.jpg
PHASH_000014,10,True,4,False,ISIC_0025920,train,SYN_RURAL_like,RURAL_like,very_low,8e7363cc8c33a38d,data/raw/isic2019/ISIC_2019_Training_Input/ISIC_0025920.jpg
PHASH_000014,10,True,4,False,ISIC_0026116,train,SYN_HAM_like,HAM_like,very_low,8cb363cc8c3363cd,data/raw/isic2019/ISIC_2019_Training_Input/ISIC_0026116.jpg
PHASH_000014,10,True,4,False,ISIC_0027313,train,SYN_MSK_like,MSK_like,very_low,1c3373cc8c3333cd,data/raw/isic2019/ISIC_2019_Training_Input/ISIC_0027313.jpg
PHASH_000014,10,True,4,False,ISIC_0029735,train,SYN_RURAL_like,RURAL_like,very_low,98b363cccc3323cd,data/raw/isic2019/ISIC_2019_Training_Input/ISIC_0029735.jpg
PHASH_000014,10,True,4,False,ISIC_0030556,test,SYN_RURAL_like,RURAL_like,very_low,8cb163cc8c3373cd,data/raw/isic2019/ISIC_2019_Training_Input/ISIC_0030556.jpg
PHASH_000014,10,True,4,False,ISIC_0034008,val,SYN_MSK_like,MSK_like,very_low,8c3371cc8c3373cd,data/raw/isic2019/ISIC_2019_Training_Input/ISIC_0034008.jpg
PHASH_000014,10,True,4,False,ISIC_0070544,train,SYN_RURAL_like,RURAL_like,very_low,8c3373cc8c33a3cd,data/raw/isic2019/ISIC_2019_Training_Input/ISIC_0070544.jpg
PHASH_000014,10,True,4,False,ISIC_0071437,test,SYN_MSK_like,MSK_like,very_low,8cb333ce8c3343cd,data/raw/isic2019/ISIC_2019_Training_Input/ISIC_0071437.jpg
PHASH_000015,10,True,4,False,ISIC_0053708,train,SYN_MSK_like,MSK_like,moderate,432c0fbcacf4d60b,data/raw/isic2019/ISIC_2019_Training_Input/ISIC_0053708.jpg
PHASH_000015,10,True,4,False,ISIC_0054090,train,SYN_BCN_like,BCN_like,high,4b2c0fbcacf0dc0b,data/raw/isic2019/ISIC_2019_Training_Input/ISIC_0054090.jpg
PHASH_000015,10,True,4,False,ISIC_0054428,train,SYN_MSK_like,MSK_like,very_low,c32c0fbcaed0dc0b,data/raw/isic2019/ISIC_2019_Training_Input/ISIC_0054428.jpg
PHASH_000015,10,True,4,False,ISIC_0059789,train,SYN_MSK_like,MSK_like,moderate,632c25bcacf4d60b,data/raw/isic2019/ISIC_2019_Training_Input/ISIC_0059789.jpg
PHASH_000015,10,True,4,False,ISIC_0060283,val,SYN_MSK_like,MSK_like,moderate,432c2fbcaed0dc0b,data/raw/isic2019/ISIC_2019_Training_Input/ISIC_0060283.jpg
PHASH_000015,10,True,4,False,ISIC_0062341,train,SYN_RURAL_like,RURAL_like,moderate,4b2c87bcacd0fc0b,data/raw/isic2019/ISIC_2019_Training_Input/ISIC_0062341.jpg
PHASH_000015,10,True,4,False,ISIC_0065565,train,SYN_HAM_like,HAM_like,moderate,432c4dbc2df4d60b,data/raw/isic2019/ISIC_2019_Training_Input/ISIC_0065565.jpg
PHASH_000015,10,True,4,False,ISIC_0067565,test,SYN_HAM_like,HAM_like,high,c32c0fbc3cf0dc0b,data/raw/isic2019/ISIC_2019_Training_Input/ISIC_0067565.jpg
PHASH_000015,10,True,4,False,ISIC_0068973,train,SYN_RURAL_like,RURAL_like,moderate,4f2c2dbc2ed0dc0b,data/raw/isic2019/ISIC_2019_Training_Input/ISIC_0068973.jpg
PHASH_000015,10,True,4,False,ISIC_0070598,train,SYN_MSK_like,MSK_like,very_low,432e0fbcae70dc0b,data/raw/isic2019/ISIC_2019_Training_Input/ISIC_0070598.jpg
PHASH_000016,10,True,4,False,ISIC_0053828,train,SYN_RURAL_like,RURAL_like,high,99c97326c9b4364b,data/raw/isic2019/ISIC_2019_Training_Input/ISIC_0053828.jpg
PHASH_000016,10,True,4,False,ISIC_0054019,train,SYN_RURAL_like,RURAL_like,low,9cc37326c99c3663,data/raw/isic2019/ISIC_2019_Training_Input/ISIC_0054019.jpg
PHASH_000016,10,True,4,False,ISIC_0054725,train,SYN_RURAL_like,RURAL_like,high,99c97326c99c3663,data/raw/isic2019/ISIC_2019_Training_Input/ISIC_0054725.jpg
PHASH_000016,10,True,4,False,ISIC_0055167,test,SYN_MSK_like,MSK_like,high,d9c96326c99c3663,data/raw/isic2019/ISIC_2019_Training_Input/ISIC_0055167.jpg
PHASH_000016,10,True,4,False,ISIC_0058624,val,SYN_BCN_like,BCN_like,very_low,99cb732cc9b43643,data/raw/isic2019/ISIC_2019_Training_Input/ISIC_0058624.jpg
PHASH_000016,10,True,4,False,ISIC_0062662,test,SYN_MSK_like,MSK_like,high,b9c3730ce9b4a643,data/raw/isic2019/ISIC_2019_Training_Input/ISIC_0062662.jpg
PHASH_000016,10,True,4,False,ISIC_0063525,train,SYN_BCN_like,BCN_like,very_low,bcc3f30cc9b4a643,data/raw/isic2019/ISIC_2019_Training_Input/ISIC_0063525.jpg
PHASH_000016,10,True,4,False,ISIC_0066482,test,SYN_MSK_like,MSK_like,high,b9c3730cc9b4b643,data/raw/isic2019/ISIC_2019_Training_Input/ISIC_0066482.jpg
PHASH_000016,10,True,4,False,ISIC_0067389,train,SYN_RURAL_like,RURAL_like,very_low,99c97326899c6e63,data/raw/isic2019/ISIC_2019_Training_Input/ISIC_0067389.jpg
PHASH_000016,10,True,4,False,ISIC_0068627,train,SYN_RURAL_like,RURAL_like,high,98c97326c9bc36c3,data/raw/isic2019/ISIC_2019_Training_Input/ISIC_0068627.jpg
PHASH_000017,9,True,4,False,ISIC_0054384,val,SYN_RURAL_like,RURAL_like,high,16fa5ef87aa0f801,data/raw/isic2019/ISIC_2019_Training_Input/ISIC_0054384.jpg
PHASH_000017,9,True,4,False,ISIC_0059811,train,SYN_RURAL_like,RURAL_like,moderate,5efa7ee8fa806801,data/raw/isic2019/ISIC_2019_Training_Input/ISIC_0059811.jpg
PHASH_000017,9,True,4,False,ISIC_0059994,train,SYN_RURAL_like,RURAL_like,moderate,5cfa5ee87aa8e801,data/raw/isic2019/ISIC_2019_Training_Input/ISIC_0059994.jpg
PHASH_000017,9,True,4,False,ISIC_0060330,train,SYN_HAM_like,HAM_like,very_low,56fafaeafa806801,data/raw/isic2019/ISIC_2019_Training_Input/ISIC_0060330.jpg
PHASH_000017,9,True,4,False,ISIC_0066718,val,SYN_RURAL_like,RURAL_like,very_low,5dfa7ee8f2826801,data/raw/isic2019/ISIC_2019_Training_Input/ISIC_0066718.jpg
PHASH_000017,9,True,4,False,ISIC_0067373,val,SYN_RURAL_like,RURAL_like,very_low,7dfa5ee85aa8a801,data/raw/isic2019/ISIC_2019_Training_Input/ISIC_0067373.jpg
PHASH_000017,9,True,4,False,ISIC_0068422,train,SYN_MSK_like,MSK_like,low,17fa5efa7aa0c801,data/raw/isic2019/ISIC_2019_Training_Input/ISIC_0068422.jpg
PHASH_000017,9,True,4,False,ISIC_0070706,train,SYN_RURAL_like,RURAL_like,moderate,5e7a5ee87aa0f801,data/raw/isic2019/ISIC_2019_Training_Input/ISIC_0070706.jpg
PHASH_000017,9,True,4,False,ISIC_0071976,val,SYN_MSK_like,MSK_like,high,5e7a5ee8fa807809,data/raw/isic2019/ISIC_2019_Training_Input/ISIC_0071976.jpg
PHASH_000018,8,True,4,False,ISIC_0015212_downsampled,train,SYN_MSK_like,MSK_like,very_low,c9993366cc993167,data/raw/isic2019/ISIC_2019_Training_Input/ISIC_0015212_downsampled.jpg
PHASH_000018,8,True,4,False,ISIC_0026203,test,SYN_MSK_like,MSK_like,high,cc993366cc9931a7,data/raw/isic2019/ISIC_2019_Training_Input/ISIC_0026203.jpg
PHASH_000018,8,True,4,False,ISIC_0026224,test,SYN_BCN_like,BCN_like,very_low,c49933664c99336f,data/raw/isic2019/ISIC_2019_Training_Input/ISIC_0026224.jpg
PHASH_000018,8,True,4,False,ISIC_0026373,train,SYN_BCN_like,BCN_like,very_low,c4993366cc999367,data/raw/isic2019/ISIC_2019_Training_Input/ISIC_0026373.jpg
PHASH_000018,8,True,4,False,ISIC_0031302,train,SYN_HAM_like,HAM_like,very_low,cc993366cc993363,data/raw/isic2019/ISIC_2019_Training_Input/ISIC_0031302.jpg
PHASH_000018,8,True,4,False,ISIC_0032728,train,SYN_RURAL_like,RURAL_like,very_low,cc993166cc993b63,data/raw/isic2019/ISIC_2019_Training_Input/ISIC_0032728.jpg
PHASH_000018,8,True,4,False,ISIC_0032786,train,SYN_HAM_like,HAM_like,very_low,ce993166cd990b63,data/raw/isic2019/ISIC_2019_Training_Input/ISIC_0032786.jpg
PHASH_000018,8,True,4,False,ISIC_0053992,train,SYN_RURAL_like,RURAL_like,very_low,cc993366cc1933c7,data/raw/isic2019/ISIC_2019_Training_Input/ISIC_0053992.jpg
PHASH_000019,8,True,4,False,ISIC_0054689,train,SYN_RURAL_like,RURAL_like,moderate,d90ce32c27f4dc0b,data/raw/isic2019/ISIC_2019_Training_Input/ISIC_0054689.jpg
PHASH_000019,8,True,4,False,ISIC_0055014,train,SYN_RURAL_like,RURAL_like,moderate,d32cc1be23f4dc03,data/raw/isic2019/ISIC_2019_Training_Input/ISIC_0055014.jpg
PHASH_000019,8,True,4,False,ISIC_0059106,test,SYN_RURAL_like,RURAL_like,moderate,d30cc72c27f4dc0b,data/raw/isic2019/ISIC_2019_Training_Input/ISIC_0059106.jpg
PHASH_000019,8,True,4,False,ISIC_0059753,train,SYN_MSK_like,MSK_like,very_low,d30cc3bc27f4dc03,data/raw/isic2019/ISIC_2019_Training_Input/ISIC_0059753.jpg
PHASH_000019,8,True,4,False,ISIC_0066997,train,SYN_RURAL_like,RURAL_like,moderate,492c43bc2ff4fc03,data/raw/isic2019/ISIC_2019_Training_Input/ISIC_0066997.jpg
PHASH_000019,8,True,4,False,ISIC_0068136,train,SYN_MSK_like,MSK_like,moderate,d90ec33c27f4dc03,data/raw/isic2019/ISIC_2019_Training_Input/ISIC_0068136.jpg
PHASH_000019,8,True,4,False,ISIC_0069512,train,SYN_HAM_like,HAM_like,very_low,d10c43bc2ff4fc03,data/raw/isic2019/ISIC_2019_Training_Input/ISIC_0069512.jpg
PHASH_000019,8,True,4,False,ISIC_0071593,train,SYN_HAM_like,HAM_like,very_low,f10c43bc0ff4fc03,data/raw/isic2019/ISIC_2019_Training_Input/ISIC_0071593.jpg
PHASH_000020,7,True,4,False,ISIC_0010251,test,SYN_RURAL_like,RURAL_like,high,26d9d92626d8db23,data/raw/isic2019/ISIC_2019_Training_Input/ISIC_0010251.jpg
PHASH_000020,7,True,4,False,ISIC_0024404,val,SYN_BCN_like,BCN_like,very_low,26c9d92626d9d927,data/raw/isic2019/ISIC_2019_Training_Input/ISIC_0024404.jpg
PHASH_000020,7,True,4,False,ISIC_0025287,train,SYN_BCN_like,BCN_like,very_low,268bd92626d9d965,data/raw/isic2019/ISIC_2019_Training_Input/ISIC_0025287.jpg
PHASH_000020,7,True,4,False,ISIC_0031813,train,SYN_BCN_like,BCN_like,very_low,26dad92626d9d923,data/raw/isic2019/ISIC_2019_Training_Input/ISIC_0031813.jpg
PHASH_000020,7,True,4,False,ISIC_0032183,val,SYN_HAM_like,HAM_like,very_low,26c9d92636d9d925,data/raw/isic2019/ISIC_2019_Training_Input/ISIC_0032183.jpg
PHASH_000020,7,True,4,False,ISIC_0061819,val,SYN_MSK_like,MSK_like,moderate,a699db2626d99827,data/raw/isic2019/ISIC_2019_Training_Input/ISIC_0061819.jpg
PHASH_000020,7,True,4,False,ISIC_0070491,train,SYN_HAM_like,HAM_like,moderate,269dd92626d9d827,data/raw/isic2019/ISIC_2019_Training_Input/ISIC_0070491.jpg
PHASH_000021,7,True,4,False,ISIC_0055334,train,SYN_RURAL_like,RURAL_like,moderate,a6fc91507642daab,data/raw/isic2019/ISIC_2019_Training_Input/ISIC_0055334.jpg
PHASH_000021,7,True,4,False,ISIC_0060833,train,SYN_RURAL_like,RURAL_like,low,a4f697505642daab,data/raw/isic2019/ISIC_2019_Training_Input/ISIC_0060833.jpg
PHASH_000021,7,True,4,False,ISIC_0062699,train,SYN_RURAL_like,RURAL_like,low,a4f697505642ceab,data/raw/isic2019/ISIC_2019_Training_Input/ISIC_0062699.jpg
PHASH_000021,7,True,4,False,ISIC_0063931,train,SYN_MSK_like,MSK_like,moderate,a4f497525642daab,data/raw/isic2019/ISIC_2019_Training_Input/ISIC_0063931.jpg
PHASH_000021,7,True,4,False,ISIC_0066247,test,SYN_MSK_like,MSK_like,very_low,a4f616d25642daab,data/raw/isic2019/ISIC_2019_Training_Input/ISIC_0066247.jpg
PHASH_000021,7,True,4,False,ISIC_0069317,val,SYN_BCN_like,BCN_like,very_low,a6fc91505642faab,data/raw/isic2019/ISIC_2019_Training_Input/ISIC_0069317.jpg
PHASH_000021,7,True,4,False,ISIC_0073155,train,SYN_RURAL_like,RURAL_like,moderate,b4f691505642faab,data/raw/isic2019/ISIC_2019_Training_Input/ISIC_0073155.jpg
PHASH_000022,6,True,4,False,ISIC_0055081,val,SYN_HAM_like,HAM_like,high,996972a6c91e16e9,data/raw/isic2019/ISIC_2019_Training_Input/ISIC_0055081.jpg
PHASH_000022,6,True,4,False,ISIC_0055910,val,SYN_BCN_like,BCN_like,very_low,9c697386cc1636e9,data/raw/isic2019/ISIC_2019_Training_Input/ISIC_0055910.jpg
PHASH_000022,6,True,4,False,ISIC_0057370,train,SYN_RURAL_like,RURAL_like,high,d8e17386cc1636e9,data/raw/isic2019/ISIC_2019_Training_Input/ISIC_0057370.jpg
PHASH_000022,6,True,4,False,ISIC_0066099,val,SYN_RURAL_like,RURAL_like,very_low,cce133a6cc1636e9,data/raw/isic2019/ISIC_2019_Training_Input/ISIC_0066099.jpg
PHASH_000022,6,True,4,False,ISIC_0072034,train,SYN_HAM_like,HAM_like,moderate,986973a6c91636e9,data/raw/isic2019/ISIC_2019_Training_Input/ISIC_0072034.jpg
PHASH_000022,6,True,4,False,ISIC_0072833,test,SYN_MSK_like,MSK_like,high,3069f3a6c91636e9,data/raw/isic2019/ISIC_2019_Training_Input/ISIC_0072833.jpg
PHASH_000023,6,True,4,False,ISIC_0059635,test,SYN_RURAL_like,RURAL_like,very_low,33c3f30ccdb434c3,data/raw/isic2019/ISIC_2019_Training_Input/ISIC_0059635.jpg
PHASH_000023,6,True,4,False,ISIC_0061448,train,SYN_RURAL_like,RURAL_like,high,73c3db0cc9b43643,data/raw/isic2019/ISIC_2019_Training_Input/ISIC_0061448.jpg
PHASH_000023,6,True,4,False,ISIC_0068419,train,SYN_RURAL_like,RURAL_like,moderate,33c3db0ccdb43643,data/raw/isic2019/ISIC_2019_Training_Input/ISIC_0068419.jpg
PHASH_000023,6,True,4,False,ISIC_0068559,train,SYN_RURAL_like,RURAL_like,moderate,33c3532ccdb436c3,data/raw/isic2019/ISIC_2019_Training_Input/ISIC_0068559.jpg
PHASH_000023,6,True,4,False,ISIC_0070102,val,SYN_RURAL_like,RURAL_like,moderate,32c3d92cedb43643,data/raw/isic2019/ISIC_2019_Training_Input/ISIC_0070102.jpg
PHASH_000023,6,True,4,False,ISIC_0071346,test,SYN_MSK_like,MSK_like,high,b343d90ccfb43643,data/raw/isic2019/ISIC_2019_Training_Input/ISIC_0071346.jpg
PHASH_000024,5,True,4,False,ISIC_0011132,train,SYN_MSK_like,MSK_like,high,cccc1c3233f3cc8d,data/raw/isic2019/ISIC_2019_Training_Input/ISIC_0011132.jpg
PHASH_000024,5,True,4,False,ISIC_0028768,val,SYN_MSK_like,MSK_like,very_low,85cccc333333cccd,data/raw/isic2019/ISIC_2019_Training_Input/ISIC_0028768.jpg
PHASH_000024,5,True,4,False,ISIC_0029834,train,SYN_RURAL_like,RURAL_like,very_low,31cccc333333cccd,data/raw/isic2019/ISIC_2019_Training_Input/ISIC_0029834.jpg
PHASH_000024,5,True,4,False,ISIC_0030513,train,SYN_BCN_like,BCN_like,very_low,cccccc313333cccd,data/raw/isic2019/ISIC_2019_Training_Input/ISIC_0030513.jpg
PHASH_000024,5,True,4,False,ISIC_0032811,val,SYN_RURAL_like,RURAL_like,very_low,cccc4c3233b3cccd,data/raw/isic2019/ISIC_2019_Training_Input/ISIC_0032811.jpg
PHASH_000025,5,True,4,False,ISIC_0012680_downsampled,test,SYN_HAM_like,HAM_like,very_low,3399cc663399c267,data/raw/isic2019/ISIC_2019_Training_Input/ISIC_0012680_downsampled.jpg
PHASH_000025,5,True,4,False,ISIC_0025370,train,SYN_BCN_like,BCN_like,very_low,3199cc663399c763,data/raw/isic2019/ISIC_2019_Training_Input/ISIC_0025370.jpg
PHASH_000025,5,True,4,False,ISIC_0027385,train,SYN_RURAL_like,RURAL_like,very_low,3199cc663399cc6b,data/raw/isic2019/ISIC_2019_Training_Input/ISIC_0027385.jpg
PHASH_000025,5,True,4,False,ISIC_0030123,test,SYN_RURAL_like,RURAL_like,low,7199cc66339ac16b,data/raw/isic2019/ISIC_2019_Training_Input/ISIC_0030123.jpg
PHASH_000025,5,True,4,False,ISIC_0031322,test,SYN_BCN_like,BCN_like,very_low,3199cc66339ac769,data/raw/isic2019/ISIC_2019_Training_Input/ISIC_0031322.jpg
PHASH_000026,5,True,4,False,ISIC_0053572,train,SYN_RURAL_like,RURAL_like,very_low,2eacbc2cd2f60b0b,data/raw/isic2019/ISIC_2019_Training_Input/ISIC_0053572.jpg
PHASH_000026,5,True,4,False,ISIC_0057786,test,SYN_MSK_like,MSK_like,very_low,2e2cbcacf0f60b0b,data/raw/isic2019/ISIC_2019_Training_Input/ISIC_0057786.jpg
PHASH_000026,5,True,4,False,ISIC_0062447,train,SYN_RURAL_like,RURAL_like,high,3c0eb6bcd2f42b03,data/raw/isic2019/ISIC_2019_Training_Input/ISIC_0062447.jpg
PHASH_000026,5,True,4,False,ISIC_0062953,test,SYN_MSK_like,MSK_like,moderate,2e0cb6bcd2f42b0b,data/raw/isic2019/ISIC_2019_Training_Input/ISIC_0062953.jpg
PHASH_000026,5,True,4,False,ISIC_0065768,test,SYN_MSK_like,MSK_like,very_low,2e2cb6acf2f40b0b,data/raw/isic2019/ISIC_2019_Training_Input/ISIC_0065768.jpg
PHASH_000027,5,True,4,False,ISIC_0053751,val,SYN_HAM_like,HAM_like,high,0dbc0ef4b6507c8b,data/raw/isic2019/ISIC_2019_Training_Input/ISIC_0053751.jpg
PHASH_000027,5,True,4,False,ISIC_0056451,train,SYN_RURAL_like,RURAL_like,very_low,0cb42ef4b6527c2b,data/raw/isic2019/ISIC_2019_Training_Input/ISIC_0056451.jpg
PHASH_000027,5,True,4,False,ISIC_0056613,test,SYN_RURAL_like,RURAL_like,moderate,0dbc0ef4b6507c2b,data/raw/isic2019/ISIC_2019_Training_Input/ISIC_0056613.jpg
PHASH_000027,5,True,4,False,ISIC_0064525,train,SYN_BCN_like,BCN_like,very_low,0cb42cd4f6527cab,data/raw/isic2019/ISIC_2019_Training_Input/ISIC_0064525.jpg
PHASH_000027,5,True,4,False,ISIC_0068177,train,SYN_MSK_like,MSK_like,moderate,07bc0ef49e507c8b,data/raw/isic2019/ISIC_2019_Training_Input/ISIC_0068177.jpg
PHASH_000028,5,True,4,False,ISIC_0054533,train,SYN_RURAL_like,RURAL_like,moderate,8cb626d49c5276ab,data/raw/isic2019/ISIC_2019_Training_Input/ISIC_0054533.jpg
PHASH_000028,5,True,4,False,ISIC_0056509,train,SYN_RURAL_like,RURAL_like,very_low,2cb436d49c5276ab,data/raw/isic2019/ISIC_2019_Training_Input/ISIC_0056509.jpg
PHASH_000028,5,True,4,False,ISIC_0065900,train,SYN_BCN_like,BCN_like,very_low,0cb626d49e527cab,data/raw/isic2019/ISIC_2019_Training_Input/ISIC_0065900.jpg
PHASH_000028,5,True,4,False,ISIC_0066292,test,SYN_RURAL_like,RURAL_like,moderate,8cb436d49c52f2ab,data/raw/isic2019/ISIC_2019_Training_Input/ISIC_0066292.jpg
PHASH_000028,5,True,4,False,ISIC_0068823,train,SYN_RURAL_like,RURAL_like,moderate,8cbe26d49e523ca9,data/raw/isic2019/ISIC_2019_Training_Input/ISIC_0068823.jpg
PHASH_000029,5,False,4,False,ISIC_0056372,train,SYN_MSK_like,MSK_like,moderate,33c9d92663bc1cc3,data/raw/isic2019/ISIC_2019_Training_Input/ISIC_0056372.jpg
PHASH_000029,5,False,4,False,ISIC_0058654,train,SYN_MSK_like,MSK_like,moderate,33699926e3bc1cc3,data/raw/isic2019/ISIC_2019_Training_Input/ISIC_0058654.jpg
PHASH_000029,5,False,4,False,ISIC_0061324,train,SYN_MSK_like,MSK_like,moderate,33c9d92663bc3643,data/raw/isic2019/ISIC_2019_Training_Input/ISIC_0061324.jpg
PHASH_000029,5,False,4,False,ISIC_0061464,train,SYN_RURAL_like,RURAL_like,moderate,93c9d92629bce643,data/raw/isic2019/ISIC_2019_Training_Input/ISIC_0061464.jpg
PHASH_000029,5,False,4,False,ISIC_0062095,train,SYN_RURAL_like,RURAL_like,high,13c9d92669bcb643,data/raw/isic2019/ISIC_2019_Training_Input/ISIC_0062095.jpg
PHASH_000030,5,True,4,False,ISIC_0061471,val,SYN_RURAL_like,RURAL_like,moderate,966959a6e3161ce9,data/raw/isic2019/ISIC_2019_Training_Input/ISIC_0061471.jpg
PHASH_000030,5,True,4,False,ISIC_0061979,val,SYN_RURAL_like,RURAL_like,moderate,92695986e31e3ce9,data/raw/isic2019/ISIC_2019_Training_Input/ISIC_0061979.jpg
PHASH_000030,5,True,4,False,ISIC_0063342,test,SYN_MSK_like,MSK_like,moderate,9e6959a4e3161ce9,data/raw/isic2019/ISIC_2019_Training_Input/ISIC_0063342.jpg
PHASH_000030,5,True,4,False,ISIC_0066456,train,SYN_BCN_like,BCN_like,very_low,9c6979a4c3163ce9,data/raw/isic2019/ISIC_2019_Training_Input/ISIC_0066456.jpg
PHASH_000030,5,True,4,False,ISIC_0072099,train,SYN_HAM_like,HAM_like,high,366959a6e31e0ce9,data/raw/isic2019/ISIC_2019_Training_Input/ISIC_0072099.jpg
PHASH_000031,4,False,4,False,ISIC_0007241_downsampled,train,SYN_RURAL_like,RURAL_like,very_low,3163cc8c3333cf8d,data/raw/isic2019/ISIC_2019_Training_Input/ISIC_0007241_downsampled.jpg
PHASH_000031,4,False,4,False,ISIC_0024993,train,SYN_RURAL_like,RURAL_like,very_low,3363cc8c3373478d,data/raw/isic2019/ISIC_2019_Training_Input/ISIC_0024993.jpg
PHASH_000031,4,False,4,False,ISIC_0025332,train,SYN_HAM_like,HAM_like,very_low,33738c8c7373458d,data/raw/isic2019/ISIC_2019_Training_Input/ISIC_0025332.jpg
PHASH_000031,4,False,4,False,ISIC_0028841,train,SYN_MSK_like,MSK_like,very_low,3123cc8c7373cd8d,data/raw/isic2019/ISIC_2019_Training_Input/ISIC_0028841.jpg
PHASH_000032,4,True,4,False,ISIC_0025475,val,SYN_BCN_like,BCN_like,very_low,c94e663699996467,data/raw/isic2019/ISIC_2019_Training_Input/ISIC_0025475.jpg
PHASH_000032,4,True,4,False,ISIC_0028356,train,SYN_BCN_like,BCN_like,very_low,d3c6662499996667,data/raw/isic2019/ISIC_2019_Training_Input/ISIC_0028356.jpg
PHASH_000032,4,True,4,False,ISIC_0033912,val,SYN_RURAL_like,RURAL_like,very_low,d946662699996667,data/raw/isic2019/ISIC_2019_Training_Input/ISIC_0033912.jpg
PHASH_000032,4,True,4,False,ISIC_0057859,train,SYN_BCN_like,BCN_like,very_low,99ce662699996665,data/raw/isic2019/ISIC_2019_Training_Input/ISIC_0057859.jpg
PHASH_000033,4,True,4,False,ISIC_0026175,val,SYN_BCN_like,BCN_like,very_low,cccc8c663333cccd,data/raw/isic2019/ISIC_2019_Training_Input/ISIC_0026175.jpg
PHASH_000033,4,True,4,False,ISIC_0028467,val,SYN_HAM_like,HAM_like,high,ccc89c6673338ccd,data/raw/isic2019/ISIC_2019_Training_Input/ISIC_0028467.jpg
PHASH_000033,4,True,4,False,ISIC_0032758,test,SYN_RURAL_like,RURAL_like,very_low,cc9e0ccc3333cccd,data/raw/isic2019/ISIC_2019_Training_Input/ISIC_0032758.jpg
PHASH_000033,4,True,4,False,ISIC_0032851,train,SYN_RURAL_like,RURAL_like,very_low,ccdc0c6c3333cccd,data/raw/isic2019/ISIC_2019_Training_Input/ISIC_0032851.jpg
PHASH_000034,4,True,4,False,ISIC_0054973,train,SYN_RURAL_like,RURAL_like,high,b82cf6bcd3d0230b,data/raw/isic2019/ISIC_2019_Training_Input/ISIC_0054973.jpg
PHASH_000034,4,True,4,False,ISIC_0066954,test,SYN_RURAL_like,RURAL_like,moderate,bc2cf6bcd9d02303,data/raw/isic2019/ISIC_2019_Training_Input/ISIC_0066954.jpg
PHASH_000034,4,True,4,False,ISIC_0067661,val,SYN_MSK_like,MSK_like,very_low,b02ef6bcd3d0290b,data/raw/isic2019/ISIC_2019_Training_Input/ISIC_0067661.jpg
PHASH_000034,4,True,4,False,ISIC_0071604,test,SYN_RURAL_like,RURAL_like,moderate,bc2cfcbcd1d0230b,data/raw/isic2019/ISIC_2019_Training_Input/ISIC_0071604.jpg
PHASH_000035,4,False,4,False,ISIC_0056671,train,SYN_RURAL_like,RURAL_like,moderate,247b26e1d3461bab,data/raw/isic2019/ISIC_2019_Training_Input/ISIC_0056671.jpg
PHASH_000035,4,False,4,False,ISIC_0059516,train,SYN_RURAL_like,RURAL_like,moderate,247b26e113ce1fa9,data/raw/isic2019/ISIC_2019_Training_Input/ISIC_0059516.jpg
PHASH_000035,4,False,4,False,ISIC_0060645,train,SYN_RURAL_like,RURAL_like,moderate,247b26e1534e1fa3,data/raw/isic2019/ISIC_2019_Training_Input/ISIC_0060645.jpg
PHASH_000035,4,False,4,False,ISIC_0069732,train,SYN_RURAL_like,RURAL_like,moderate,247b26e153ce1ba3,data/raw/isic2019/ISIC_2019_Training_Input/ISIC_0069732.jpg
PHASH_000036,4,True,4,False,ISIC_0057445,val,SYN_RURAL_like,RURAL_like,moderate,71a6e316865e6ca9,data/raw/isic2019/ISIC_2019_Training_Input/ISIC_0057445.jpg
PHASH_000036,4,True,4,False,ISIC_0057680,train,SYN_HAM_like,HAM_like,moderate,69a6e116a45e5ea9,data/raw/isic2019/ISIC_2019_Training_Input/ISIC_0057680.jpg
PHASH_000036,4,True,4,False,ISIC_0069663,train,SYN_RURAL_like,RURAL_like,low,69a6e316865e5ca9,data/raw/isic2019/ISIC_2019_Training_Input/ISIC_0069663.jpg
PHASH_000036,4,True,4,False,ISIC_0069956,test,SYN_RURAL_like,RURAL_like,moderate,69a6e196865e5ca9,data/raw/isic2019/ISIC_2019_Training_Input/ISIC_0069956.jpg
PHASH_000037,4,False,4,False,ISIC_0057675,train,SYN_RURAL_like,RURAL_like,high,f10cc32c2df4f60b,data/raw/isic2019/ISIC_2019_Training_Input/ISIC_0057675.jpg
PHASH_000037,4,False,4,False,ISIC_0062814,train,SYN_RURAL_like,RURAL_like,moderate,d30c4ba62df4d60b,data/raw/isic2019/ISIC_2019_Training_Input/ISIC_0062814.jpg
PHASH_000037,4,False,4,False,ISIC_0065758,train,SYN_RURAL_like,RURAL_like,moderate,f30c43262df4f60b,data/raw/isic2019/ISIC_2019_Training_Input/ISIC_0065758.jpg
PHASH_000037,4,False,4,False,ISIC_0067628,train,SYN_RURAL_like,RURAL_like,high,f10c43ac2df4f60b,data/raw/isic2019/ISIC_2019_Training_Input/ISIC_0067628.jpg
PHASH_000038,4,False,4,True,ISIC_0059207,val,SYN_BCN_like,BCN_like,very_low,c987481b784387bf,data/raw/isic2019/ISIC_2019_Training_Input/ISIC_0059207.jpg
PHASH_000038,4,False,4,False,ISIC_0061742,val,SYN_BCN_like,BCN_like,very_low,cb83481b784387bf,data/raw/isic2019/ISIC_2019_Training_Input/ISIC_0061742.jpg
PHASH_000038,4,False,4,True,ISIC_0069603,val,SYN_BCN_like,BCN_like,very_low,c987481b784387bf,data/raw/isic2019/ISIC_2019_Training_Input/ISIC_0069603.jpg
PHASH_000038,4,False,4,False,ISIC_0071460,val,SYN_BCN_like,BCN_like,very_low,c9c7481b784386bf,data/raw/isic2019/ISIC_2019_Training_Input/ISIC_0071460.jpg
PHASH_000039,4,True,4,False,ISIC_0059438,test,SYN_RURAL_like,RURAL_like,very_low,c9a6239c8c76f689,data/raw/isic2019/ISIC_2019_Training_Input/ISIC_0059438.jpg
PHASH_000039,4,True,4,False,ISIC_0060296,train,SYN_MSK_like,MSK_like,very_low,cf26299c8c72f689,data/raw/isic2019/ISIC_2019_Training_Input/ISIC_0060296.jpg
PHASH_000039,4,True,4,False,ISIC_0062129,train,SYN_RURAL_like,RURAL_like,moderate,49a6639e8c767689,data/raw/isic2019/ISIC_2019_Training_Input/ISIC_0062129.jpg
PHASH_000039,4,True,4,False,ISIC_0066854,test,SYN_BCN_like,BCN_like,high,cda6239c8c72f689,data/raw/isic2019/ISIC_2019_Training_Input/ISIC_0066854.jpg
PHASH_000040,4,False,4,True,ISIC_0060639,train,SYN_MSK_like,MSK_like,low,e66127e6439e9513,data/raw/isic2019/ISIC_2019_Training_Input/ISIC_0060639.jpg
PHASH_000040,4,False,4,True,ISIC_0069079,train,SYN_MSK_like,MSK_like,low,e66127e6439e9513,data/raw/isic2019/ISIC_2019_Training_Input/ISIC_0069079.jpg
PHASH_000040,4,False,4,False,ISIC_0070365,train,SYN_MSK_like,MSK_like,low,e6652fc6439e1513,data/raw/isic2019/ISIC_2019_Training_Input/ISIC_0070365.jpg
PHASH_000040,4,False,4,False,ISIC_0071090,train,SYN_MSK_like,MSK_like,low,e6e127e643969513,data/raw/isic2019/ISIC_2019_Training_Input/ISIC_0071090.jpg
PHASH_000041,4,True,4,False,ISIC_0062849,train,SYN_RURAL_like,RURAL_like,very_low,9c63738cc91636e9,data/raw/isic2019/ISIC_2019_Training_Input/ISIC_0062849.jpg
PHASH_000041,4,True,4,False,ISIC_0066337,train,SYN_RURAL_like,RURAL_like,moderate,9963738cc93636c9,data/raw/isic2019/ISIC_2019_Training_Input/ISIC_0066337.jpg
PHASH_000041,4,True,4,False,ISIC_0069767,train,SYN_RURAL_like,RURAL_like,very_low,9963730cc9b6364b,data/raw/isic2019/ISIC_2019_Training_Input/ISIC_0069767.jpg
PHASH_000041,4,True,4,False,ISIC_0071464,val,SYN_RURAL_like,RURAL_like,very_low,98637386cd3636c9,data/raw/isic2019/ISIC_2019_Training_Input/ISIC_0071464.jpg
PHASH_000042,4,True,4,False,ISIC_0067760,test,SYN_BCN_like,BCN_like,very_low,ce7273c8ec22f289,data/raw/isic2019/ISIC_2019_Training_Input/ISIC_0067760.jpg
PHASH_000042,4,True,4,False,ISIC_0068389,train,SYN_BCN_like,BCN_like,very_low,ce7273cacc22f289,data/raw/isic2019/ISIC_2019_Training_Input/ISIC_0068389.jpg
PHASH_000042,4,True,4,False,ISIC_0068516,train,SYN_BCN_like,BCN_like,very_low,cc7273cacc22f28b,data/raw/isic2019/ISIC_2019_Training_Input/ISIC_0068516.jpg
PHASH_000042,4,True,4,False,ISIC_0070299,train,SYN_RURAL_like,RURAL_like,very_low,de7273cac82ae289,data/raw/isic2019/ISIC_2019_Training_Input/ISIC_0070299.jpg
PHASH_000043,3,False,4,False,ISIC_0000263,train,SYN_MSK_like,MSK_like,very_low,33cc992cccf3330d,data/raw/isic2019/ISIC_2019_Training_Input/ISIC_0000263.jpg
PHASH_000043,3,False,4,False,ISIC_0026805,train,SYN_MSK_like,MSK_like,very_low,36cc9938ccf3330d,data/raw/isic2019/ISIC_2019_Training_Input/ISIC_0026805.jpg
PHASH_000043,3,False,4,False,ISIC_0065148,train,SYN_HAM_like,HAM_like,very_low,33c9912eccf3330d,data/raw/isic2019/ISIC_2019_Training_Input/ISIC_0065148.jpg
PHASH_000044,3,True,4,False,ISIC_0009914,train,SYN_MSK_like,MSK_like,very_low,63ccc74c98b3670d,data/raw/isic2019/ISIC_2019_Training_Input/ISIC_0009914.jpg
PHASH_000044,3,True,4,False,ISIC_0026013,val,SYN_MSK_like,MSK_like,very_low,738cc74c3cb3c30d,data/raw/isic2019/ISIC_2019_Training_Input/ISIC_0026013.jpg
PHASH_000044,3,True,4,False,ISIC_0033602,train,SYN_RURAL_like,RURAL_like,very_low,63ccc74c1cb3e30d,data/raw/isic2019/ISIC_2019_Training_Input/ISIC_0033602.jpg
PHASH_000045,3,False,4,False,ISIC_0013831_downsampled,train,SYN_MSK_like,MSK_like,high,9966339966199967,data/raw/isic2019/ISIC_2019_Training_Input/ISIC_0013831_downsampled.jpg
PHASH_000045,3,False,4,False,ISIC_0027148,train,SYN_MSK_like,MSK_like,very_low,896c3399e6199967,data/raw/isic2019/ISIC_2019_Training_Input/ISIC_0027148.jpg
PHASH_000045,3,False,4,False,ISIC_0029284,train,SYN_RURAL_like,RURAL_like,very_low,9966719966199b27,data/raw/isic2019/ISIC_2019_Training_Input/ISIC_0029284.jpg
PHASH_000046,3,False,4,False,ISIC_0024538,train,SYN_RURAL_like,RURAL_like,very_low,0f4b1507515b4afd,data/raw/isic2019/ISIC_2019_Training_Input/ISIC_0024538.jpg
PHASH_000046,3,False,4,False,ISIC_0025208,train,SYN_RURAL_like,RURAL_like,very_low,0e4b1557515b4add,data/raw/isic2019/ISIC_2019_Training_Input/ISIC_0025208.jpg
PHASH_000046,3,False,4,False,ISIC_0029499,train,SYN_RURAL_like,RURAL_like,very_low,0f4b954751594af5,data/raw/isic2019/ISIC_2019_Training_Input/ISIC_0029499.jpg
PHASH_000047,3,False,4,False,ISIC_0024587,train,SYN_MSK_like,MSK_like,very_low,c2db4ca32a85b47d,data/raw/isic2019/ISIC_2019_Training_Input/ISIC_0024587.jpg
PHASH_000047,3,False,4,True,ISIC_0027698,train,SYN_MSK_like,MSK_like,very_low,c25b4ca32b85b07f,data/raw/isic2019/ISIC_2019_Training_Input/ISIC_0027698.jpg
PHASH_000047,3,False,4,True,ISIC_0029666,train,SYN_MSK_like,MSK_like,very_low,c25b4ca32b85b07f,data/raw/isic2019/ISIC_2019_Training_Input/ISIC_0029666.jpg
PHASH_000048,3,True,4,False,ISIC_0024613,test,SYN_BCN_like,BCN_like,very_low,33cccc4c3333cccd,data/raw/isic2019/ISIC_2019_Training_Input/ISIC_0024613.jpg
PHASH_000048,3,True,4,False,ISIC_0026312,train,SYN_BCN_like,BCN_like,very_low,f38c4c4c3333cccd,data/raw/isic2019/ISIC_2019_Training_Input/ISIC_0026312.jpg
PHASH_000048,3,True,4,False,ISIC_0027276,val,SYN_RURAL_like,RURAL_like,very_low,b38ccc643333cccd,data/raw/isic2019/ISIC_2019_Training_Input/ISIC_0027276.jpg
PHASH_000049,3,False,4,False,ISIC_0024658,train,SYN_HAM_like,HAM_like,very_low,78869b196973b607,data/raw/isic2019/ISIC_2019_Training_Input/ISIC_0024658.jpg
PHASH_000049,3,False,4,False,ISIC_0026272,train,SYN_HAM_like,HAM_like,very_low,7886931969f3b607,data/raw/isic2019/ISIC_2019_Training_Input/ISIC_0026272.jpg
PHASH_000049,3,False,4,False,ISIC_0028957,train,SYN_HAM_like,HAM_like,very_low,78869b196973b625,data/raw/isic2019/ISIC_2019_Training_Input/ISIC_0028957.jpg
PHASH_000050,3,True,4,True,ISIC_0024753,train,SYN_BCN_like,BCN_like,very_low,89cd3366cc993365,data/raw/isic2019/ISIC_2019_Training_Input/ISIC_0024753.jpg
PHASH_000050,3,True,4,True,ISIC_0027519,train,SYN_BCN_like,BCN_like,very_low,89cd3366cc993365,data/raw/isic2019/ISIC_2019_Training_Input/ISIC_0027519.jpg
PHASH_000050,3,True,4,False,ISIC_0027873,test,SYN_BCN_like,BCN_like,very_low,99c87366cc993365,data/raw/isic2019/ISIC_2019_Training_Input/ISIC_0027873.jpg
PHASH_000051,3,False,4,False,ISIC_0024793,train,SYN_RURAL_like,RURAL_like,very_low,61993632c6d99967,data/raw/isic2019/ISIC_2019_Training_Input/ISIC_0024793.jpg
PHASH_000051,3,False,4,False,ISIC_0027122,train,SYN_RURAL_like,RURAL_like,very_low,49996632ce999967,data/raw/isic2019/ISIC_2019_Training_Input/ISIC_0027122.jpg
PHASH_000051,3,False,4,False,ISIC_0031340,train,SYN_RURAL_like,RURAL_like,very_low,61996632ce999967,data/raw/isic2019/ISIC_2019_Training_Input/ISIC_0031340.jpg
PHASH_000052,3,False,4,True,ISIC_0024928,test,SYN_MSK_like,MSK_like,very_low,3267f384495936a7,data/raw/isic2019/ISIC_2019_Training_Input/ISIC_0024928.jpg
PHASH_000052,3,False,4,True,ISIC_0027887,test,SYN_MSK_like,MSK_like,very_low,3267f384495936a7,data/raw/isic2019/ISIC_2019_Training_Input/ISIC_0027887.jpg
PHASH_000052,3,False,4,False,ISIC_0029450,test,SYN_MSK_like,MSK_like,very_low,3267b38c495936a7,data/raw/isic2019/ISIC_2019_Training_Input/ISIC_0029450.jpg
PHASH_000053,3,False,4,True,ISIC_0024938,val,SYN_RURAL_like,RURAL_like,very_low,8bcc3893c3697c87,data/raw/isic2019/ISIC_2019_Training_Input/ISIC_0024938.jpg
PHASH_000053,3,False,4,True,ISIC_0025231,val,SYN_RURAL_like,RURAL_like,very_low,8bcc3893c3697c87,data/raw/isic2019/ISIC_2019_Training_Input/ISIC_0025231.jpg
PHASH_000053,3,False,4,True,ISIC_0030065,val,SYN_RURAL_like,RURAL_like,very_low,8bcc3893c3697c87,data/raw/isic2019/ISIC_2019_Training_Input/ISIC_0030065.jpg
PHASH_000054,3,False,4,False,ISIC_0025683,train,SYN_BCN_like,BCN_like,very_low,64cc992666d9b327,data/raw/isic2019/ISIC_2019_Training_Input/ISIC_0025683.jpg
PHASH_000054,3,False,4,False,ISIC_0028621,train,SYN_BCN_like,BCN_like,very_low,64c9992666d9b327,data/raw/isic2019/ISIC_2019_Training_Input/ISIC_0028621.jpg
PHASH_000054,3,False,4,False,ISIC_0031857,train,SYN_BCN_like,BCN_like,very_low,6cc999266699b327,data/raw/isic2019/ISIC_2019_Training_Input/ISIC_0031857.jpg
PHASH_000055,3,True,4,False,ISIC_0026393,val,SYN_RURAL_like,RURAL_like,very_low,cc58738c8c73638f,data/raw/isic2019/ISIC_2019_Training_Input/ISIC_0026393.jpg
PHASH_000055,3,True,4,False,ISIC_0027665,train,SYN_RURAL_like,RURAL_like,very_low,4c3173cc8c73738d,data/raw/isic2019/ISIC_2019_Training_Input/ISIC_0027665.jpg
PHASH_000055,3,True,4,False,ISIC_0064239,test,SYN_RURAL_like,RURAL_like,very_low,cc3873cc8c73638d,data/raw/isic2019/ISIC_2019_Training_Input/ISIC_0064239.jpg
PHASH_000056,3,False,4,False,ISIC_0026455,test,SYN_RURAL_like,RURAL_like,very_low,6427470923151fff,data/raw/isic2019/ISIC_2019_Training_Input/ISIC_0026455.jpg
PHASH_000056,3,False,4,False,ISIC_0028265,test,SYN_RURAL_like,RURAL_like,very_low,6427470132155fff,data/raw/isic2019/ISIC_2019_Training_Input/ISIC_0028265.jpg
PHASH_000056,3,False,4,False,ISIC_0031839,test,SYN_RURAL_like,RURAL_like,very_low,6427470123155fff,data/raw/isic2019/ISIC_2019_Training_Input/ISIC_0031839.jpg
PHASH_000057,3,True,4,False,ISIC_0026771,test,SYN_HAM_like,HAM_like,very_low,3366d98c463333cd,data/raw/isic2019/ISIC_2019_Training_Input/ISIC_0026771.jpg
PHASH_000057,3,True,4,False,ISIC_0029904,train,SYN_MSK_like,MSK_like,very_low,33c6d98c4c3333cd,data/raw/isic2019/ISIC_2019_Training_Input/ISIC_0029904.jpg
PHASH_000057,3,True,4,False,ISIC_0032964,test,SYN_BCN_like,BCN_like,very_low,33c6d18c4c33b3cd,data/raw/isic2019/ISIC_2019_Training_Input/ISIC_0032964.jpg
PHASH_000058,3,True,4,False,ISIC_0027092,train,SYN_BCN_like,BCN_like,very_low,198373cc8c3373cd,data/raw/isic2019/ISIC_2019_Training_Input/ISIC_0027092.jpg
PHASH_000058,3,True,4,False,ISIC_0055591,test,SYN_BCN_like,BCN_like,very_low,39c3634c8c3373cd,data/raw/isic2019/ISIC_2019_Training_Input/ISIC_0055591.jpg
PHASH_000058,3,True,4,False,ISIC_0061343,train,SYN_MSK_like,MSK_like,very_low,31c3e34c8c3373cd,data/raw/isic2019/ISIC_2019_Training_Input/ISIC_0061343.jpg
PHASH_000059,3,True,4,False,ISIC_0027129,train,SYN_RURAL_like,RURAL_like,very_low,463199ce663399cd,data/raw/isic2019/ISIC_2019_Training_Input/ISIC_0027129.jpg
PHASH_000059,3,True,4,False,ISIC_0027583,train,SYN_RURAL_like,RURAL_like,very_low,6335994c663399cd,data/raw/isic2019/ISIC_2019_Training_Input/ISIC_0027583.jpg
PHASH_000059,3,True,4,False,ISIC_0029442,val,SYN_RURAL_like,RURAL_like,very_low,653199cc663399cd,data/raw/isic2019/ISIC_2019_Training_Input/ISIC_0029442.jpg
PHASH_000060,3,False,4,False,ISIC_0027208,val,SYN_BCN_like,BCN_like,very_low,c30c4c623cf3cb8f,data/raw/isic2019/ISIC_2019_Training_Input/ISIC_0027208.jpg
PHASH_000060,3,False,4,False,ISIC_0029504,val,SYN_BCN_like,BCN_like,very_low,c30c4c633cf3cb8d,data/raw/isic2019/ISIC_2019_Training_Input/ISIC_0029504.jpg
PHASH_000060,3,False,4,False,ISIC_0032368,val,SYN_BCN_like,BCN_like,very_low,c30c4a653cf3cb8d,data/raw/isic2019/ISIC_2019_Training_Input/ISIC_0032368.jpg
PHASH_000061,3,False,4,False,ISIC_0027423,train,SYN_BCN_like,BCN_like,very_low,1b3366669b914567,data/raw/isic2019/ISIC_2019_Training_Input/ISIC_0027423.jpg
PHASH_000061,3,False,4,True,ISIC_0028737,train,SYN_BCN_like,BCN_like,very_low,533b66669b914167,data/raw/isic2019/ISIC_2019_Training_Input/ISIC_0028737.jpg
PHASH_000061,3,False,4,True,ISIC_0030057,train,SYN_BCN_like,BCN_like,very_low,533b66669b914167,data/raw/isic2019/ISIC_2019_Training_Input/ISIC_0030057.jpg
PHASH_000062,3,False,4,True,ISIC_0027596,test,SYN_BCN_like,BCN_like,very_low,3199ce66b8999a65,data/raw/isic2019/ISIC_2019_Training_Input/ISIC_0027596.jpg
PHASH_000062,3,False,4,False,ISIC_0028960,test,SYN_BCN_like,BCN_like,very_low,3399ce6638999a65,data/raw/isic2019/ISIC_2019_Training_Input/ISIC_0028960.jpg
PHASH_000062,3,False,4,True,ISIC_0031541,test,SYN_BCN_like,BCN_like,very_low,3199ce66b8999a65,data/raw/isic2019/ISIC_2019_Training_Input/ISIC_0031541.jpg
PHASH_000063,3,True,4,False,ISIC_0027634,test,SYN_RURAL_like,RURAL_like,very_low,ccc6360cd93366cd,data/raw/isic2019/ISIC_2019_Training_Input/ISIC_0027634.jpg
PHASH_000063,3,True,4,False,ISIC_0033837,train,SYN_BCN_like,BCN_like,very_low,4ccc360cd97366cd,data/raw/isic2019/ISIC_2019_Training_Input/ISIC_0033837.jpg
PHASH_000063,3,True,4,False,ISIC_0057480,train,SYN_RURAL_like,RURAL_like,very_low,ccce264c993366cd,data/raw/isic2019/ISIC_2019_Training_Input/ISIC_0057480.jpg
PHASH_000064,3,False,4,False,ISIC_0027673,train,SYN_BCN_like,BCN_like,high,a613e271cce13b95,data/raw/isic2019/ISIC_2019_Training_Input/ISIC_0027673.jpg
PHASH_000064,3,False,4,False,ISIC_0028114,train,SYN_BCN_like,BCN_like,high,a613c271cc617b97,data/raw/isic2019/ISIC_2019_Training_Input/ISIC_0028114.jpg
PHASH_000064,3,False,4,False,ISIC_0032134,train,SYN_BCN_like,BCN_like,high,a613e251cce13b97,data/raw/isic2019/ISIC_2019_Training_Input/ISIC_0032134.jpg
PHASH_000065,3,False,4,False,ISIC_0027707,train,SYN_MSK_like,MSK_like,very_low,3869c959b3615397,data/raw/isic2019/ISIC_2019_Training_Input/ISIC_0027707.jpg
PHASH_000065,3,False,4,False,ISIC_0029640,train,SYN_MSK_like,MSK_like,very_low,3869c919b3635397,data/raw/isic2019/ISIC_2019_Training_Input/ISIC_0029640.jpg
PHASH_000065,3,False,4,False,ISIC_0029724,train,SYN_MSK_like,MSK_like,very_low,1c69c959b2617397,data/raw/isic2019/ISIC_2019_Training_Input/ISIC_0029724.jpg
PHASH_000066,3,False,4,False,ISIC_0027800,train,SYN_HAM_like,HAM_like,very_low,ae8466cc993366cd,data/raw/isic2019/ISIC_2019_Training_Input/ISIC_0027800.jpg
PHASH_000066,3,False,4,False,ISIC_0029188,train,SYN_HAM_like,HAM_like,very_low,ac8c66cc993366cd,data/raw/isic2019/ISIC_2019_Training_Input/ISIC_0029188.jpg
PHASH_000066,3,False,4,False,ISIC_0031290,train,SYN_HAM_like,HAM_like,very_low,bc8c66cc9933664d,data/raw/isic2019/ISIC_2019_Training_Input/ISIC_0031290.jpg
PHASH_000067,3,False,4,False,ISIC_0027853,train,SYN_BCN_like,BCN_like,very_low,0972f3369249a9b7,data/raw/isic2019/ISIC_2019_Training_Input/ISIC_0027853.jpg
PHASH_000067,3,False,4,False,ISIC_0028545,train,SYN_BCN_like,BCN_like,very_low,0972f1b69249a9b7,data/raw/isic2019/ISIC_2019_Training_Input/ISIC_0028545.jpg
PHASH_000067,3,False,4,False,ISIC_0032492,train,SYN_BCN_like,BCN_like,very_low,097273b69249a9b7,data/raw/isic2019/ISIC_2019_Training_Input/ISIC_0032492.jpg
PHASH_000068,3,False,4,False,ISIC_0028362,train,SYN_RURAL_like,RURAL_like,very_low,105abe6149857af7,data/raw/isic2019/ISIC_2019_Training_Input/ISIC_0028362.jpg
PHASH_000068,3,False,4,False,ISIC_0029215,train,SYN_RURAL_like,RURAL_like,very_low,145aba6109857bf7,data/raw/isic2019/ISIC_2019_Training_Input/ISIC_0029215.jpg
PHASH_000068,3,False,4,False,ISIC_0030179,train,SYN_RURAL_like,RURAL_like,very_low,105abf6149857a77,data/raw/isic2019/ISIC_2019_Training_Input/ISIC_0030179.jpg
PHASH_000069,3,False,4,False,ISIC_0029708,train,SYN_BCN_like,BCN_like,very_low,3c8ce31c1ce3e31b,data/raw/isic2019/ISIC_2019_Training_Input/ISIC_0029708.jpg
PHASH_000069,3,False,4,False,ISIC_0030257,train,SYN_RURAL_like,RURAL_like,very_low,3c9ce3181ce3e31d,data/raw/isic2019/ISIC_2019_Training_Input/ISIC_0030257.jpg
PHASH_000069,3,False,4,False,ISIC_0032059,train,SYN_RURAL_like,RURAL_like,very_low,7c0ce31c1ce3e31d,data/raw/isic2019/ISIC_2019_Training_Input/ISIC_0032059.jpg
PHASH_000070,3,False,4,False,ISIC_0030652,train,SYN_BCN_like,BCN_like,very_low,a56e8e294ca1a3d7,data/raw/isic2019/ISIC_2019_Training_Input/ISIC_0030652.jpg
PHASH_000070,3,False,4,False,ISIC_0030852,train,SYN_BCN_like,BCN_like,very_low,a54e8e295ca1a3d7,data/raw/isic2019/ISIC_2019_Training_Input/ISIC_0030852.jpg
PHASH_000070,3,False,4,False,ISIC_0031204,train,SYN_BCN_like,BCN_like,very_low,a46e8e294cb1b3c7,data/raw/isic2019/ISIC_2019_Training_Input/ISIC_0031204.jpg
PHASH_000071,3,False,4,False,ISIC_0030654,train,SYN_RURAL_like,RURAL_like,very_low,79cce41296796987,data/raw/isic2019/ISIC_2019_Training_Input/ISIC_0030654.jpg
PHASH_000071,3,False,4,False,ISIC_0031621,train,SYN_RURAL_like,RURAL_like,very_low,69cce43296796987,data/raw/isic2019/ISIC_2019_Training_Input/ISIC_0031621.jpg
PHASH_000071,3,False,4,False,ISIC_0031822,train,SYN_RURAL_like,RURAL_like,very_low,794ce43296796987,data/raw/isic2019/ISIC_2019_Training_Input/ISIC_0031822.jpg
PHASH_000072,3,False,4,True,ISIC_0053492,val,SYN_MSK_like,MSK_like,high,931853f12d0bc6b7,data/raw/isic2019/ISIC_2019_Training_Input/ISIC_0053492.jpg
PHASH_000072,3,False,4,False,ISIC_0058418,val,SYN_MSK_like,MSK_like,high,911c53f12d0bc6b7,data/raw/isic2019/ISIC_2019_Training_Input/ISIC_0058418.jpg
PHASH_000072,3,False,4,True,ISIC_0064875,val,SYN_MSK_like,MSK_like,high,931853f12d0bc6b7,data/raw/isic2019/ISIC_2019_Training_Input/ISIC_0064875.jpg
PHASH_000073,3,True,4,False,ISIC_0053506,train,SYN_RURAL_like,RURAL_like,moderate,b62cd8bc71f40b0b,data/raw/isic2019/ISIC_2019_Training_Input/ISIC_0053506.jpg
PHASH_000073,3,True,4,False,ISIC_0063035,test,SYN_RURAL_like,RURAL_like,very_low,362cdcbc53f0a90b,data/raw/isic2019/ISIC_2019_Training_Input/ISIC_0063035.jpg
PHASH_000073,3,True,4,False,ISIC_0069877,train,SYN_RURAL_like,RURAL_like,low,362cdcbc71f08b0b,data/raw/isic2019/ISIC_2019_Training_Input/ISIC_0069877.jpg
PHASH_000074,3,True,4,False,ISIC_0053928,val,SYN_HAM_like,HAM_like,moderate,197966e699966469,data/raw/isic2019/ISIC_2019_Training_Input/ISIC_0053928.jpg
PHASH_000074,3,True,4,False,ISIC_0055853,val,SYN_MSK_like,MSK_like,very_low,996966a699966669,data/raw/isic2019/ISIC_2019_Training_Input/ISIC_0055853.jpg
PHASH_000074,3,True,4,False,ISIC_0068961,train,SYN_MSK_like,MSK_like,high,396966a6991666e9,data/raw/isic2019/ISIC_2019_Training_Input/ISIC_0068961.jpg
PHASH_000075,3,False,4,False,ISIC_0053936,train,SYN_BCN_like,BCN_like,very_low,b6d4fe507442d2a9,data/raw/isic2019/ISIC_2019_Training_Input/ISIC_0053936.jpg
PHASH_000075,3,False,4,False,ISIC_0066587,train,SYN_RURAL_like,RURAL_like,low,36d4f9507642d8ab,data/raw/isic2019/ISIC_2019_Training_Input/ISIC_0066587.jpg
PHASH_000075,3,False,4,False,ISIC_0067217,train,SYN_BCN_like,BCN_like,very_low,b6d4fc507642d8a9,data/raw/isic2019/ISIC_2019_Training_Input/ISIC_0067217.jpg
PHASH_000076,3,False,4,False,ISIC_0054025,train,SYN_RURAL_like,RURAL_like,high,3bdce670ccc23929,data/raw/isic2019/ISIC_2019_Training_Input/ISIC_0054025.jpg
PHASH_000076,3,False,4,False,ISIC_0057716,train,SYN_RURAL_like,RURAL_like,high,39dce772ccc23909,data/raw/isic2019/ISIC_2019_Training_Input/ISIC_0057716.jpg
PHASH_000076,3,False,4,False,ISIC_0070593,train,SYN_RURAL_like,RURAL_like,high,39dce770ccc2b129,data/raw/isic2019/ISIC_2019_Training_Input/ISIC_0070593.jpg
PHASH_000077,3,False,4,False,ISIC_0054257,train,SYN_RURAL_like,RURAL_like,low,cde2f4a05303d6ab,data/raw/isic2019/ISIC_2019_Training_Input/ISIC_0054257.jpg
PHASH_000077,3,False,4,False,ISIC_0063740,train,SYN_RURAL_like,RURAL_like,low,cfc2f0a05303deab,data/raw/isic2019/ISIC_2019_Training_Input/ISIC_0063740.jpg
PHASH_000077,3,False,4,False,ISIC_0065951,train,SYN_RURAL_like,RURAL_like,low,cdc272a05383deab,data/raw/isic2019/ISIC_2019_Training_Input/ISIC_0065951.jpg
PHASH_000078,3,True,4,False,ISIC_0054523,val,SYN_BCN_like,BCN_like,high,2b50ab42af2a3dab,data/raw/isic2019/ISIC_2019_Training_Input/ISIC_0054523.jpg
PHASH_000078,3,True,4,False,ISIC_0054559,train,SYN_RURAL_like,RURAL_like,very_low,2b50a3c6af2a2dab,data/raw/isic2019/ISIC_2019_Training_Input/ISIC_0054559.jpg
PHASH_000078,3,True,4,False,ISIC_0055396,train,SYN_RURAL_like,RURAL_like,moderate,2b502f42a72abdab,data/raw/isic2019/ISIC_2019_Training_Input/ISIC_0055396.jpg
PHASH_000079,3,False,4,False,ISIC_0054527,train,SYN_RURAL_like,RURAL_like,high,9a63698ccd3636c9,data/raw/isic2019/ISIC_2019_Training_Input/ISIC_0054527.jpg
PHASH_000079,3,False,4,False,ISIC_0065875,train,SYN_RURAL_like,RURAL_like,moderate,936371cccd3616c9,data/raw/isic2019/ISIC_2019_Training_Input/ISIC_0065875.jpg
PHASH_000079,3,False,4,False,ISIC_0073066,train,SYN_RURAL_like,RURAL_like,moderate,9663718ccd3636c9,data/raw/isic2019/ISIC_2019_Training_Input/ISIC_0073066.jpg
PHASH_000080,3,True,4,False,ISIC_0054978,test,SYN_MSK_like,MSK_like,very_low,9cc9d926331eccc9,data/raw/isic2019/ISIC_2019_Training_Input/ISIC_0054978.jpg
PHASH_000080,3,True,4,False,ISIC_0058565,test,SYN_MSK_like,MSK_like,very_low,9cd9c926331eccc9,data/raw/isic2019/ISIC_2019_Training_Input/ISIC_0058565.jpg
PHASH_000080,3,True,4,False,ISIC_0064883,val,SYN_RURAL_like,RURAL_like,low,8cc9f9263336ccc9,data/raw/isic2019/ISIC_2019_Training_Input/ISIC_0064883.jpg
PHASH_000081,3,True,4,False,ISIC_0055097,val,SYN_MSK_like,MSK_like,low,db496ca6a6165969,data/raw/isic2019/ISIC_2019_Training_Input/ISIC_0055097.jpg
PHASH_000081,3,True,4,False,ISIC_0058942,val,SYN_MSK_like,MSK_like,low,db496ca686967949,data/raw/isic2019/ISIC_2019_Training_Input/ISIC_0058942.jpg
PHASH_000081,3,True,4,False,ISIC_0073022,train,SYN_MSK_like,MSK_like,high,db496ca6b61649c9,data/raw/isic2019/ISIC_2019_Training_Input/ISIC_0073022.jpg
PHASH_000082,3,True,4,False,ISIC_0055109,train,SYN_RURAL_like,RURAL_like,moderate,66a69996665e89a9,data/raw/isic2019/ISIC_2019_Training_Input/ISIC_0055109.jpg
PHASH_000082,3,True,4,False,ISIC_0061766,test,SYN_RURAL_like,RURAL_like,very_low,66a69916665ed9a1,data/raw/isic2019/ISIC_2019_Training_Input/ISIC_0061766.jpg
PHASH_000082,3,True,4,False,ISIC_0065917,train,SYN_RURAL_like,RURAL_like,very_low,66a69b16665e89a9,data/raw/isic2019/ISIC_2019_Training_Input/ISIC_0065917.jpg
PHASH_000083,3,True,4,False,ISIC_0055314,test,SYN_HAM_like,HAM_like,high,dbc3730c89b63649,data/raw/isic2019/ISIC_2019_Training_Input/ISIC_0055314.jpg
PHASH_000083,3,True,4,False,ISIC_0072205,train,SYN_RURAL_like,RURAL_like,moderate,9be3592c89b63649,data/raw/isic2019/ISIC_2019_Training_Input/ISIC_0072205.jpg
PHASH_000083,3,True,4,False,ISIC_0072788,train,SYN_RURAL_like,RURAL_like,moderate,9bcb790c89b63649,data/raw/isic2019/ISIC_2019_Training_Input/ISIC_0072788.jpg
PHASH_000084,3,True,4,False,ISIC_0055328,test,SYN_MSK_like,MSK_like,high,19c3f30e83bcccc3,data/raw/isic2019/ISIC_2019_Training_Input/ISIC_0055328.jpg
PHASH_000084,3,True,4,False,ISIC_0057930,train,SYN_RURAL_like,RURAL_like,high,3cc3f30e83bccc43,data/raw/isic2019/ISIC_2019_Training_Input/ISIC_0057930.jpg
PHASH_000084,3,True,4,False,ISIC_0062043,test,SYN_RURAL_like,RURAL_like,moderate,36c3f30ec3bc8c43,data/raw/isic2019/ISIC_2019_Training_Input/ISIC_0062043.jpg
PHASH_000085,3,False,4,False,ISIC_0055816,test,SYN_HAM_like,HAM_like,low,32c9d92c6db4964b,data/raw/isic2019/ISIC_2019_Training_Input/ISIC_0055816.jpg
PHASH_000085,3,False,4,False,ISIC_0058338,test,SYN_RURAL_like,RURAL_like,very_low,32cbd92c65bc9643,data/raw/isic2019/ISIC_2019_Training_Input/ISIC_0058338.jpg
PHASH_000085,3,False,4,False,ISIC_0069678,test,SYN_RURAL_like,RURAL_like,very_low,34cbd90c65bc9e43,data/raw/isic2019/ISIC_2019_Training_Input/ISIC_0069678.jpg
PHASH_000086,3,False,4,False,ISIC_0055898,train,SYN_RURAL_like,RURAL_like,moderate,2ebc3cf4d650588b,data/raw/isic2019/ISIC_2019_Training_Input/ISIC_0055898.jpg
PHASH_000086,3,False,4,False,ISIC_0063167,train,SYN_RURAL_like,RURAL_like,moderate,2ebc2df4965058ab,data/raw/isic2019/ISIC_2019_Training_Input/ISIC_0063167.jpg
PHASH_000086,3,False,4,False,ISIC_0072639,train,SYN_BCN_like,BCN_like,very_low,2cbc2cf4b65258ab,data/raw/isic2019/ISIC_2019_Training_Input/ISIC_0072639.jpg
PHASH_000087,3,True,4,False,ISIC_0056150,test,SYN_RURAL_like,RURAL_like,high,a716865e1cfaf601,data/raw/isic2019/ISIC_2019_Training_Input/ISIC_0056150.jpg
PHASH_000087,3,True,4,False,ISIC_0072392,train,SYN_BCN_like,BCN_like,very_low,a616a65e1efaf201,data/raw/isic2019/ISIC_2019_Training_Input/ISIC_0072392.jpg
PHASH_000087,3,True,4,False,ISIC_0072519,test,SYN_RURAL_like,RURAL_like,high,af16a65e1cf8f201,data/raw/isic2019/ISIC_2019_Training_Input/ISIC_0072519.jpg
PHASH_000088,3,False,4,False,ISIC_0056293,train,SYN_RURAL_like,RURAL_like,moderate,2d59968469b9c3a7,data/raw/isic2019/ISIC_2019_Training_Input/ISIC_0056293.jpg
PHASH_000088,3,False,4,False,ISIC_0059210,train,SYN_RURAL_like,RURAL_like,moderate,295996e429b9c3a7,data/raw/isic2019/ISIC_2019_Training_Input/ISIC_0059210.jpg
PHASH_000088,3,False,4,False,ISIC_0072789,train,SYN_RURAL_like,RURAL_like,moderate,295396e429b9c3a7,data/raw/isic2019/ISIC_2019_Training_Input/ISIC_0072789.jpg
PHASH_000089,3,False,4,False,ISIC_0056711,train,SYN_RURAL_like,RURAL_like,low,33c9db26099ce663,data/raw/isic2019/ISIC_2019_Training_Input/ISIC_0056711.jpg
PHASH_000089,3,False,4,False,ISIC_0059785,train,SYN_BCN_like,BCN_like,high,b3c9cb26899c6663,data/raw/isic2019/ISIC_2019_Training_Input/ISIC_0059785.jpg
PHASH_000089,3,False,4,False,ISIC_0069807,train,SYN_RURAL_like,RURAL_like,moderate,33c9f326099ce663,data/raw/isic2019/ISIC_2019_Training_Input/ISIC_0069807.jpg
PHASH_000090,3,True,4,False,ISIC_0056786,test,SYN_RURAL_like,RURAL_like,low,6486b316e67ad9a1,data/raw/isic2019/ISIC_2019_Training_Input/ISIC_0056786.jpg
PHASH_000090,3,True,4,False,ISIC_0056940,train,SYN_RURAL_like,RURAL_like,high,ec86b316c67ad8a1,data/raw/isic2019/ISIC_2019_Training_Input/ISIC_0056940.jpg
PHASH_000090,3,True,4,False,ISIC_0059350,train,SYN_RURAL_like,RURAL_like,high,e686b316667ad8a1,data/raw/isic2019/ISIC_2019_Training_Input/ISIC_0059350.jpg
PHASH_000091,3,False,4,False,ISIC_0056923,test,SYN_RURAL_like,RURAL_like,very_low,0daf3cd2f00b03bd,data/raw/isic2019/ISIC_2019_Training_Input/ISIC_0056923.jpg
PHASH_000091,3,False,4,False,ISIC_0057701,test,SYN_RURAL_like,RURAL_like,very_low,0d2e7cd3f00b03bd,data/raw/isic2019/ISIC_2019_Training_Input/ISIC_0057701.jpg
PHASH_000091,3,False,4,False,ISIC_0068668,test,SYN_RURAL_like,RURAL_like,very_low,0dae7cd2f00b03bd,data/raw/isic2019/ISIC_2019_Training_Input/ISIC_0068668.jpg
PHASH_000092,3,False,4,False,ISIC_0057101,train,SYN_MSK_like,MSK_like,moderate,497389a6365959a7,data/raw/isic2019/ISIC_2019_Training_Input/ISIC_0057101.jpg
PHASH_000092,3,False,4,False,ISIC_0063192,train,SYN_MSK_like,MSK_like,moderate,49338da6361959e7,data/raw/isic2019/ISIC_2019_Training_Input/ISIC_0063192.jpg
PHASH_000092,3,False,4,False,ISIC_0070197,train,SYN_MSK_like,MSK_like,moderate,49738986365959e7,data/raw/isic2019/ISIC_2019_Training_Input/ISIC_0070197.jpg
PHASH_000093,3,False,4,False,ISIC_0057462,train,SYN_RURAL_like,RURAL_like,high,3c7af3c853a92c07,data/raw/isic2019/ISIC_2019_Training_Input/ISIC_0057462.jpg
PHASH_000093,3,False,4,False,ISIC_0063018,train,SYN_RURAL_like,RURAL_like,high,3cfaa3ca53a92c07,data/raw/isic2019/ISIC_2019_Training_Input/ISIC_0063018.jpg
PHASH_000093,3,False,4,False,ISIC_0065714,train,SYN_RURAL_like,RURAL_like,high,3cf2e3ca53a92c07,data/raw/isic2019/ISIC_2019_Training_Input/ISIC_0065714.jpg
PHASH_000094,3,False,4,False,ISIC_0057863,train,SYN_RURAL_like,RURAL_like,low,c4b93fe4c41313cd,data/raw/isic2019/ISIC_2019_Training_Input/ISIC_0057863.jpg
PHASH_000094,3,False,4,False,ISIC_0066646,train,SYN_RURAL_like,RURAL_like,low,c53b3fc4c43303cd,data/raw/isic2019/ISIC_2019_Training_Input/ISIC_0066646.jpg
PHASH_000094,3,False,4,False,ISIC_0070589,train,SYN_RURAL_like,RURAL_like,low,c4393fe4c43313cd,data/raw/isic2019/ISIC_2019_Training_Input/ISIC_0070589.jpg
PHASH_000095,3,False,4,False,ISIC_0057940,train,SYN_RURAL_like,RURAL_like,very_low,6e7b818312ab36d5,data/raw/isic2019/ISIC_2019_Training_Input/ISIC_0057940.jpg
PHASH_000095,3,False,4,False,ISIC_0058272,train,SYN_RURAL_like,RURAL_like,very_low,6e7b898312ab34d5,data/raw/isic2019/ISIC_2019_Training_Input/ISIC_0058272.jpg
PHASH_000095,3,False,4,False,ISIC_0063784,train,SYN_RURAL_like,RURAL_like,very_low,6a7ba183122b37d5,data/raw/isic2019/ISIC_2019_Training_Input/ISIC_0063784.jpg
PHASH_000096,3,False,4,False,ISIC_0058161,train,SYN_RURAL_like,RURAL_like,low,c4389bd89ca3f30d,data/raw/isic2019/ISIC_2019_Training_Input/ISIC_0058161.jpg
PHASH_000096,3,False,4,False,ISIC_0065878,train,SYN_RURAL_like,RURAL_like,low,e4609bd89ca3f30d,data/raw/isic2019/ISIC_2019_Training_Input/ISIC_0065878.jpg
PHASH_000096,3,False,4,False,ISIC_0066602,train,SYN_RURAL_like,RURAL_like,low,c4109bd89ca3f35d,data/raw/isic2019/ISIC_2019_Training_Input/ISIC_0066602.jpg
PHASH_000097,3,False,4,False,ISIC_0058194,train,SYN_RURAL_like,RURAL_like,low,e4ca992a6eaab923,data/raw/isic2019/ISIC_2019_Training_Input/ISIC_0058194.jpg
PHASH_000097,3,False,4,False,ISIC_0062753,train,SYN_RURAL_like,RURAL_like,low,e44a9b2a6eaab82b,data/raw/isic2019/ISIC_2019_Training_Input/ISIC_0062753.jpg
PHASH_000097,3,False,4,False,ISIC_0062768,train,SYN_RURAL_like,RURAL_like,low,d44a9b2a6eaab82b,data/raw/isic2019/ISIC_2019_Training_Input/ISIC_0062768.jpg
PHASH_000098,3,True,4,False,ISIC_0058278,test,SYN_BCN_like,BCN_like,moderate,0cfc36d49e5270ab,data/raw/isic2019/ISIC_2019_Training_Input/ISIC_0058278.jpg
PHASH_000098,3,True,4,False,ISIC_0062615,train,SYN_RURAL_like,RURAL_like,moderate,0cf43e54de5270ab,data/raw/isic2019/ISIC_2019_Training_Input/ISIC_0062615.jpg
PHASH_000098,3,True,4,False,ISIC_0069447,train,SYN_RURAL_like,RURAL_like,very_low,0cf43ed49e5074ab,data/raw/isic2019/ISIC_2019_Training_Input/ISIC_0069447.jpg
PHASH_000099,3,False,4,False,ISIC_0059535,train,SYN_RURAL_like,RURAL_like,low,5d7a7efa7aa04101,data/raw/isic2019/ISIC_2019_Training_Input/ISIC_0059535.jpg
PHASH_000099,3,False,4,False,ISIC_0066547,train,SYN_RURAL_like,RURAL_like,low,5e7a7ef87aa06101,data/raw/isic2019/ISIC_2019_Training_Input/ISIC_0066547.jpg
PHASH_000099,3,False,4,False,ISIC_0072058,train,SYN_RURAL_like,RURAL_like,low,5e7e7af87aa0a101,data/raw/isic2019/ISIC_2019_Training_Input/ISIC_0072058.jpg
PHASH_000100,3,False,4,False,ISIC_0059921,train,SYN_RURAL_like,RURAL_like,very_low,b3867c38a693196d,data/raw/isic2019/ISIC_2019_Training_Input/ISIC_0059921.jpg
PHASH_000100,3,False,4,False,ISIC_0063488,train,SYN_RURAL_like,RURAL_like,very_low,b3866c38a69319ed,data/raw/isic2019/ISIC_2019_Training_Input/ISIC_0063488.jpg
PHASH_000100,3,False,4,False,ISIC_0066000,train,SYN_RURAL_like,RURAL_like,very_low,b3867838e693196d,data/raw/isic2019/ISIC_2019_Training_Input/ISIC_0066000.jpg
PHASH_000101,3,False,4,False,ISIC_0059996,train,SYN_RURAL_like,RURAL_like,moderate,cb2ca53e16f0f80b,data/raw/isic2019/ISIC_2019_Training_Input/ISIC_0059996.jpg
PHASH_000101,3,False,4,False,ISIC_0061079,train,SYN_MSK_like,MSK_like,high,cb2ca5bc16f0ec0b,data/raw/isic2019/ISIC_2019_Training_Input/ISIC_0061079.jpg
PHASH_000101,3,False,4,False,ISIC_0071715,train,SYN_BCN_like,BCN_like,moderate,c32ca79c16f0fc0b,data/raw/isic2019/ISIC_2019_Training_Input/ISIC_0071715.jpg
PHASH_000102,3,False,4,False,ISIC_0060217,train,SYN_MSK_like,MSK_like,low,145e36fad6e87901,data/raw/isic2019/ISIC_2019_Training_Input/ISIC_0060217.jpg
PHASH_000102,3,False,4,False,ISIC_0060761,train,SYN_MSK_like,MSK_like,low,1c5e36fad6e87801,data/raw/isic2019/ISIC_2019_Training_Input/ISIC_0060761.jpg
PHASH_000102,3,False,4,False,ISIC_0061821,train,SYN_MSK_like,MSK_like,low,145e3efad6e8d801,data/raw/isic2019/ISIC_2019_Training_Input/ISIC_0061821.jpg
PHASH_000103,3,False,4,False,ISIC_0060551,train,SYN_RURAL_like,RURAL_like,moderate,f872f3c2660a9ca9,data/raw/isic2019/ISIC_2019_Training_Input/ISIC_0060551.jpg
PHASH_000103,3,False,4,False,ISIC_0064420,train,SYN_RURAL_like,RURAL_like,moderate,f870f3c2662a99a9,data/raw/isic2019/ISIC_2019_Training_Input/ISIC_0064420.jpg
PHASH_000103,3,False,4,False,ISIC_0065462,train,SYN_RURAL_like,RURAL_like,moderate,f87273c2660a9da9,data/raw/isic2019/ISIC_2019_Training_Input/ISIC_0065462.jpg
PHASH_000104,3,False,4,False,ISIC_0060732,train,SYN_MSK_like,MSK_like,very_low,93e3730cccb63649,data/raw/isic2019/ISIC_2019_Training_Input/ISIC_0060732.jpg
PHASH_000104,3,False,4,False,ISIC_0063294,train,SYN_MSK_like,MSK_like,very_low,93c3730c4db6364b,data/raw/isic2019/ISIC_2019_Training_Input/ISIC_0063294.jpg
PHASH_000104,3,False,4,False,ISIC_0066967,train,SYN_HAM_like,HAM_like,very_low,9bc3730ccc3636c9,data/raw/isic2019/ISIC_2019_Training_Input/ISIC_0066967.jpg
PHASH_000105,3,True,4,False,ISIC_0060781,train,SYN_RURAL_like,RURAL_like,very_low,72c9d926659c9663,data/raw/isic2019/ISIC_2019_Training_Input/ISIC_0060781.jpg
PHASH_000105,3,True,4,False,ISIC_0061651,val,SYN_BCN_like,BCN_like,very_low,32c9d9266d9e9661,data/raw/isic2019/ISIC_2019_Training_Input/ISIC_0061651.jpg
PHASH_000105,3,True,4,False,ISIC_0062458,train,SYN_RURAL_like,RURAL_like,high,33c9d9262c9e9669,data/raw/isic2019/ISIC_2019_Training_Input/ISIC_0062458.jpg
PHASH_000106,3,True,4,True,ISIC_0061410,test,SYN_BCN_like,BCN_like,moderate,dee8fba0ec80e981,data/raw/isic2019/ISIC_2019_Training_Input/ISIC_0061410.jpg
PHASH_000106,3,True,4,True,ISIC_0067061,test,SYN_BCN_like,BCN_like,moderate,dee8fba0ec80e981,data/raw/isic2019/ISIC_2019_Training_Input/ISIC_0067061.jpg
PHASH_000106,3,True,4,False,ISIC_0072219,train,SYN_RURAL_like,RURAL_like,moderate,fee8fba0e820e981,data/raw/isic2019/ISIC_2019_Training_Input/ISIC_0072219.jpg
PHASH_000107,3,False,4,False,ISIC_0061800,train,SYN_RURAL_like,RURAL_like,very_low,6cf4bb54e45290ab,data/raw/isic2019/ISIC_2019_Training_Input/ISIC_0061800.jpg
PHASH_000107,3,False,4,False,ISIC_0062360,train,SYN_RURAL_like,RURAL_like,very_low,6cb43bd4ec5290ab,data/raw/isic2019/ISIC_2019_Training_Input/ISIC_0062360.jpg
PHASH_000107,3,False,4,False,ISIC_0063445,train,SYN_MSK_like,MSK_like,high,6cb03bd4ec50f0ab,data/raw/isic2019/ISIC_2019_Training_Input/ISIC_0063445.jpg
PHASH_000108,3,False,4,False,ISIC_0062231,train,SYN_RURAL_like,RURAL_like,moderate,e3ea38b8c6a3390b,data/raw/isic2019/ISIC_2019_Training_Input/ISIC_0062231.jpg
PHASH_000108,3,False,4,False,ISIC_0069244,train,SYN_RURAL_like,RURAL_like,moderate,e7da38a8c6a3388b,data/raw/isic2019/ISIC_2019_Training_Input/ISIC_0069244.jpg
PHASH_000108,3,False,4,False,ISIC_0071295,train,SYN_RURAL_like,RURAL_like,moderate,e7ca3838c6a3398b,data/raw/isic2019/ISIC_2019_Training_Input/ISIC_0071295.jpg
PHASH_000109,3,True,4,False,ISIC_0062506,test,SYN_RURAL_like,RURAL_like,very_low,c92c06bc1fd0fc2b,data/raw/isic2019/ISIC_2019_Training_Input/ISIC_0062506.jpg
PHASH_000109,3,True,4,False,ISIC_0066544,train,SYN_RURAL_like,RURAL_like,moderate,c12c07bc2fd0fc2b,data/raw/isic2019/ISIC_2019_Training_Input/ISIC_0066544.jpg
PHASH_000109,3,True,4,False,ISIC_0068843,train,SYN_RURAL_like,RURAL_like,moderate,c92c07bcafd07c0b,data/raw/isic2019/ISIC_2019_Training_Input/ISIC_0068843.jpg
PHASH_000110,3,False,4,False,ISIC_0062682,train,SYN_HAM_like,HAM_like,moderate,a616865e16fafc21,data/raw/isic2019/ISIC_2019_Training_Input/ISIC_0062682.jpg
PHASH_000110,3,False,4,False,ISIC_0062823,train,SYN_RURAL_like,RURAL_like,low,ac16865e56fade01,data/raw/isic2019/ISIC_2019_Training_Input/ISIC_0062823.jpg
PHASH_000110,3,False,4,False,ISIC_0069623,train,SYN_RURAL_like,RURAL_like,low,a416875e16fafe01,data/raw/isic2019/ISIC_2019_Training_Input/ISIC_0069623.jpg
PHASH_000111,3,False,4,True,ISIC_0062931,train,SYN_MSK_like,MSK_like,very_low,33ba476c5cb2c30d,data/raw/isic2019/ISIC_2019_Training_Input/ISIC_0062931.jpg
PHASH_000111,3,False,4,False,ISIC_0063251,train,SYN_MSK_like,MSK_like,very_low,33ba474c7cb2c30d,data/raw/isic2019/ISIC_2019_Training_Input/ISIC_0063251.jpg
PHASH_000111,3,False,4,True,ISIC_0071911,train,SYN_MSK_like,MSK_like,very_low,33ba476c5cb2c30d,data/raw/isic2019/ISIC_2019_Training_Input/ISIC_0071911.jpg
PHASH_000112,3,False,4,False,ISIC_0063416,train,SYN_MSK_like,MSK_like,moderate,396886ce3933ccc7,data/raw/isic2019/ISIC_2019_Training_Input/ISIC_0063416.jpg
PHASH_000112,3,False,4,False,ISIC_0065589,train,SYN_MSK_like,MSK_like,moderate,396c86ce3933cc47,data/raw/isic2019/ISIC_2019_Training_Input/ISIC_0065589.jpg
PHASH_000112,3,False,4,False,ISIC_0072625,train,SYN_MSK_like,MSK_like,moderate,396c868e3333ccc7,data/raw/isic2019/ISIC_2019_Training_Input/ISIC_0072625.jpg
PHASH_000113,3,True,4,False,ISIC_0065302,test,SYN_BCN_like,BCN_like,low,660f992c66f4bc0b,data/raw/isic2019/ISIC_2019_Training_Input/ISIC_0065302.jpg
PHASH_000113,3,True,4,False,ISIC_0066713,train,SYN_BCN_like,BCN_like,very_low,660d992c66f49e4b,data/raw/isic2019/ISIC_2019_Training_Input/ISIC_0066713.jpg
PHASH_000113,3,True,4,False,ISIC_0072343,test,SYN_BCN_like,BCN_like,low,670d992c66f49d43,data/raw/isic2019/ISIC_2019_Training_Input/ISIC_0072343.jpg
PHASH_000114,3,False,4,False,ISIC_0066481,train,SYN_RURAL_like,RURAL_like,high,3e2cbc3cd2f4290b,data/raw/isic2019/ISIC_2019_Training_Input/ISIC_0066481.jpg
PHASH_000114,3,False,4,False,ISIC_0067376,train,SYN_HAM_like,HAM_like,moderate,3c2cbcbcd2f40b0b,data/raw/isic2019/ISIC_2019_Training_Input/ISIC_0067376.jpg
PHASH_000114,3,False,4,False,ISIC_0069057,train,SYN_RURAL_like,RURAL_like,low,3e2cbc3cd2f4a303,data/raw/isic2019/ISIC_2019_Training_Input/ISIC_0069057.jpg
PHASH_000115,3,False,4,False,ISIC_0066747,train,SYN_RURAL_like,RURAL_like,moderate,2ef6bc507c42c2ab,data/raw/isic2019/ISIC_2019_Training_Input/ISIC_0066747.jpg
PHASH_000115,3,False,4,False,ISIC_0069341,train,SYN_MSK_like,MSK_like,low,2ef69ed07c42c0ab,data/raw/isic2019/ISIC_2019_Training_Input/ISIC_0069341.jpg
PHASH_000115,3,False,4,False,ISIC_0070128,train,SYN_HAM_like,HAM_like,moderate,26f49ed07c42d8ab,data/raw/isic2019/ISIC_2019_Training_Input/ISIC_0070128.jpg
PHASH_000116,3,True,4,False,ISIC_0066754,test,SYN_RURAL_like,RURAL_like,very_low,b63cf0bc53f0290b,data/raw/isic2019/ISIC_2019_Training_Input/ISIC_0066754.jpg
PHASH_000116,3,True,4,False,ISIC_0067007,test,SYN_RURAL_like,RURAL_like,very_low,b62cf8bc63d0a90b,data/raw/isic2019/ISIC_2019_Training_Input/ISIC_0067007.jpg
PHASH_000116,3,True,4,False,ISIC_0068353,train,SYN_MSK_like,MSK_like,moderate,b62cf8bc53d02b0b,data/raw/isic2019/ISIC_2019_Training_Input/ISIC_0068353.jpg
PHASH_000117,2,True,4,False,ISIC_0000162,train,SYN_RURAL_like,RURAL_like,high,3390f3598dcb4c35,data/raw/isic2019/ISIC_2019_Training_Input/ISIC_0000162.jpg
PHASH_000117,2,True,4,False,ISIC_0014826_downsampled,test,SYN_RURAL_like,RURAL_like,high,3390f3598ccb4c37,data/raw/isic2019/ISIC_2019_Training_Input/ISIC_0014826_downsampled.jpg
PHASH_000118,2,True,4,False,ISIC_0000164,val,SYN_BCN_like,BCN_like,high,438806afe6f31b2d,data/raw/isic2019/ISIC_2019_Training_Input/ISIC_0000164.jpg
PHASH_000118,2,True,4,False,ISIC_0014795_downsampled,train,SYN_MSK_like,MSK_like,high,628006afe6f39b2d,data/raw/isic2019/ISIC_2019_Training_Input/ISIC_0014795_downsampled.jpg
PHASH_000119,2,False,4,False,ISIC_0000165,train,SYN_HAM_like,HAM_like,high,49ccb69299496677,data/raw/isic2019/ISIC_2019_Training_Input/ISIC_0000165.jpg
PHASH_000119,2,False,4,False,ISIC_0014788_downsampled,train,SYN_MSK_like,MSK_like,high,59ccb69299496667,data/raw/isic2019/ISIC_2019_Training_Input/ISIC_0014788_downsampled.jpg
PHASH_000120,2,True,4,False,ISIC_0000171,train,SYN_HAM_like,HAM_like,high,0f300ed978c3d33d,data/raw/isic2019/ISIC_2019_Training_Input/ISIC_0000171.jpg
PHASH_000120,2,True,4,False,ISIC_0015124_downsampled,test,SYN_HAM_like,HAM_like,high,0f300ed979c3c33d,data/raw/isic2019/ISIC_2019_Training_Input/ISIC_0015124_downsampled.jpg
PHASH_000121,2,False,4,False,ISIC_0000173,val,SYN_BCN_like,BCN_like,high,5b36e67212490db7,data/raw/isic2019/ISIC_2019_Training_Input/ISIC_0000173.jpg
PHASH_000121,2,False,4,False,ISIC_0015110_downsampled,val,SYN_BCN_like,BCN_like,high,5bb6e67212490d97,data/raw/isic2019/ISIC_2019_Training_Input/ISIC_0015110_downsampled.jpg
PHASH_000122,2,False,4,False,ISIC_0000174,train,SYN_MSK_like,MSK_like,high,bb23e69ccc691117,data/raw/isic2019/ISIC_2019_Training_Input/ISIC_0000174.jpg
PHASH_000122,2,False,4,False,ISIC_0015071_downsampled,train,SYN_MSK_like,MSK_like,high,bb63e69ccc691107,data/raw/isic2019/ISIC_2019_Training_Input/ISIC_0015071_downsampled.jpg
PHASH_000123,2,True,4,False,ISIC_0000179_downsampled,train,SYN_RURAL_like,RURAL_like,very_low,c439334e6d3992c7,data/raw/isic2019/ISIC_2019_Training_Input/ISIC_0000179_downsampled.jpg
PHASH_000123,2,True,4,False,ISIC_0014765_downsampled,test,SYN_HAM_like,HAM_like,very_low,c43933ce6d3930c7,data/raw/isic2019/ISIC_2019_Training_Input/ISIC_0014765_downsampled.jpg
PHASH_000124,2,True,4,False,ISIC_0000185_downsampled,test,SYN_MSK_like,MSK_like,very_low,cce30c9938d3e32d,data/raw/isic2019/ISIC_2019_Training_Input/ISIC_0000185_downsampled.jpg
PHASH_000124,2,True,4,False,ISIC_0015155_downsampled,train,SYN_MSK_like,MSK_like,very_low,cce30c3938d3e32d,data/raw/isic2019/ISIC_2019_Training_Input/ISIC_0015155_downsampled.jpg
PHASH_000125,2,True,4,False,ISIC_0000186_downsampled,val,SYN_HAM_like,HAM_like,very_low,6ccb8cc61b994c6d,data/raw/isic2019/ISIC_2019_Training_Input/ISIC_0000186_downsampled.jpg
PHASH_000125,2,True,4,False,ISIC_0014698_downsampled,train,SYN_MSK_like,MSK_like,very_low,6ccb8cc613b94c6d,data/raw/isic2019/ISIC_2019_Training_Input/ISIC_0014698_downsampled.jpg
PHASH_000126,2,False,4,False,ISIC_0000193_downsampled,train,SYN_BCN_like,BCN_like,very_low,310c36bccdc3332f,data/raw/isic2019/ISIC_2019_Training_Input/ISIC_0000193_downsampled.jpg
PHASH_000126,2,False,4,False,ISIC_0015436_downsampled,train,SYN_BCN_like,BCN_like,very_low,310c76bccdd3212f,data/raw/isic2019/ISIC_2019_Training_Input/ISIC_0015436_downsampled.jpg
PHASH_000127,2,False,4,False,ISIC_0000204_downsampled,train,SYN_HAM_like,HAM_like,very_low,12332cd3dacb893d,data/raw/isic2019/ISIC_2019_Training_Input/ISIC_0000204_downsampled.jpg
PHASH_000127,2,False,4,False,ISIC_0014748_downsampled,train,SYN_MSK_like,MSK_like,very_low,12330cd3dbcbc92d,data/raw/isic2019/ISIC_2019_Training_Input/ISIC_0014748_downsampled.jpg
PHASH_000128,2,False,4,False,ISIC_0000206_downsampled,train,SYN_MSK_like,MSK_like,very_low,994973a48cb393cd,data/raw/isic2019/ISIC_2019_Training_Input/ISIC_0000206_downsampled.jpg
PHASH_000128,2,False,4,False,ISIC_0014739_downsampled,train,SYN_HAM_like,HAM_like,very_low,994973ac8c9393cd,data/raw/isic2019/ISIC_2019_Training_Input/ISIC_0014739_downsampled.jpg
PHASH_000129,2,True,4,False,ISIC_0000222,val,SYN_BCN_like,BCN_like,very_low,b219b4f3c881ccb7,data/raw/isic2019/ISIC_2019_Training_Input/ISIC_0000222.jpg
PHASH_000129,2,True,4,False,ISIC_0014846_downsampled,train,SYN_BCN_like,BCN_like,very_low,b219b4e3c883ccb7,data/raw/isic2019/ISIC_2019_Training_Input/ISIC_0014846_downsampled.jpg
PHASH_000130,2,False,4,False,ISIC_0000223,test,SYN_RURAL_like,RURAL_like,very_low,271ab4f96a21c957,data/raw/isic2019/ISIC_2019_Training_Input/ISIC_0000223.jpg
PHASH_000130,2,False,4,False,ISIC_0014818_downsampled,test,SYN_RURAL_like,RURAL_like,very_low,271af4f82aa1c957,data/raw/isic2019/ISIC_2019_Training_Input/ISIC_0014818_downsampled.jpg
PHASH_000131,2,True,4,False,ISIC_0000225,test,SYN_RURAL_like,RURAL_like,very_low,38c3b38ccc3333cd,data/raw/isic2019/ISIC_2019_Training_Input/ISIC_0000225.jpg
PHASH_000131,2,True,4,False,ISIC_0026448,train,SYN_RURAL_like,RURAL_like,very_low,3963338ccc3333cd,data/raw/isic2019/ISIC_2019_Training_Input/ISIC_0026448.jpg
PHASH_000132,2,True,4,False,ISIC_0000227,train,SYN_BCN_like,BCN_like,very_low,99666196c65998e7,data/raw/isic2019/ISIC_2019_Training_Input/ISIC_0000227.jpg
PHASH_000132,2,True,4,False,ISIC_0015034_downsampled,val,SYN_BCN_like,BCN_like,very_low,99666596645998e7,data/raw/isic2019/ISIC_2019_Training_Input/ISIC_0015034_downsampled.jpg
PHASH_000133,2,True,4,False,ISIC_0000374,train,SYN_BCN_like,BCN_like,very_low,8f42bb087722dcab,data/raw/isic2019/ISIC_2019_Training_Input/ISIC_0000374.jpg
PHASH_000133,2,True,4,False,ISIC_0068439,val,SYN_RURAL_like,RURAL_like,very_low,cf42bb086f22dc8b,data/raw/isic2019/ISIC_2019_Training_Input/ISIC_0068439.jpg
PHASH_000134,2,False,4,True,ISIC_0000519_downsampled,train,SYN_RURAL_like,RURAL_like,high,3698385349739e8f,data/raw/isic2019/ISIC_2019_Training_Input/ISIC_0000519_downsampled.jpg
PHASH_000134,2,False,4,True,ISIC_0011295,train,SYN_HAM_like,HAM_like,high,3698385349739e8f,data/raw/isic2019/ISIC_2019_Training_Input/ISIC_0011295.jpg
PHASH_000135,2,True,4,False,ISIC_0002647_downsampled,train,SYN_RURAL_like,RURAL_like,very_low,7322ce887321fd8b,data/raw/isic2019/ISIC_2019_Training_Input/ISIC_0002647_downsampled.jpg
PHASH_000135,2,True,4,False,ISIC_0066461,val,SYN_RURAL_like,RURAL_like,very_low,7322ce887323ed8d,data/raw/isic2019/ISIC_2019_Training_Input/ISIC_0066461.jpg
PHASH_000136,2,True,4,False,ISIC_0010094,train,SYN_BCN_like,BCN_like,high,4cc6933c59d3a62d,data/raw/isic2019/ISIC_2019_Training_Input/ISIC_0010094.jpg
PHASH_000136,2,True,4,False,ISIC_0033823,val,SYN_RURAL_like,RURAL_like,very_low,e486933c59d3a62d,data/raw/isic2019/ISIC_2019_Training_Input/ISIC_0033823.jpg
PHASH_000137,2,True,4,False,ISIC_0010176,val,SYN_HAM_like,HAM_like,very_low,6466a6669999e663,data/raw/isic2019/ISIC_2019_Training_Input/ISIC_0010176.jpg
PHASH_000137,2,True,4,False,ISIC_0033320,test,SYN_BCN_like,BCN_like,high,6466a6e619996667,data/raw/isic2019/ISIC_2019_Training_Input/ISIC_0033320.jpg
PHASH_000138,2,True,4,False,ISIC_0011143,val,SYN_HAM_like,HAM_like,very_low,3332cccc3132df8b,data/raw/isic2019/ISIC_2019_Training_Input/ISIC_0011143.jpg
PHASH_000138,2,True,4,False,ISIC_0026303,train,SYN_HAM_like,HAM_like,very_low,3333cccc71329d8b,data/raw/isic2019/ISIC_2019_Training_Input/ISIC_0026303.jpg
PHASH_000139,2,False,4,False,ISIC_0011292,train,SYN_HAM_like,HAM_like,very_low,99ccce4c33338ccb,data/raw/isic2019/ISIC_2019_Training_Input/ISIC_0011292.jpg
PHASH_000139,2,False,4,False,ISIC_0031021,train,SYN_BCN_like,BCN_like,very_low,99ccce0e3333ccc9,data/raw/isic2019/ISIC_2019_Training_Input/ISIC_0031021.jpg
PHASH_000140,2,False,4,True,ISIC_0012127_downsampled,train,SYN_RURAL_like,RURAL_like,very_low,c633216b86e311fd,data/raw/isic2019/ISIC_2019_Training_Input/ISIC_0012127_downsampled.jpg
PHASH_000140,2,False,4,True,ISIC_0012970_downsampled,train,SYN_BCN_like,BCN_like,very_low,c633216b86e311fd,data/raw/isic2019/ISIC_2019_Training_Input/ISIC_0012970_downsampled.jpg
PHASH_000141,2,False,4,True,ISIC_0012222_downsampled,train,SYN_RURAL_like,RURAL_like,very_low,26919ce62d3398ed,data/raw/isic2019/ISIC_2019_Training_Input/ISIC_0012222_downsampled.jpg
PHASH_000141,2,False,4,True,ISIC_0016003_downsampled,train,SYN_RURAL_like,RURAL_like,very_low,26919ce62d3398ed,data/raw/isic2019/ISIC_2019_Training_Input/ISIC_0016003_downsampled.jpg
PHASH_000142,2,False,4,True,ISIC_0012290_downsampled,train,SYN_RURAL_like,RURAL_like,high,a329398376cb9297,data/raw/isic2019/ISIC_2019_Training_Input/ISIC_0012290_downsampled.jpg
PHASH_000142,2,False,4,True,ISIC_0013594_downsampled,train,SYN_MSK_like,MSK_like,high,a329398376cb9297,data/raw/isic2019/ISIC_2019_Training_Input/ISIC_0013594_downsampled.jpg
PHASH_000143,2,True,4,False,ISIC_0012672_downsampled,val,SYN_RURAL_like,RURAL_like,very_low,9bbb656699b90245,data/raw/isic2019/ISIC_2019_Training_Input/ISIC_0012672_downsampled.jpg
PHASH_000143,2,True,4,False,ISIC_0012673_downsampled,train,SYN_RURAL_like,RURAL_like,very_low,9bbb646699b90247,data/raw/isic2019/ISIC_2019_Training_Input/ISIC_0012673_downsampled.jpg
PHASH_000144,2,False,4,True,ISIC_0012756_downsampled,test,SYN_RURAL_like,RURAL_like,high,6a8ab2ae49bb24a7,data/raw/isic2019/ISIC_2019_Training_Input/ISIC_0012756_downsampled.jpg
PHASH_000144,2,False,4,True,ISIC_0013184_downsampled,test,SYN_RURAL_like,RURAL_like,high,6a8ab2ae49bb24a7,data/raw/isic2019/ISIC_2019_Training_Input/ISIC_0013184_downsampled.jpg
PHASH_000145,2,False,4,True,ISIC_0012887_downsampled,train,SYN_MSK_like,MSK_like,high,64bb916646aa14ef,data/raw/isic2019/ISIC_2019_Training_Input/ISIC_0012887_downsampled.jpg
PHASH_000145,2,False,4,True,ISIC_0012989_downsampled,train,SYN_MSK_like,MSK_like,high,64bb916646aa14ef,data/raw/isic2019/ISIC_2019_Training_Input/ISIC_0012989_downsampled.jpg
PHASH_000146,2,False,4,True,ISIC_0013109_downsampled,train,SYN_HAM_like,HAM_like,very_low,d199656e7199e065,data/raw/isic2019/ISIC_2019_Training_Input/ISIC_0013109_downsampled.jpg
PHASH_000146,2,False,4,True,ISIC_0013163_downsampled,train,SYN_HAM_like,HAM_like,very_low,d199656e7199e065,data/raw/isic2019/ISIC_2019_Training_Input/ISIC_0013163_downsampled.jpg
PHASH_000147,2,True,4,False,ISIC_0013118_downsampled,val,SYN_MSK_like,MSK_like,very_low,1133cecc3133e9cd,data/raw/isic2019/ISIC_2019_Training_Input/ISIC_0013118_downsampled.jpg
PHASH_000147,2,True,4,False,ISIC_0028149,test,SYN_BCN_like,BCN_like,very_low,1133cecc3833d9cd,data/raw/isic2019/ISIC_2019_Training_Input/ISIC_0028149.jpg
PHASH_000148,2,True,4,False,ISIC_0014812_downsampled,train,SYN_BCN_like,BCN_like,very_low,cbf30c8c33334ccd,data/raw/isic2019/ISIC_2019_Training_Input/ISIC_0014812_downsampled.jpg
PHASH_000148,2,True,4,False,ISIC_0068230,val,SYN_MSK_like,MSK_like,very_low,cba32c8c3333cccd,data/raw/isic2019/ISIC_2019_Training_Input/ISIC_0068230.jpg
PHASH_000149,2,False,4,False,ISIC_0015986_downsampled,train,SYN_RURAL_like,RURAL_like,very_low,9279c6ce933954c5,data/raw/isic2019/ISIC_2019_Training_Input/ISIC_0015986_downsampled.jpg
PHASH_000149,2,False,4,False,ISIC_0015987_downsampled,train,SYN_RURAL_like,RURAL_like,very_low,b271c6ce933954c5,data/raw/isic2019/ISIC_2019_Training_Input/ISIC_0015987_downsampled.jpg
PHASH_000150,2,False,4,False,ISIC_0024333,val,SYN_MSK_like,MSK_like,high,fa1c0bf23343c62d,data/raw/isic2019/ISIC_2019_Training_Input/ISIC_0024333.jpg
PHASH_000150,2,False,4,False,ISIC_0024630,val,SYN_MSK_like,MSK_like,high,fa1c0bd33343c62d,data/raw/isic2019/ISIC_2019_Training_Input/ISIC_0024630.jpg
PHASH_000151,2,True,4,False,ISIC_0024339,train,SYN_RURAL_like,RURAL_like,very_low,3766cc9c9933644d,data/raw/isic2019/ISIC_2019_Training_Input/ISIC_0024339.jpg
PHASH_000151,2,True,4,False,ISIC_0026919,test,SYN_HAM_like,HAM_like,very_low,3366cc98993366cd,data/raw/isic2019/ISIC_2019_Training_Input/ISIC_0026919.jpg
PHASH_000152,2,False,4,False,ISIC_0024349,train,SYN_BCN_like,BCN_like,very_low,12965971c9e9361f,data/raw/isic2019/ISIC_2019_Training_Input/ISIC_0024349.jpg
PHASH_000152,2,False,4,False,ISIC_0026126,train,SYN_BCN_like,BCN_like,very_low,1216d971c9e9361f,data/raw/isic2019/ISIC_2019_Training_Input/ISIC_0026126.jpg
PHASH_000153,2,False,4,True,ISIC_0024366,train,SYN_HAM_like,HAM_like,very_low,8c6e992673998b65,data/raw/isic2019/ISIC_2019_Training_Input/ISIC_0024366.jpg
PHASH_000153,2,False,4,True,ISIC_0029861,train,SYN_HAM_like,HAM_like,very_low,8c6e992673998b65,data/raw/isic2019/ISIC_2019_Training_Input/ISIC_0029861.jpg
PHASH_000154,2,False,4,True,ISIC_0024394,train,SYN_MSK_like,MSK_like,very_low,5c935c93bda19217,data/raw/isic2019/ISIC_2019_Training_Input/ISIC_0024394.jpg
PHASH_000154,2,False,4,True,ISIC_0029516,train,SYN_MSK_like,MSK_like,very_low,5c935c93bda19217,data/raw/isic2019/ISIC_2019_Training_Input/ISIC_0029516.jpg
PHASH_000155,2,False,4,False,ISIC_0024522,train,SYN_HAM_like,HAM_like,high,7eb2866ee9132a89,data/raw/isic2019/ISIC_2019_Training_Input/ISIC_0024522.jpg
PHASH_000155,2,False,4,False,ISIC_0030387,train,SYN_HAM_like,HAM_like,high,7eb2866ec993a289,data/raw/isic2019/ISIC_2019_Training_Input/ISIC_0030387.jpg
PHASH_000156,2,True,4,False,ISIC_0024561,train,SYN_RURAL_like,RURAL_like,very_low,d61959662699d927,data/raw/isic2019/ISIC_2019_Training_Input/ISIC_0024561.jpg
PHASH_000156,2,True,4,False,ISIC_0032980,test,SYN_MSK_like,MSK_like,very_low,d619d96426995967,data/raw/isic2019/ISIC_2019_Training_Input/ISIC_0032980.jpg
PHASH_000157,2,False,4,False,ISIC_0024608,val,SYN_HAM_like,HAM_like,very_low,9839976958a9a717,data/raw/isic2019/ISIC_2019_Training_Input/ISIC_0024608.jpg
PHASH_000157,2,False,4,False,ISIC_0030841,val,SYN_HAM_like,HAM_like,very_low,9879974958a9a717,data/raw/isic2019/ISIC_2019_Training_Input/ISIC_0030841.jpg
PHASH_000158,2,False,4,False,ISIC_0024688,test,SYN_BCN_like,BCN_like,high,963632497359cca7,data/raw/isic2019/ISIC_2019_Training_Input/ISIC_0024688.jpg
PHASH_000158,2,False,4,False,ISIC_0026352,test,SYN_BCN_like,BCN_like,high,d63630493379cca7,data/raw/isic2019/ISIC_2019_Training_Input/ISIC_0026352.jpg
PHASH_000159,2,False,4,False,ISIC_0024734,train,SYN_BCN_like,BCN_like,very_low,67b339ccc43312cd,data/raw/isic2019/ISIC_2019_Training_Input/ISIC_0024734.jpg
PHASH_000159,2,False,4,False,ISIC_0066495,train,SYN_RURAL_like,RURAL_like,moderate,26b339ccc4331bcd,data/raw/isic2019/ISIC_2019_Training_Input/ISIC_0066495.jpg
PHASH_000160,2,False,4,True,ISIC_0024777,val,SYN_BCN_like,BCN_like,very_low,4c01692de8bdad57,data/raw/isic2019/ISIC_2019_Training_Input/ISIC_0024777.jpg
PHASH_000160,2,False,4,True,ISIC_0029938,val,SYN_BCN_like,BCN_like,very_low,4c01692de8bdad57,data/raw/isic2019/ISIC_2019_Training_Input/ISIC_0029938.jpg
PHASH_000161,2,False,4,False,ISIC_0024823,train,SYN_HAM_like,HAM_like,high,f3cccc2d317103c7,data/raw/isic2019/ISIC_2019_Training_Input/ISIC_0024823.jpg
PHASH_000161,2,False,4,False,ISIC_0024962,train,SYN_HAM_like,HAM_like,high,f3cccc2d297103c7,data/raw/isic2019/ISIC_2019_Training_Input/ISIC_0024962.jpg
PHASH_000162,2,False,4,False,ISIC_0024834,train,SYN_RURAL_like,RURAL_like,very_low,c4c7333849f3a68d,data/raw/isic2019/ISIC_2019_Training_Input/ISIC_0024834.jpg
PHASH_000162,2,False,4,False,ISIC_0032165,train,SYN_RURAL_like,RURAL_like,very_low,c4c7933849f3a68d,data/raw/isic2019/ISIC_2019_Training_Input/ISIC_0032165.jpg
PHASH_000163,2,False,4,False,ISIC_0024870,train,SYN_HAM_like,HAM_like,very_low,468e2693665999e7,data/raw/isic2019/ISIC_2019_Training_Input/ISIC_0024870.jpg
PHASH_000163,2,False,4,False,ISIC_0025386,train,SYN_HAM_like,HAM_like,very_low,468e2693365999e7,data/raw/isic2019/ISIC_2019_Training_Input/ISIC_0025386.jpg
PHASH_000164,2,False,4,True,ISIC_0024908,train,SYN_HAM_like,HAM_like,very_low,26cc9966e6993b61,data/raw/isic2019/ISIC_2019_Training_Input/ISIC_0024908.jpg
PHASH_000164,2,False,4,True,ISIC_0030079,train,SYN_HAM_like,HAM_like,very_low,26cc9966e6993b61,data/raw/isic2019/ISIC_2019_Training_Input/ISIC_0030079.jpg
PHASH_000165,2,False,4,False,ISIC_0024975,val,SYN_RURAL_like,RURAL_like,very_low,94067a5303db2edd,data/raw/isic2019/ISIC_2019_Training_Input/ISIC_0024975.jpg
PHASH_000165,2,False,4,False,ISIC_0025782,val,SYN_RURAL_like,RURAL_like,very_low,d4043a7303db2edd,data/raw/isic2019/ISIC_2019_Training_Input/ISIC_0025782.jpg
PHASH_000166,2,False,4,False,ISIC_0024999,val,SYN_MSK_like,MSK_like,high,42531d1893e5bc7b,data/raw/isic2019/ISIC_2019_Training_Input/ISIC_0024999.jpg
PHASH_000166,2,False,4,False,ISIC_0025512,val,SYN_MSK_like,MSK_like,high,42531d1893a5fc7b,data/raw/isic2019/ISIC_2019_Training_Input/ISIC_0025512.jpg
PHASH_000167,2,False,4,False,ISIC_0025121,train,SYN_MSK_like,MSK_like,high,22b1a3c50387737f,data/raw/isic2019/ISIC_2019_Training_Input/ISIC_0025121.jpg
PHASH_000167,2,False,4,False,ISIC_0025963,train,SYN_MSK_like,MSK_like,high,09b1a3c50387737f,data/raw/isic2019/ISIC_2019_Training_Input/ISIC_0025963.jpg
PHASH_000168,2,False,4,False,ISIC_0025133,val,SYN_RURAL_like,RURAL_like,very_low,2d6472315b69a787,data/raw/isic2019/ISIC_2019_Training_Input/ISIC_0025133.jpg
PHASH_000168,2,False,4,False,ISIC_0025469,val,SYN_RURAL_like,RURAL_like,very_low,2d6462315b69e787,data/raw/isic2019/ISIC_2019_Training_Input/ISIC_0025469.jpg
PHASH_000169,2,False,4,False,ISIC_0025165,train,SYN_HAM_like,HAM_like,very_low,00cedbee7fb90105,data/raw/isic2019/ISIC_2019_Training_Input/ISIC_0025165.jpg
PHASH_000169,2,False,4,False,ISIC_0028698,train,SYN_HAM_like,HAM_like,very_low,00c6dfeeff990105,data/raw/isic2019/ISIC_2019_Training_Input/ISIC_0028698.jpg
PHASH_000170,2,False,4,False,ISIC_0025170,train,SYN_RURAL_like,RURAL_like,very_low,d3cd091e60f1d687,data/raw/isic2019/ISIC_2019_Training_Input/ISIC_0025170.jpg
PHASH_000170,2,False,4,False,ISIC_0031811,train,SYN_RURAL_like,RURAL_like,very_low,d3cd091e68b1d687,data/raw/isic2019/ISIC_2019_Training_Input/ISIC_0031811.jpg
PHASH_000171,2,False,4,False,ISIC_0025197,train,SYN_RURAL_like,RURAL_like,very_low,c6cc996666999965,data/raw/isic2019/ISIC_2019_Training_Input/ISIC_0025197.jpg
PHASH_000171,2,False,4,False,ISIC_0025517,train,SYN_RURAL_like,RURAL_like,very_low,c6c9996666999927,data/raw/isic2019/ISIC_2019_Training_Input/ISIC_0025517.jpg
PHASH_000172,2,True,4,False,ISIC_0025207,train,SYN_BCN_like,BCN_like,very_low,3c33e38c1c63e38d,data/raw/isic2019/ISIC_2019_Training_Input/ISIC_0025207.jpg
PHASH_000172,2,True,4,False,ISIC_0056112,val,SYN_HAM_like,HAM_like,very_low,3c30e38c9c73e38d,data/raw/isic2019/ISIC_2019_Training_Input/ISIC_0056112.jpg
PHASH_000173,2,True,4,False,ISIC_0025226,val,SYN_MSK_like,MSK_like,very_low,6e6639ccac994267,data/raw/isic2019/ISIC_2019_Training_Input/ISIC_0025226.jpg
PHASH_000173,2,True,4,False,ISIC_0030074,train,SYN_MSK_like,MSK_like,very_low,7e6638ccac994267,data/raw/isic2019/ISIC_2019_Training_Input/ISIC_0030074.jpg
PHASH_000174,2,False,4,False,ISIC_0025375,train,SYN_BCN_like,BCN_like,very_low,9d46338ccc3333cd,data/raw/isic2019/ISIC_2019_Training_Input/ISIC_0025375.jpg
PHASH_000174,2,False,4,False,ISIC_0026819,train,SYN_MSK_like,MSK_like,very_low,986633cccc3333cd,data/raw/isic2019/ISIC_2019_Training_Input/ISIC_0026819.jpg
PHASH_000175,2,False,4,False,ISIC_0025395,train,SYN_HAM_like,HAM_like,very_low,a3631c1ce3e31d1d,data/raw/isic2019/ISIC_2019_Training_Input/ISIC_0025395.jpg
PHASH_000175,2,False,4,False,ISIC_0026864,train,SYN_RURAL_like,RURAL_like,very_low,2363bc1ce3e30d1d,data/raw/isic2019/ISIC_2019_Training_Input/ISIC_0026864.jpg
PHASH_000176,2,False,4,False,ISIC_0025434,train,SYN_RURAL_like,RURAL_like,low,17685b61c3a7a9a3,data/raw/isic2019/ISIC_2019_Training_Input/ISIC_0025434.jpg
PHASH_000176,2,False,4,False,ISIC_0028165,train,SYN_RURAL_like,RURAL_like,low,97685b61c3a3a9a3,data/raw/isic2019/ISIC_2019_Training_Input/ISIC_0028165.jpg
PHASH_000177,2,True,4,False,ISIC_0025486,train,SYN_RURAL_like,RURAL_like,very_low,39c6331ccc73338d,data/raw/isic2019/ISIC_2019_Training_Input/ISIC_0025486.jpg
PHASH_000177,2,True,4,False,ISIC_0072911,val,SYN_RURAL_like,RURAL_like,high,19c2731ccc73b38d,data/raw/isic2019/ISIC_2019_Training_Input/ISIC_0072911.jpg
PHASH_000178,2,False,4,False,ISIC_0025534,train,SYN_MSK_like,MSK_like,very_low,c4ce640c19336fcf,data/raw/isic2019/ISIC_2019_Training_Input/ISIC_0025534.jpg
PHASH_000178,2,False,4,False,ISIC_0027338,train,SYN_MSK_like,MSK_like,very_low,c4cc640c99336fcf,data/raw/isic2019/ISIC_2019_Training_Input/ISIC_0027338.jpg
PHASH_000179,2,False,4,False,ISIC_0025545,test,SYN_BCN_like,BCN_like,very_low,64e9248c9b336e4f,data/raw/isic2019/ISIC_2019_Training_Input/ISIC_0025545.jpg
PHASH_000179,2,False,4,False,ISIC_0032003,test,SYN_BCN_like,BCN_like,very_low,4cc9248c9b336ecf,data/raw/isic2019/ISIC_2019_Training_Input/ISIC_0032003.jpg
PHASH_000180,2,True,4,False,ISIC_0025612,test,SYN_MSK_like,MSK_like,very_low,333d9c8c63639c8d,data/raw/isic2019/ISIC_2019_Training_Input/ISIC_0025612.jpg
PHASH_000180,2,True,4,False,ISIC_0026838,train,SYN_MSK_like,MSK_like,very_low,73319c8c63639c9d,data/raw/isic2019/ISIC_2019_Training_Input/ISIC_0026838.jpg
PHASH_000181,2,True,4,False,ISIC_0025652,test,SYN_MSK_like,MSK_like,very_low,316666cc993366cd,data/raw/isic2019/ISIC_2019_Training_Input/ISIC_0025652.jpg
PHASH_000181,2,True,4,False,ISIC_0027523,val,SYN_BCN_like,BCN_like,very_low,734466cc993366cd,data/raw/isic2019/ISIC_2019_Training_Input/ISIC_0027523.jpg
PHASH_000182,2,True,4,False,ISIC_0025816,train,SYN_MSK_like,MSK_like,very_low,b10ae6aad5aa55a9,data/raw/isic2019/ISIC_2019_Training_Input/ISIC_0025816.jpg
PHASH_000182,2,True,4,False,ISIC_0028272,val,SYN_HAM_like,HAM_like,very_low,910ae62addaad5a9,data/raw/isic2019/ISIC_2019_Training_Input/ISIC_0028272.jpg
PHASH_000183,2,False,4,False,ISIC_0025850,train,SYN_BCN_like,BCN_like,very_low,3119cec43331cecf,data/raw/isic2019/ISIC_2019_Training_Input/ISIC_0025850.jpg
PHASH_000183,2,False,4,False,ISIC_0032678,train,SYN_RURAL_like,RURAL_like,very_low,3399ccc43331c6cf,data/raw/isic2019/ISIC_2019_Training_Input/ISIC_0032678.jpg
PHASH_000184,2,False,4,False,ISIC_0025906,train,SYN_RURAL_like,RURAL_like,low,936646cc3933c6cd,data/raw/isic2019/ISIC_2019_Training_Input/ISIC_0025906.jpg
PHASH_000184,2,False,4,False,ISIC_0028262,train,SYN_BCN_like,BCN_like,very_low,d366468c3b3346cd,data/raw/isic2019/ISIC_2019_Training_Input/ISIC_0028262.jpg
PHASH_000185,2,True,4,False,ISIC_0025931,test,SYN_RURAL_like,RURAL_like,very_low,6666b2e45919a667,data/raw/isic2019/ISIC_2019_Training_Input/ISIC_0025931.jpg
PHASH_000185,2,True,4,False,ISIC_0033352,train,SYN_BCN_like,BCN_like,very_low,666698e65919a667,data/raw/isic2019/ISIC_2019_Training_Input/ISIC_0033352.jpg
PHASH_000186,2,False,4,False,ISIC_0026067,train,SYN_HAM_like,HAM_like,very_low,cbcc3434c5f3194d,data/raw/isic2019/ISIC_2019_Training_Input/ISIC_0026067.jpg
PHASH_000186,2,False,4,False,ISIC_0030717,train,SYN_HAM_like,HAM_like,very_low,c1cc3434e5f31b4d,data/raw/isic2019/ISIC_2019_Training_Input/ISIC_0030717.jpg
PHASH_000187,2,False,4,False,ISIC_0026138,train,SYN_HAM_like,HAM_like,high,9c6c339ccce38c1d,data/raw/isic2019/ISIC_2019_Training_Input/ISIC_0026138.jpg
PHASH_000187,2,False,4,False,ISIC_0032329,train,SYN_HAM_like,HAM_like,high,9c6cb31ccce38c1d,data/raw/isic2019/ISIC_2019_Training_Input/ISIC_0032329.jpg
PHASH_000188,2,False,4,False,ISIC_0026164,train,SYN_RURAL_like,RURAL_like,very_low,cc66319c3359cca7,data/raw/isic2019/ISIC_2019_Training_Input/ISIC_0026164.jpg
PHASH_000188,2,False,4,False,ISIC_0034215,train,SYN_BCN_like,BCN_like,very_low,cc26199e3359cca7,data/raw/isic2019/ISIC_2019_Training_Input/ISIC_0034215.jpg
PHASH_000189,2,False,4,False,ISIC_0026305,train,SYN_MSK_like,MSK_like,very_low,41e62d8ca6595ba7,data/raw/isic2019/ISIC_2019_Training_Input/ISIC_0026305.jpg
PHASH_000189,2,False,4,False,ISIC_0028454,train,SYN_MSK_like,MSK_like,very_low,41e62d9ca6595b27,data/raw/isic2019/ISIC_2019_Training_Input/ISIC_0028454.jpg
PHASH_000190,2,False,4,False,ISIC_0026328,train,SYN_BCN_like,BCN_like,very_low,0c41b6c996796ba7,data/raw/isic2019/ISIC_2019_Training_Input/ISIC_0026328.jpg
PHASH_000190,2,False,4,False,ISIC_0029334,train,SYN_BCN_like,BCN_like,very_low,0c4936c996796ba7,data/raw/isic2019/ISIC_2019_Training_Input/ISIC_0029334.jpg
PHASH_000191,2,False,4,False,ISIC_0026422,train,SYN_RURAL_like,RURAL_like,low,6663999c6633998d,data/raw/isic2019/ISIC_2019_Training_Input/ISIC_0026422.jpg
PHASH_000191,2,False,4,False,ISIC_0027566,train,SYN_BCN_like,BCN_like,very_low,6673998c6673990d,data/raw/isic2019/ISIC_2019_Training_Input/ISIC_0027566.jpg
PHASH_000192,2,False,4,True,ISIC_0026487,train,SYN_MSK_like,MSK_like,very_low,b90c73860c79f387,data/raw/isic2019/ISIC_2019_Training_Input/ISIC_0026487.jpg
PHASH_000192,2,False,4,True,ISIC_0031984,train,SYN_MSK_like,MSK_like,very_low,b90c73860c79f387,data/raw/isic2019/ISIC_2019_Training_Input/ISIC_0031984.jpg
PHASH_000193,2,True,4,False,ISIC_0026495,test,SYN_RURAL_like,RURAL_like,very_low,858c9c7373738c8d,data/raw/isic2019/ISIC_2019_Training_Input/ISIC_0026495.jpg
PHASH_000193,2,True,4,False,ISIC_0027414,train,SYN_RURAL_like,RURAL_like,very_low,e58c9c3373638c8d,data/raw/isic2019/ISIC_2019_Training_Input/ISIC_0027414.jpg
PHASH_000194,2,False,4,False,ISIC_0026692,val,SYN_HAM_like,HAM_like,very_low,a42693dac9392767,data/raw/isic2019/ISIC_2019_Training_Input/ISIC_0026692.jpg
PHASH_000194,2,False,4,False,ISIC_0030597,val,SYN_HAM_like,HAM_like,very_low,e42633dac9192767,data/raw/isic2019/ISIC_2019_Training_Input/ISIC_0030597.jpg
PHASH_000195,2,False,4,False,ISIC_0026804,train,SYN_BCN_like,BCN_like,very_low,1b4e62948e5933e7,data/raw/isic2019/ISIC_2019_Training_Input/ISIC_0026804.jpg
PHASH_000195,2,False,4,False,ISIC_0031194,train,SYN_BCN_like,BCN_like,very_low,196e60948e593be7,data/raw/isic2019/ISIC_2019_Training_Input/ISIC_0031194.jpg
PHASH_000196,2,True,4,False,ISIC_0026810,test,SYN_MSK_like,MSK_like,very_low,3ccbe30c0cb3f30d,data/raw/isic2019/ISIC_2019_Training_Input/ISIC_0026810.jpg
PHASH_000196,2,True,4,False,ISIC_0054038,val,SYN_RURAL_like,RURAL_like,high,1c8bf30c4cb3f30d,data/raw/isic2019/ISIC_2019_Training_Input/ISIC_0054038.jpg
PHASH_000197,2,False,4,False,ISIC_0026841,train,SYN_MSK_like,MSK_like,very_low,6b4c9b7149732785,data/raw/isic2019/ISIC_2019_Training_Input/ISIC_0026841.jpg
PHASH_000197,2,False,4,False,ISIC_0031149,train,SYN_MSK_like,MSK_like,very_low,694c9b714973268f,data/raw/isic2019/ISIC_2019_Training_Input/ISIC_0031149.jpg
PHASH_000198,2,False,4,False,ISIC_0027027,val,SYN_RURAL_like,RURAL_like,low,1fa463989cd3d827,data/raw/isic2019/ISIC_2019_Training_Input/ISIC_0027027.jpg
PHASH_000198,2,False,4,False,ISIC_0029036,val,SYN_RURAL_like,RURAL_like,low,1fa663d89cd15827,data/raw/isic2019/ISIC_2019_Training_Input/ISIC_0029036.jpg
PHASH_000199,2,False,4,False,ISIC_0027097,test,SYN_HAM_like,HAM_like,very_low,6c1c3639d37159a5,data/raw/isic2019/ISIC_2019_Training_Input/ISIC_0027097.jpg
PHASH_000199,2,False,4,False,ISIC_0027670,test,SYN_HAM_like,HAM_like,very_low,4c1c363993f359a5,data/raw/isic2019/ISIC_2019_Training_Input/ISIC_0027670.jpg
PHASH_000200,2,False,4,False,ISIC_0027144,train,SYN_HAM_like,HAM_like,high,9966669c2659d927,data/raw/isic2019/ISIC_2019_Training_Input/ISIC_0027144.jpg
PHASH_000200,2,False,4,False,ISIC_0028198,train,SYN_HAM_like,HAM_like,high,9966679c26599927,data/raw/isic2019/ISIC_2019_Training_Input/ISIC_0028198.jpg
PHASH_000201,2,False,4,False,ISIC_0027150,train,SYN_MSK_like,MSK_like,very_low,f2c319034bed94cd,data/raw/isic2019/ISIC_2019_Training_Input/ISIC_0027150.jpg
PHASH_000201,2,False,4,False,ISIC_0031631,train,SYN_MSK_like,MSK_like,very_low,f2c391034bed94cd,data/raw/isic2019/ISIC_2019_Training_Input/ISIC_0031631.jpg
PHASH_000202,2,False,4,False,ISIC_0027226,train,SYN_MSK_like,MSK_like,very_low,a3247236ade97217,data/raw/isic2019/ISIC_2019_Training_Input/ISIC_0027226.jpg
PHASH_000202,2,False,4,False,ISIC_0027902,train,SYN_MSK_like,MSK_like,very_low,a32c7236adc97217,data/raw/isic2019/ISIC_2019_Training_Input/ISIC_0027902.jpg
PHASH_000203,2,False,4,False,ISIC_0027369,train,SYN_BCN_like,BCN_like,very_low,33cc9933cc3133cd,data/raw/isic2019/ISIC_2019_Training_Input/ISIC_0027369.jpg
PHASH_000203,2,False,4,False,ISIC_0030430,train,SYN_BCN_like,BCN_like,very_low,33cc3133cc3333cd,data/raw/isic2019/ISIC_2019_Training_Input/ISIC_0030430.jpg
PHASH_000204,2,False,4,False,ISIC_0027398,train,SYN_HAM_like,HAM_like,very_low,93c7590c26d39b2d,data/raw/isic2019/ISIC_2019_Training_Input/ISIC_0027398.jpg
PHASH_000204,2,False,4,False,ISIC_0032407,train,SYN_HAM_like,HAM_like,very_low,93c7590c26d3da2d,data/raw/isic2019/ISIC_2019_Training_Input/ISIC_0032407.jpg
PHASH_000205,2,True,4,False,ISIC_0027412,test,SYN_RURAL_like,RURAL_like,very_low,4926b6b4495937a7,data/raw/isic2019/ISIC_2019_Training_Input/ISIC_0027412.jpg
PHASH_000205,2,True,4,False,ISIC_0065796,train,SYN_MSK_like,MSK_like,very_low,4926b6b6494936b7,data/raw/isic2019/ISIC_2019_Training_Input/ISIC_0065796.jpg
PHASH_000206,2,False,4,False,ISIC_0027658,train,SYN_BCN_like,BCN_like,very_low,8c594e59e5293397,data/raw/isic2019/ISIC_2019_Training_Input/ISIC_0027658.jpg
PHASH_000206,2,False,4,False,ISIC_0028678,train,SYN_BCN_like,BCN_like,very_low,9c59cc59a5293397,data/raw/isic2019/ISIC_2019_Training_Input/ISIC_0028678.jpg
PHASH_000207,2,True,4,False,ISIC_0027688,train,SYN_MSK_like,MSK_like,very_low,ccbb3164ccb3b145,data/raw/isic2019/ISIC_2019_Training_Input/ISIC_0027688.jpg
PHASH_000207,2,True,4,False,ISIC_0033511,val,SYN_RURAL_like,RURAL_like,very_low,cc9b3364cc33b14d,data/raw/isic2019/ISIC_2019_Training_Input/ISIC_0033511.jpg
PHASH_000208,2,False,4,False,ISIC_0027925,train,SYN_MSK_like,MSK_like,very_low,33317313c3699cad,data/raw/isic2019/ISIC_2019_Training_Input/ISIC_0027925.jpg
PHASH_000208,2,False,4,False,ISIC_0031917,train,SYN_MSK_like,MSK_like,very_low,33337313c3691cad,data/raw/isic2019/ISIC_2019_Training_Input/ISIC_0031917.jpg
PHASH_000209,2,False,4,False,ISIC_0027933,train,SYN_RURAL_like,RURAL_like,very_low,980c59f969639637,data/raw/isic2019/ISIC_2019_Training_Input/ISIC_0027933.jpg
PHASH_000209,2,False,4,False,ISIC_0028513,train,SYN_RURAL_like,RURAL_like,very_low,9c0c59f969439637,data/raw/isic2019/ISIC_2019_Training_Input/ISIC_0028513.jpg
PHASH_000210,2,False,4,True,ISIC_0027989,train,SYN_MSK_like,MSK_like,low,96d09b984b692da7,data/raw/isic2019/ISIC_2019_Training_Input/ISIC_0027989.jpg
PHASH_000210,2,False,4,True,ISIC_0029548,train,SYN_MSK_like,MSK_like,low,96d09b984b692da7,data/raw/isic2019/ISIC_2019_Training_Input/ISIC_0029548.jpg
PHASH_000211,2,True,4,False,ISIC_0028038,test,SYN_BCN_like,BCN_like,very_low,cc63339c8c63738d,data/raw/isic2019/ISIC_2019_Training_Input/ISIC_0028038.jpg
PHASH_000211,2,True,4,False,ISIC_0030573,train,SYN_BCN_like,BCN_like,very_low,8ce3331c8c73738d,data/raw/isic2019/ISIC_2019_Training_Input/ISIC_0030573.jpg
PHASH_000212,2,False,4,False,ISIC_0028057,train,SYN_MSK_like,MSK_like,very_low,c8c12fa1f00f1e7d,data/raw/isic2019/ISIC_2019_Training_Input/ISIC_0028057.jpg
PHASH_000212,2,False,4,False,ISIC_0031502,train,SYN_MSK_like,MSK_like,very_low,c8c12fa1900f7e7d,data/raw/isic2019/ISIC_2019_Training_Input/ISIC_0031502.jpg
PHASH_000213,2,False,4,False,ISIC_0028346,train,SYN_HAM_like,HAM_like,very_low,c35c54561d9ba627,data/raw/isic2019/ISIC_2019_Training_Input/ISIC_0028346.jpg
PHASH_000213,2,False,4,False,ISIC_0031344,train,SYN_HAM_like,HAM_like,very_low,c354f4561d9ba623,data/raw/isic2019/ISIC_2019_Training_Input/ISIC_0031344.jpg
PHASH_000214,2,False,4,False,ISIC_0028524,train,SYN_BCN_like,BCN_like,very_low,66cc939e4919a6e5,data/raw/isic2019/ISIC_2019_Training_Input/ISIC_0028524.jpg
PHASH_000214,2,False,4,False,ISIC_0031079,train,SYN_BCN_like,BCN_like,very_low,664e939e4919a6e5,data/raw/isic2019/ISIC_2019_Training_Input/ISIC_0031079.jpg
PHASH_000215,2,True,4,False,ISIC_0028911,test,SYN_RURAL_like,RURAL_like,very_low,335ccccc73730c8d,data/raw/isic2019/ISIC_2019_Training_Input/ISIC_0028911.jpg
PHASH_000215,2,True,4,False,ISIC_0053647,train,SYN_RURAL_like,RURAL_like,very_low,b31c4ccc73738c8d,data/raw/isic2019/ISIC_2019_Training_Input/ISIC_0053647.jpg
PHASH_000216,2,False,4,False,ISIC_0028984,train,SYN_MSK_like,MSK_like,high,61194d999c39b3a7,data/raw/isic2019/ISIC_2019_Training_Input/ISIC_0028984.jpg
PHASH_000216,2,False,4,False,ISIC_0032197,train,SYN_MSK_like,MSK_like,high,21194dd99c39b3a7,data/raw/isic2019/ISIC_2019_Training_Input/ISIC_0032197.jpg
PHASH_000217,2,False,4,False,ISIC_0029228,train,SYN_BCN_like,BCN_like,very_low,9991731999996667,data/raw/isic2019/ISIC_2019_Training_Input/ISIC_0029228.jpg
PHASH_000217,2,False,4,False,ISIC_0032120,train,SYN_BCN_like,BCN_like,very_low,9399711999996667,data/raw/isic2019/ISIC_2019_Training_Input/ISIC_0032120.jpg
PHASH_000218,2,False,4,False,ISIC_0029257,test,SYN_MSK_like,MSK_like,very_low,0cd3724bf4810b7f,data/raw/isic2019/ISIC_2019_Training_Input/ISIC_0029257.jpg
PHASH_000218,2,False,4,False,ISIC_0030225,test,SYN_MSK_like,MSK_like,very_low,0cd37a0bf4810b7f,data/raw/isic2019/ISIC_2019_Training_Input/ISIC_0030225.jpg
PHASH_000219,2,False,4,False,ISIC_0029323,train,SYN_RURAL_like,RURAL_like,moderate,b3b642783c23a1dd,data/raw/isic2019/ISIC_2019_Training_Input/ISIC_0029323.jpg
PHASH_000219,2,False,4,False,ISIC_0031171,train,SYN_RURAL_like,RURAL_like,moderate,b2b642783d23b0dd,data/raw/isic2019/ISIC_2019_Training_Input/ISIC_0031171.jpg
PHASH_000220,2,False,4,False,ISIC_0029353,train,SYN_MSK_like,MSK_like,high,8d9b22e69e19606f,data/raw/isic2019/ISIC_2019_Training_Input/ISIC_0029353.jpg
PHASH_000220,2,False,4,False,ISIC_0031339,train,SYN_MSK_like,MSK_like,high,8d1f62e69a19606f,data/raw/isic2019/ISIC_2019_Training_Input/ISIC_0031339.jpg
PHASH_000221,2,False,4,False,ISIC_0029359,train,SYN_RURAL_like,RURAL_like,very_low,c42d9c12e3e32f2d,data/raw/isic2019/ISIC_2019_Training_Input/ISIC_0029359.jpg
PHASH_000221,2,False,4,False,ISIC_0029746,train,SYN_RURAL_like,RURAL_like,very_low,c42d9c16e3c33e2d,data/raw/isic2019/ISIC_2019_Training_Input/ISIC_0029746.jpg
PHASH_000222,2,True,4,False,ISIC_0029410,train,SYN_RURAL_like,RURAL_like,very_low,c6331c8ce3733c8d,data/raw/isic2019/ISIC_2019_Training_Input/ISIC_0029410.jpg
PHASH_000222,2,True,4,False,ISIC_0030468,val,SYN_RURAL_like,RURAL_like,very_low,cc331ccce3731c8d,data/raw/isic2019/ISIC_2019_Training_Input/ISIC_0030468.jpg
PHASH_000223,2,False,4,False,ISIC_0029675,train,SYN_BCN_like,BCN_like,very_low,ce9a31cccc3133cd,data/raw/isic2019/ISIC_2019_Training_Input/ISIC_0029675.jpg
PHASH_000223,2,False,4,False,ISIC_0031873,train,SYN_BCN_like,BCN_like,very_low,cc9831cccc31b3cf,data/raw/isic2019/ISIC_2019_Training_Input/ISIC_0031873.jpg
PHASH_000224,2,False,4,False,ISIC_0029814,test,SYN_BCN_like,BCN_like,very_low,d983c95327a9361d,data/raw/isic2019/ISIC_2019_Training_Input/ISIC_0029814.jpg
PHASH_000224,2,False,4,False,ISIC_0031481,test,SYN_BCN_like,BCN_like,very_low,d983495b23a9361f,data/raw/isic2019/ISIC_2019_Training_Input/ISIC_0031481.jpg
PHASH_000225,2,True,4,False,ISIC_0030117,train,SYN_BCN_like,BCN_like,very_low,33c831cccc3333cf,data/raw/isic2019/ISIC_2019_Training_Input/ISIC_0030117.jpg
PHASH_000225,2,True,4,False,ISIC_0033329,test,SYN_RURAL_like,RURAL_like,very_low,334899cccc3333cf,data/raw/isic2019/ISIC_2019_Training_Input/ISIC_0033329.jpg
PHASH_000226,2,False,4,False,ISIC_0030135,val,SYN_MSK_like,MSK_like,very_low,c6cc1c26f3934e4d,data/raw/isic2019/ISIC_2019_Training_Input/ISIC_0030135.jpg
PHASH_000226,2,False,4,False,ISIC_0030941,val,SYN_MSK_like,MSK_like,very_low,c64c3c26f3934e4d,data/raw/isic2019/ISIC_2019_Training_Input/ISIC_0030941.jpg
PHASH_000227,2,False,4,False,ISIC_0030243,train,SYN_RURAL_like,RURAL_like,very_low,89cc4d1b63639697,data/raw/isic2019/ISIC_2019_Training_Input/ISIC_0030243.jpg
PHASH_000227,2,False,4,False,ISIC_0032058,train,SYN_RURAL_like,RURAL_like,very_low,998c4d9963639697,data/raw/isic2019/ISIC_2019_Training_Input/ISIC_0032058.jpg
PHASH_000228,2,False,4,True,ISIC_0030367,train,SYN_RURAL_like,RURAL_like,very_low,99e4c69c9c797885,data/raw/isic2019/ISIC_2019_Training_Input/ISIC_0030367.jpg
PHASH_000228,2,False,4,True,ISIC_0031905,train,SYN_RURAL_like,RURAL_like,very_low,99e4c69c9c797885,data/raw/isic2019/ISIC_2019_Training_Input/ISIC_0031905.jpg
PHASH_000229,2,False,4,True,ISIC_0030444,train,SYN_MSK_like,MSK_like,very_low,339cc61ccc73318f,data/raw/isic2019/ISIC_2019_Training_Input/ISIC_0030444.jpg
PHASH_000229,2,False,4,True,ISIC_0030973,train,SYN_MSK_like,MSK_like,very_low,339cc61ccc73318f,data/raw/isic2019/ISIC_2019_Training_Input/ISIC_0030973.jpg
PHASH_000230,2,False,4,False,ISIC_0030542,train,SYN_RURAL_like,RURAL_like,low,462d6c96931966e7,data/raw/isic2019/ISIC_2019_Training_Input/ISIC_0030542.jpg
PHASH_000230,2,False,4,False,ISIC_0031876,train,SYN_RURAL_like,RURAL_like,low,c62d6c96932966c7,data/raw/isic2019/ISIC_2019_Training_Input/ISIC_0031876.jpg
PHASH_000231,2,False,4,False,ISIC_0031242,train,SYN_BCN_like,BCN_like,very_low,999369a6865919e7,data/raw/isic2019/ISIC_2019_Training_Input/ISIC_0031242.jpg
PHASH_000231,2,False,4,False,ISIC_0054417,train,SYN_RURAL_like,RURAL_like,very_low,9993698ca65919e7,data/raw/isic2019/ISIC_2019_Training_Input/ISIC_0054417.jpg
PHASH_000232,2,False,4,False,ISIC_0031805,train,SYN_BCN_like,BCN_like,very_low,99646ccc2699d967,data/raw/isic2019/ISIC_2019_Training_Input/ISIC_0031805.jpg
PHASH_000232,2,False,4,False,ISIC_0032409,train,SYN_RURAL_like,RURAL_like,very_low,99666c8ca6999967,data/raw/isic2019/ISIC_2019_Training_Input/ISIC_0032409.jpg
PHASH_000233,2,False,4,False,ISIC_0032104,train,SYN_RURAL_like,RURAL_like,very_low,9c33c7260cd9732d,data/raw/isic2019/ISIC_2019_Training_Input/ISIC_0032104.jpg
PHASH_000233,2,False,4,False,ISIC_0059067,train,SYN_BCN_like,BCN_like,very_low,9c33c6a60cd9f30d,data/raw/isic2019/ISIC_2019_Training_Input/ISIC_0059067.jpg
PHASH_000234,2,True,4,False,ISIC_0032781,test,SYN_RURAL_like,RURAL_like,very_low,c64b192666999b67,data/raw/isic2019/ISIC_2019_Training_Input/ISIC_0032781.jpg
PHASH_000234,2,True,4,False,ISIC_0034069,train,SYN_RURAL_like,RURAL_like,very_low,e60b992666999b27,data/raw/isic2019/ISIC_2019_Training_Input/ISIC_0034069.jpg
PHASH_000235,2,True,4,False,ISIC_0032792,test,SYN_BCN_like,BCN_like,very_low,7364ce180cb3b34f,data/raw/isic2019/ISIC_2019_Training_Input/ISIC_0032792.jpg
PHASH_000235,2,True,4,False,ISIC_0034052,val,SYN_RURAL_like,RURAL_like,high,3364ce1e0cb3334f,data/raw/isic2019/ISIC_2019_Training_Input/ISIC_0034052.jpg
PHASH_000236,2,True,4,False,ISIC_0032939,test,SYN_RURAL_like,RURAL_like,very_low,66669e8c993b6465,data/raw/isic2019/ISIC_2019_Training_Input/ISIC_0032939.jpg
PHASH_000236,2,True,4,False,ISIC_0033889,train,SYN_MSK_like,MSK_like,very_low,66e6968c99336665,data/raw/isic2019/ISIC_2019_Training_Input/ISIC_0033889.jpg
PHASH_000237,2,False,4,True,ISIC_0033057,train,SYN_RURAL_like,RURAL_like,very_low,31cdc32c1cf3e30d,data/raw/isic2019/ISIC_2019_Training_Input/ISIC_0033057.jpg
PHASH_000237,2,False,4,True,ISIC_0054706,train,SYN_BCN_like,BCN_like,very_low,31cdc32c1cf3e30d,data/raw/isic2019/ISIC_2019_Training_Input/ISIC_0054706.jpg
PHASH_000238,2,False,4,False,ISIC_0053456,val,SYN_RURAL_like,RURAL_like,high,923d9e351f43605b,data/raw/isic2019/ISIC_2019_Training_Input/ISIC_0053456.jpg
PHASH_000238,2,False,4,False,ISIC_0062239,val,SYN_RURAL_like,RURAL_like,high,923d9f251f43605b,data/raw/isic2019/ISIC_2019_Training_Input/ISIC_0062239.jpg
PHASH_000239,2,False,4,False,ISIC_0053532,test,SYN_RURAL_like,RURAL_like,very_low,ff42f50a462a39a3,data/raw/isic2019/ISIC_2019_Training_Input/ISIC_0053532.jpg
PHASH_000239,2,False,4,False,ISIC_0054600,test,SYN_RURAL_like,RURAL_like,very_low,fe42f40a562a39ab,data/raw/isic2019/ISIC_2019_Training_Input/ISIC_0054600.jpg
PHASH_000240,2,False,4,False,ISIC_0053533,train,SYN_RURAL_like,RURAL_like,high,33c9d90c67b49c4b,data/raw/isic2019/ISIC_2019_Training_Input/ISIC_0053533.jpg
PHASH_000240,2,False,4,False,ISIC_0059565,train,SYN_RURAL_like,RURAL_like,very_low,73c9d92c67949c43,data/raw/isic2019/ISIC_2019_Training_Input/ISIC_0059565.jpg
PHASH_000241,2,False,4,False,ISIC_0053561,train,SYN_RURAL_like,RURAL_like,high,6c8aee78a683992d,data/raw/isic2019/ISIC_2019_Training_Input/ISIC_0053561.jpg
PHASH_000241,2,False,4,False,ISIC_0061817,train,SYN_RURAL_like,RURAL_like,high,688acef8a68b992d,data/raw/isic2019/ISIC_2019_Training_Input/ISIC_0061817.jpg
PHASH_000242,2,False,4,False,ISIC_0053617,train,SYN_HAM_like,HAM_like,high,61522b6abdaa3ca9,data/raw/isic2019/ISIC_2019_Training_Input/ISIC_0053617.jpg
PHASH_000242,2,False,4,False,ISIC_0056572,train,SYN_HAM_like,HAM_like,high,615a2b6abdaa1ca9,data/raw/isic2019/ISIC_2019_Training_Input/ISIC_0056572.jpg
PHASH_000243,2,False,4,False,ISIC_0053643,train,SYN_RURAL_like,RURAL_like,very_low,9b43730c69b696c9,data/raw/isic2019/ISIC_2019_Training_Input/ISIC_0053643.jpg
PHASH_000243,2,False,4,False,ISIC_0054268,train,SYN_RURAL_like,RURAL_like,very_low,9a437b0c69b496cb,data/raw/isic2019/ISIC_2019_Training_Input/ISIC_0054268.jpg
PHASH_000244,2,False,4,False,ISIC_0053673,train,SYN_RURAL_like,RURAL_like,very_low,0eec4f263619c9a7,data/raw/isic2019/ISIC_2019_Training_Input/ISIC_0053673.jpg
PHASH_000244,2,False,4,False,ISIC_0066963,train,SYN_RURAL_like,RURAL_like,very_low,0e6c4f263619cda7,data/raw/isic2019/ISIC_2019_Training_Input/ISIC_0066963.jpg
PHASH_000245,2,False,4,False,ISIC_0053719,train,SYN_RURAL_like,RURAL_like,moderate,99cbf32c63b48c43,data/raw/isic2019/ISIC_2019_Training_Input/ISIC_0053719.jpg
PHASH_000245,2,False,4,False,ISIC_0055665,train,SYN_RURAL_like,RURAL_like,high,99e3f30c63b68c43,data/raw/isic2019/ISIC_2019_Training_Input/ISIC_0055665.jpg
PHASH_000246,2,False,4,True,ISIC_0053738,test,SYN_RURAL_like,RURAL_like,moderate,b2bc53dc535289a9,data/raw/isic2019/ISIC_2019_Training_Input/ISIC_0053738.jpg
PHASH_000246,2,False,4,True,ISIC_0073198,test,SYN_RURAL_like,RURAL_like,moderate,b2bc53dc535289a9,data/raw/isic2019/ISIC_2019_Training_Input/ISIC_0073198.jpg
PHASH_000247,2,False,4,False,ISIC_0053759,train,SYN_MSK_like,MSK_like,very_low,3e1b9c53b8a10b75,data/raw/isic2019/ISIC_2019_Training_Input/ISIC_0053759.jpg
PHASH_000247,2,False,4,False,ISIC_0068887,train,SYN_MSK_like,MSK_like,very_low,3f191c53b8a30b75,data/raw/isic2019/ISIC_2019_Training_Input/ISIC_0068887.jpg
PHASH_000248,2,False,4,True,ISIC_0053812,train,SYN_RURAL_like,RURAL_like,high,010b1b13b9bbfe51,data/raw/isic2019/ISIC_2019_Training_Input/ISIC_0053812.jpg
PHASH_000248,2,False,4,True,ISIC_0071101,train,SYN_RURAL_like,RURAL_like,high,010b1b13b9bbfe51,data/raw/isic2019/ISIC_2019_Training_Input/ISIC_0071101.jpg
PHASH_000249,2,False,4,False,ISIC_0053815,test,SYN_RURAL_like,RURAL_like,moderate,e7630c8c963c69e3,data/raw/isic2019/ISIC_2019_Training_Input/ISIC_0053815.jpg
PHASH_000249,2,False,4,False,ISIC_0070039,test,SYN_RURAL_like,RURAL_like,moderate,e3e34c8c963c69c3,data/raw/isic2019/ISIC_2019_Training_Input/ISIC_0070039.jpg
PHASH_000250,2,False,4,False,ISIC_0053886,train,SYN_BCN_like,BCN_like,very_low,7c88d6a276a9b90b,data/raw/isic2019/ISIC_2019_Training_Input/ISIC_0053886.jpg
PHASH_000250,2,False,4,False,ISIC_0063600,train,SYN_BCN_like,BCN_like,very_low,5c8af6a266a9b90b,data/raw/isic2019/ISIC_2019_Training_Input/ISIC_0063600.jpg
PHASH_000251,2,False,4,False,ISIC_0053976,train,SYN_RURAL_like,RURAL_like,moderate,5379cce436964969,data/raw/isic2019/ISIC_2019_Training_Input/ISIC_0053976.jpg
PHASH_000251,2,False,4,False,ISIC_0056219,train,SYN_MSK_like,MSK_like,moderate,6359cce436965969,data/raw/isic2019/ISIC_2019_Training_Input/ISIC_0056219.jpg
PHASH_000252,2,True,4,False,ISIC_0053980,train,SYN_BCN_like,BCN_like,high,b3c9d92e0cb4b24b,data/raw/isic2019/ISIC_2019_Training_Input/ISIC_0053980.jpg
PHASH_000252,2,True,4,False,ISIC_0071138,val,SYN_MSK_like,MSK_like,high,b3c9c92e0cb4f24b,data/raw/isic2019/ISIC_2019_Training_Input/ISIC_0071138.jpg
PHASH_000253,2,False,4,True,ISIC_0054023,train,SYN_BCN_like,BCN_like,very_low,eae2caa2ca8be60d,data/raw/isic2019/ISIC_2019_Training_Input/ISIC_0054023.jpg
PHASH_000253,2,False,4,True,ISIC_0064545,train,SYN_BCN_like,BCN_like,very_low,eae2caa2ca8be60d,data/raw/isic2019/ISIC_2019_Training_Input/ISIC_0064545.jpg
PHASH_000254,2,False,4,False,ISIC_0054055,train,SYN_RURAL_like,RURAL_like,moderate,6b86a5168c7af6a1,data/raw/isic2019/ISIC_2019_Training_Input/ISIC_0054055.jpg
PHASH_000254,2,False,4,False,ISIC_0072504,train,SYN_HAM_like,HAM_like,very_low,eb86a11e8c7a76a1,data/raw/isic2019/ISIC_2019_Training_Input/ISIC_0072504.jpg
PHASH_000255,2,False,4,True,ISIC_0054074,train,SYN_RURAL_like,RURAL_like,moderate,6fd0d5a3fb04c843,data/raw/isic2019/ISIC_2019_Training_Input/ISIC_0054074.jpg
PHASH_000255,2,False,4,True,ISIC_0071589,train,SYN_RURAL_like,RURAL_like,moderate,6fd0d5a3fb04c843,data/raw/isic2019/ISIC_2019_Training_Input/ISIC_0071589.jpg
PHASH_000256,2,False,4,True,ISIC_0054075,train,SYN_RURAL_like,RURAL_like,moderate,f9a2a948ab23e1cd,data/raw/isic2019/ISIC_2019_Training_Input/ISIC_0054075.jpg
PHASH_000256,2,False,4,True,ISIC_0061861,train,SYN_RURAL_like,RURAL_like,moderate,f9a2a948ab23e1cd,data/raw/isic2019/ISIC_2019_Training_Input/ISIC_0061861.jpg
PHASH_000257,2,False,4,False,ISIC_0054105,train,SYN_BCN_like,BCN_like,very_low,8911f00f5baca7d3,data/raw/isic2019/ISIC_2019_Training_Input/ISIC_0054105.jpg
PHASH_000257,2,False,4,False,ISIC_0056357,train,SYN_BCN_like,BCN_like,very_low,8931d00f5baca7d3,data/raw/isic2019/ISIC_2019_Training_Input/ISIC_0056357.jpg
PHASH_000258,2,False,4,False,ISIC_0054112,train,SYN_BCN_like,BCN_like,high,26bc8cf43e50dc2b,data/raw/isic2019/ISIC_2019_Training_Input/ISIC_0054112.jpg
PHASH_000258,2,False,4,False,ISIC_0055006,train,SYN_HAM_like,HAM_like,very_low,06bc0df47e50dc2b,data/raw/isic2019/ISIC_2019_Training_Input/ISIC_0055006.jpg
PHASH_000259,2,False,4,True,ISIC_0054113,test,SYN_BCN_like,BCN_like,moderate,022cf1598a877df5,data/raw/isic2019/ISIC_2019_Training_Input/ISIC_0054113.jpg
PHASH_000259,2,False,4,True,ISIC_0070345,test,SYN_BCN_like,BCN_like,moderate,022cf1598a877df5,data/raw/isic2019/ISIC_2019_Training_Input/ISIC_0070345.jpg
PHASH_000260,2,False,4,True,ISIC_0054118,test,SYN_RURAL_like,RURAL_like,moderate,07be6cf4ac521aa9,data/raw/isic2019/ISIC_2019_Training_Input/ISIC_0054118.jpg
PHASH_000260,2,False,4,True,ISIC_0056756,test,SYN_RURAL_like,RURAL_like,moderate,07be6cf4ac521aa9,data/raw/isic2019/ISIC_2019_Training_Input/ISIC_0056756.jpg
PHASH_000261,2,False,4,False,ISIC_0054192,train,SYN_BCN_like,BCN_like,very_low,9cc95927e3b61c49,data/raw/isic2019/ISIC_2019_Training_Input/ISIC_0054192.jpg
PHASH_000261,2,False,4,False,ISIC_0064412,train,SYN_BCN_like,BCN_like,very_low,1cc93927e3b61cc9,data/raw/isic2019/ISIC_2019_Training_Input/ISIC_0064412.jpg
PHASH_000262,2,False,4,False,ISIC_0054202,train,SYN_RURAL_like,RURAL_like,moderate,87eb1852b1a3655d,data/raw/isic2019/ISIC_2019_Training_Input/ISIC_0054202.jpg
PHASH_000262,2,False,4,False,ISIC_0068764,train,SYN_RURAL_like,RURAL_like,moderate,87e31a52b1a3555d,data/raw/isic2019/ISIC_2019_Training_Input/ISIC_0068764.jpg
PHASH_000263,2,False,4,False,ISIC_0054207,train,SYN_BCN_like,BCN_like,low,c9a62696665e99a9,data/raw/isic2019/ISIC_2019_Training_Input/ISIC_0054207.jpg
PHASH_000263,2,False,4,False,ISIC_0072904,train,SYN_BCN_like,BCN_like,low,c9a62696565e99a9,data/raw/isic2019/ISIC_2019_Training_Input/ISIC_0072904.jpg
PHASH_000264,2,False,4,False,ISIC_0054271,val,SYN_BCN_like,BCN_like,moderate,e7cabaaa02a3ac8d,data/raw/isic2019/ISIC_2019_Training_Input/ISIC_0054271.jpg
PHASH_000264,2,False,4,False,ISIC_0066374,val,SYN_BCN_like,BCN_like,moderate,e7ca9aaa02abac8d,data/raw/isic2019/ISIC_2019_Training_Input/ISIC_0066374.jpg
PHASH_000265,2,False,4,False,ISIC_0054288,train,SYN_RURAL_like,RURAL_like,high,0cf68cf47e5290ab,data/raw/isic2019/ISIC_2019_Training_Input/ISIC_0054288.jpg
PHASH_000265,2,False,4,False,ISIC_0068768,train,SYN_RURAL_like,RURAL_like,high,0cf69cf47e52902b,data/raw/isic2019/ISIC_2019_Training_Input/ISIC_0068768.jpg
PHASH_000266,2,False,4,True,ISIC_0054334,val,SYN_BCN_like,BCN_like,high,1bbcc3de38526389,data/raw/isic2019/ISIC_2019_Training_Input/ISIC_0054334.jpg
PHASH_000266,2,False,4,True,ISIC_0056130,val,SYN_BCN_like,BCN_like,high,1bbcc3de38526389,data/raw/isic2019/ISIC_2019_Training_Input/ISIC_0056130.jpg
PHASH_000267,2,False,4,False,ISIC_0054368,train,SYN_BCN_like,BCN_like,low,ff60dcaa8681f20d,data/raw/isic2019/ISIC_2019_Training_Input/ISIC_0054368.jpg
PHASH_000267,2,False,4,False,ISIC_0062672,train,SYN_BCN_like,BCN_like,low,ff60ccaa8681fa0d,data/raw/isic2019/ISIC_2019_Training_Input/ISIC_0062672.jpg
PHASH_000268,2,False,4,False,ISIC_0054378,val,SYN_RURAL_like,RURAL_like,high,731c9b74f1d84c83,data/raw/isic2019/ISIC_2019_Training_Input/ISIC_0054378.jpg
PHASH_000268,2,False,4,False,ISIC_0068380,val,SYN_RURAL_like,RURAL_like,high,631c1b74f3d8cc83,data/raw/isic2019/ISIC_2019_Training_Input/ISIC_0068380.jpg
PHASH_000269,2,False,4,False,ISIC_0054400,train,SYN_RURAL_like,RURAL_like,very_low,e3268f9c2672dc89,data/raw/isic2019/ISIC_2019_Training_Input/ISIC_0054400.jpg
PHASH_000269,2,False,4,False,ISIC_0073194,train,SYN_HAM_like,HAM_like,high,6326879e2672dc8b,data/raw/isic2019/ISIC_2019_Training_Input/ISIC_0073194.jpg
PHASH_000270,2,False,4,False,ISIC_0054406,train,SYN_RURAL_like,RURAL_like,very_low,81f60e58f8a98377,data/raw/isic2019/ISIC_2019_Training_Input/ISIC_0054406.jpg
PHASH_000270,2,False,4,False,ISIC_0054672,train,SYN_RURAL_like,RURAL_like,very_low,b1b60e58f8a98357,data/raw/isic2019/ISIC_2019_Training_Input/ISIC_0054672.jpg
PHASH_000271,2,False,4,False,ISIC_0054423,train,SYN_RURAL_like,RURAL_like,low,e196e98c16e9a917,data/raw/isic2019/ISIC_2019_Training_Input/ISIC_0054423.jpg
PHASH_000271,2,False,4,False,ISIC_0069435,train,SYN_RURAL_like,RURAL_like,low,e916e98c16e9a917,data/raw/isic2019/ISIC_2019_Training_Input/ISIC_0069435.jpg
PHASH_000272,2,False,4,False,ISIC_0054482,train,SYN_MSK_like,MSK_like,high,2cb4b672de5298a9,data/raw/isic2019/ISIC_2019_Training_Input/ISIC_0054482.jpg
PHASH_000272,2,False,4,False,ISIC_0065396,train,SYN_MSK_like,MSK_like,high,3cb4b672ce5298a9,data/raw/isic2019/ISIC_2019_Training_Input/ISIC_0065396.jpg
PHASH_000273,2,False,4,False,ISIC_0054570,val,SYN_RURAL_like,RURAL_like,high,c9d836f64b48e323,data/raw/isic2019/ISIC_2019_Training_Input/ISIC_0054570.jpg
PHASH_000273,2,False,4,False,ISIC_0065537,val,SYN_RURAL_like,RURAL_like,high,c9d836f64a58e323,data/raw/isic2019/ISIC_2019_Training_Input/ISIC_0065537.jpg
PHASH_000274,2,False,4,False,ISIC_0054587,train,SYN_MSK_like,MSK_like,very_low,dc72734ade227889,data/raw/isic2019/ISIC_2019_Training_Input/ISIC_0054587.jpg
PHASH_000274,2,False,4,False,ISIC_0061525,train,SYN_BCN_like,BCN_like,very_low,dc7273c8dc227a89,data/raw/isic2019/ISIC_2019_Training_Input/ISIC_0061525.jpg
PHASH_000275,2,False,4,False,ISIC_0054588,train,SYN_BCN_like,BCN_like,very_low,fe7073c8dc22708b,data/raw/isic2019/ISIC_2019_Training_Input/ISIC_0054588.jpg
PHASH_000275,2,False,4,False,ISIC_0072016,train,SYN_RURAL_like,RURAL_like,very_low,de7073cad42270ab,data/raw/isic2019/ISIC_2019_Training_Input/ISIC_0072016.jpg
PHASH_000276,2,False,4,False,ISIC_0054669,train,SYN_BCN_like,BCN_like,very_low,d3a35c8ce623788d,data/raw/isic2019/ISIC_2019_Training_Input/ISIC_0054669.jpg
PHASH_000276,2,False,4,False,ISIC_0056997,train,SYN_BCN_like,BCN_like,very_low,d3b34c8ce433788d,data/raw/isic2019/ISIC_2019_Training_Input/ISIC_0056997.jpg
PHASH_000277,2,False,4,True,ISIC_0054673,train,SYN_BCN_like,BCN_like,high,efe23620d983e60d,data/raw/isic2019/ISIC_2019_Training_Input/ISIC_0054673.jpg
PHASH_000277,2,False,4,True,ISIC_0068975,train,SYN_BCN_like,BCN_like,high,efe23620d983e60d,data/raw/isic2019/ISIC_2019_Training_Input/ISIC_0068975.jpg
PHASH_000278,2,False,4,False,ISIC_0054685,train,SYN_RURAL_like,RURAL_like,very_low,3959662699996667,data/raw/isic2019/ISIC_2019_Training_Input/ISIC_0054685.jpg
PHASH_000278,2,False,4,False,ISIC_0060407,train,SYN_BCN_like,BCN_like,very_low,3349662699d96667,data/raw/isic2019/ISIC_2019_Training_Input/ISIC_0060407.jpg
PHASH_000279,2,False,4,True,ISIC_0054687,train,SYN_RURAL_like,RURAL_like,moderate,fcd0f948c602f8ab,data/raw/isic2019/ISIC_2019_Training_Input/ISIC_0054687.jpg
PHASH_000279,2,False,4,True,ISIC_0059108,train,SYN_RURAL_like,RURAL_like,moderate,fcd0f948c602f8ab,data/raw/isic2019/ISIC_2019_Training_Input/ISIC_0059108.jpg
PHASH_000280,2,True,4,False,ISIC_0054695,train,SYN_RURAL_like,RURAL_like,very_low,9c8c7a36d9d8a323,data/raw/isic2019/ISIC_2019_Training_Input/ISIC_0054695.jpg
PHASH_000280,2,True,4,False,ISIC_0057189,val,SYN_MSK_like,MSK_like,very_low,988c7636d9d8a32b,data/raw/isic2019/ISIC_2019_Training_Input/ISIC_0057189.jpg
PHASH_000281,2,False,4,False,ISIC_0054704,train,SYN_HAM_like,HAM_like,very_low,9266739a4e69b287,data/raw/isic2019/ISIC_2019_Training_Input/ISIC_0054704.jpg
PHASH_000281,2,False,4,False,ISIC_0071896,train,SYN_HAM_like,HAM_like,very_low,9226739a4e69ba87,data/raw/isic2019/ISIC_2019_Training_Input/ISIC_0071896.jpg
PHASH_000282,2,False,4,False,ISIC_0054735,val,SYN_MSK_like,MSK_like,moderate,0a75738dccb213ab,data/raw/isic2019/ISIC_2019_Training_Input/ISIC_0054735.jpg
PHASH_000282,2,False,4,False,ISIC_0072693,val,SYN_MSK_like,MSK_like,moderate,0e74738dcce213ab,data/raw/isic2019/ISIC_2019_Training_Input/ISIC_0072693.jpg
PHASH_000283,2,False,4,True,ISIC_0054763,val,SYN_BCN_like,BCN_like,high,733ca3f48e50cc8b,data/raw/isic2019/ISIC_2019_Training_Input/ISIC_0054763.jpg
PHASH_000283,2,False,4,True,ISIC_0054802,val,SYN_BCN_like,BCN_like,high,733ca3f48e50cc8b,data/raw/isic2019/ISIC_2019_Training_Input/ISIC_0054802.jpg
PHASH_000284,2,False,4,True,ISIC_0054792,val,SYN_HAM_like,HAM_like,very_low,ce93f34c0c3322cf,data/raw/isic2019/ISIC_2019_Training_Input/ISIC_0054792.jpg
PHASH_000284,2,False,4,True,ISIC_0072272,val,SYN_HAM_like,HAM_like,very_low,ce93f34c0c3322cf,data/raw/isic2019/ISIC_2019_Training_Input/ISIC_0072272.jpg
PHASH_000285,2,False,4,False,ISIC_0054819,val,SYN_BCN_like,BCN_like,high,9b4970dbb329429d,data/raw/isic2019/ISIC_2019_Training_Input/ISIC_0054819.jpg
PHASH_000285,2,False,4,False,ISIC_0072713,val,SYN_BCN_like,BCN_like,high,9bc9705bb3a94295,data/raw/isic2019/ISIC_2019_Training_Input/ISIC_0072713.jpg
PHASH_000286,2,False,4,False,ISIC_0054892,train,SYN_RURAL_like,RURAL_like,high,f6d853e06e826aa3,data/raw/isic2019/ISIC_2019_Training_Input/ISIC_0054892.jpg
PHASH_000286,2,False,4,False,ISIC_0059343,train,SYN_RURAL_like,RURAL_like,high,d6d853e06e8a6aa3,data/raw/isic2019/ISIC_2019_Training_Input/ISIC_0059343.jpg
PHASH_000287,2,False,4,True,ISIC_0054911,test,SYN_RURAL_like,RURAL_like,low,116cd60b2cb3374f,data/raw/isic2019/ISIC_2019_Training_Input/ISIC_0054911.jpg
PHASH_000287,2,False,4,True,ISIC_0062368,test,SYN_RURAL_like,RURAL_like,low,116cd60b2cb3374f,data/raw/isic2019/ISIC_2019_Training_Input/ISIC_0062368.jpg
PHASH_000288,2,False,4,False,ISIC_0054931,train,SYN_RURAL_like,RURAL_like,low,f758fc42f282582b,data/raw/isic2019/ISIC_2019_Training_Input/ISIC_0054931.jpg
PHASH_000288,2,False,4,False,ISIC_0071225,train,SYN_RURAL_like,RURAL_like,low,f558fc42f2825c2b,data/raw/isic2019/ISIC_2019_Training_Input/ISIC_0071225.jpg
PHASH_000289,2,False,4,False,ISIC_0054951,train,SYN_BCN_like,BCN_like,very_low,3ea6b316565e89a1,data/raw/isic2019/ISIC_2019_Training_Input/ISIC_0054951.jpg
PHASH_000289,2,False,4,False,ISIC_0061305,train,SYN_BCN_like,BCN_like,very_low,b4a6b716565e89a1,data/raw/isic2019/ISIC_2019_Training_Input/ISIC_0061305.jpg
PHASH_000290,2,False,4,False,ISIC_0054972,train,SYN_MSK_like,MSK_like,moderate,f7507648d88af0ab,data/raw/isic2019/ISIC_2019_Training_Input/ISIC_0054972.jpg
PHASH_000290,2,False,4,False,ISIC_0058539,train,SYN_MSK_like,MSK_like,moderate,f7d07c48d80af0ab,data/raw/isic2019/ISIC_2019_Training_Input/ISIC_0058539.jpg
PHASH_000291,2,False,4,False,ISIC_0054985,test,SYN_RURAL_like,RURAL_like,moderate,3e48d9a2aa4355af,data/raw/isic2019/ISIC_2019_Training_Input/ISIC_0054985.jpg
PHASH_000291,2,False,4,False,ISIC_0059954,test,SYN_RURAL_like,RURAL_like,moderate,3e2ad982aa4355af,data/raw/isic2019/ISIC_2019_Training_Input/ISIC_0059954.jpg
PHASH_000292,2,False,4,True,ISIC_0054986,train,SYN_RURAL_like,RURAL_like,moderate,317a8e4c3d74a8e9,data/raw/isic2019/ISIC_2019_Training_Input/ISIC_0054986.jpg
PHASH_000292,2,False,4,True,ISIC_0067341,train,SYN_RURAL_like,RURAL_like,moderate,317a8e4c3d74a8e9,data/raw/isic2019/ISIC_2019_Training_Input/ISIC_0067341.jpg
PHASH_000293,2,False,4,False,ISIC_0055060,train,SYN_RURAL_like,RURAL_like,moderate,8c8a3299ed61de87,data/raw/isic2019/ISIC_2019_Training_Input/ISIC_0055060.jpg
PHASH_000293,2,False,4,False,ISIC_0064439,train,SYN_RURAL_like,RURAL_like,moderate,8c9a7299e961da87,data/raw/isic2019/ISIC_2019_Training_Input/ISIC_0064439.jpg
PHASH_000294,2,False,4,False,ISIC_0055155,train,SYN_RURAL_like,RURAL_like,very_low,269361199979c9e7,data/raw/isic2019/ISIC_2019_Training_Input/ISIC_0055155.jpg
PHASH_000294,2,False,4,False,ISIC_0072036,train,SYN_RURAL_like,RURAL_like,very_low,369161199979c9e7,data/raw/isic2019/ISIC_2019_Training_Input/ISIC_0072036.jpg
PHASH_000295,2,True,4,False,ISIC_0055223,test,SYN_MSK_like,MSK_like,moderate,fcd0f450560af8ab,data/raw/isic2019/ISIC_2019_Training_Input/ISIC_0055223.jpg
PHASH_000295,2,True,4,False,ISIC_0058020,train,SYN_RURAL_like,RURAL_like,low,fe50f450d60ad8ab,data/raw/isic2019/ISIC_2019_Training_Input/ISIC_0058020.jpg
PHASH_000296,2,True,4,False,ISIC_0055249,test,SYN_BCN_like,BCN_like,high,b3635b8c293696c9,data/raw/isic2019/ISIC_2019_Training_Input/ISIC_0055249.jpg
PHASH_000296,2,True,4,False,ISIC_0061363,train,SYN_RURAL_like,RURAL_like,moderate,f3694b8c293696c9,data/raw/isic2019/ISIC_2019_Training_Input/ISIC_0061363.jpg
PHASH_000297,2,False,4,False,ISIC_0055259,test,SYN_MSK_like,MSK_like,moderate,c9dcd3d623688da1,data/raw/isic2019/ISIC_2019_Training_Input/ISIC_0055259.jpg
PHASH_000297,2,False,4,False,ISIC_0066684,test,SYN_MSK_like,MSK_like,moderate,c9dc53d62348ada3,data/raw/isic2019/ISIC_2019_Training_Input/ISIC_0066684.jpg
PHASH_000298,2,False,4,False,ISIC_0055271,val,SYN_RURAL_like,RURAL_like,moderate,4d505342ce2afbab,data/raw/isic2019/ISIC_2019_Training_Input/ISIC_0055271.jpg
PHASH_000298,2,False,4,False,ISIC_0056251,val,SYN_RURAL_like,RURAL_like,moderate,4e505742cc2afbab,data/raw/isic2019/ISIC_2019_Training_Input/ISIC_0056251.jpg
PHASH_000299,2,False,4,False,ISIC_0055277,train,SYN_HAM_like,HAM_like,very_low,ec20b3cec63338cd,data/raw/isic2019/ISIC_2019_Training_Input/ISIC_0055277.jpg
PHASH_000299,2,False,4,False,ISIC_0069728,train,SYN_HAM_like,HAM_like,very_low,4c23b3cec63338cd,data/raw/isic2019/ISIC_2019_Training_Input/ISIC_0069728.jpg
PHASH_000300,2,False,4,False,ISIC_0055289,train,SYN_BCN_like,BCN_like,high,a64c5bb729e9c605,data/raw/isic2019/ISIC_2019_Training_Input/ISIC_0055289.jpg
PHASH_000300,2,False,4,False,ISIC_0056819,train,SYN_BCN_like,BCN_like,high,264c5bbd29e9c607,data/raw/isic2019/ISIC_2019_Training_Input/ISIC_0056819.jpg
PHASH_000301,2,False,4,False,ISIC_0055320,train,SYN_MSK_like,MSK_like,low,e3a6e3068e5af8a1,data/raw/isic2019/ISIC_2019_Training_Input/ISIC_0055320.jpg
PHASH_000301,2,False,4,False,ISIC_0057008,train,SYN_MSK_like,MSK_like,very_low,eba6e306865a78a9,data/raw/isic2019/ISIC_2019_Training_Input/ISIC_0057008.jpg
PHASH_000302,2,False,4,False,ISIC_0055353,test,SYN_RURAL_like,RURAL_like,moderate,cda278a8cda26ea9,data/raw/isic2019/ISIC_2019_Training_Input/ISIC_0055353.jpg
PHASH_000302,2,False,4,False,ISIC_0055483,test,SYN_RURAL_like,RURAL_like,moderate,cda278a8cde22ea9,data/raw/isic2019/ISIC_2019_Training_Input/ISIC_0055483.jpg
PHASH_000303,2,True,4,False,ISIC_0055354,test,SYN_RURAL_like,RURAL_like,very_low,94b466dc9c72728b,data/raw/isic2019/ISIC_2019_Training_Input/ISIC_0055354.jpg
PHASH_000303,2,True,4,False,ISIC_0065430,train,SYN_BCN_like,BCN_like,very_low,8c3467dc9c72728b,data/raw/isic2019/ISIC_2019_Training_Input/ISIC_0065430.jpg
PHASH_000304,2,False,4,False,ISIC_0055434,train,SYN_MSK_like,MSK_like,low,d998d8e8e6839267,data/raw/isic2019/ISIC_2019_Training_Input/ISIC_0055434.jpg
PHASH_000304,2,False,4,False,ISIC_0072421,train,SYN_MSK_like,MSK_like,low,d998d8e8e2839277,data/raw/isic2019/ISIC_2019_Training_Input/ISIC_0072421.jpg
PHASH_000305,2,False,4,False,ISIC_0055459,train,SYN_HAM_like,HAM_like,high,1cc7732cd93626c9,data/raw/isic2019/ISIC_2019_Training_Input/ISIC_0055459.jpg
PHASH_000305,2,False,4,False,ISIC_0058660,train,SYN_HAM_like,HAM_like,high,3cc7732cc93626c9,data/raw/isic2019/ISIC_2019_Training_Input/ISIC_0058660.jpg
PHASH_000306,2,False,4,False,ISIC_0055473,test,SYN_RURAL_like,RURAL_like,low,24f417dc7652728b,data/raw/isic2019/ISIC_2019_Training_Input/ISIC_0055473.jpg
PHASH_000306,2,False,4,False,ISIC_0069198,test,SYN_RURAL_like,RURAL_like,low,a4d417dc76727289,data/raw/isic2019/ISIC_2019_Training_Input/ISIC_0069198.jpg
PHASH_000307,2,False,4,False,ISIC_0055496,train,SYN_MSK_like,MSK_like,high,70c7c92ba11bc735,data/raw/isic2019/ISIC_2019_Training_Input/ISIC_0055496.jpg
PHASH_000307,2,False,4,False,ISIC_0071528,train,SYN_MSK_like,MSK_like,high,70c6c92ba15bc735,data/raw/isic2019/ISIC_2019_Training_Input/ISIC_0071528.jpg
PHASH_000308,2,True,4,False,ISIC_0055513,test,SYN_RURAL_like,RURAL_like,high,9ccb730c8db66649,data/raw/isic2019/ISIC_2019_Training_Input/ISIC_0055513.jpg
PHASH_000308,2,True,4,False,ISIC_0071887,train,SYN_HAM_like,HAM_like,high,9cc3730c89b666cb,data/raw/isic2019/ISIC_2019_Training_Input/ISIC_0071887.jpg
PHASH_000309,2,False,4,True,ISIC_0055541,train,SYN_BCN_like,BCN_like,very_low,65388ce1f3738c8d,data/raw/isic2019/ISIC_2019_Training_Input/ISIC_0055541.jpg
PHASH_000309,2,False,4,True,ISIC_0072938,train,SYN_BCN_like,BCN_like,very_low,65388ce1f3738c8d,data/raw/isic2019/ISIC_2019_Training_Input/ISIC_0072938.jpg
PHASH_000310,2,False,4,False,ISIC_0055601,train,SYN_RURAL_like,RURAL_like,very_low,d90ecdbc26c36227,data/raw/isic2019/ISIC_2019_Training_Input/ISIC_0055601.jpg
PHASH_000310,2,False,4,False,ISIC_0062819,train,SYN_RURAL_like,RURAL_like,very_low,c98ecdbc66436227,data/raw/isic2019/ISIC_2019_Training_Input/ISIC_0062819.jpg
PHASH_000311,2,False,4,False,ISIC_0055641,train,SYN_MSK_like,MSK_like,moderate,3ce3f386093c64e3,data/raw/isic2019/ISIC_2019_Training_Input/ISIC_0055641.jpg
PHASH_000311,2,False,4,False,ISIC_0056265,train,SYN_MSK_like,MSK_like,moderate,34e3f386191c66e3,data/raw/isic2019/ISIC_2019_Training_Input/ISIC_0056265.jpg
PHASH_000312,2,False,4,True,ISIC_0055643,train,SYN_RURAL_like,RURAL_like,high,962c59b6e3d62629,data/raw/isic2019/ISIC_2019_Training_Input/ISIC_0055643.jpg
PHASH_000312,2,False,4,True,ISIC_0065417,train,SYN_RURAL_like,RURAL_like,high,962c59b6e3d62629,data/raw/isic2019/ISIC_2019_Training_Input/ISIC_0065417.jpg
PHASH_000313,2,False,4,False,ISIC_0055679,train,SYN_HAM_like,HAM_like,low,a34ecf2a6493298f,data/raw/isic2019/ISIC_2019_Training_Input/ISIC_0055679.jpg
PHASH_000313,2,False,4,False,ISIC_0070925,train,SYN_HAM_like,HAM_like,low,a34ece2a6cb3218f,data/raw/isic2019/ISIC_2019_Training_Input/ISIC_0070925.jpg
PHASH_000314,2,False,4,False,ISIC_0055735,train,SYN_RURAL_like,RURAL_like,moderate,dd8a5aaa78aa0aab,data/raw/isic2019/ISIC_2019_Training_Input/ISIC_0055735.jpg
PHASH_000314,2,False,4,False,ISIC_0060421,train,SYN_RURAL_like,RURAL_like,moderate,dc0a5eaaf8aa0aab,data/raw/isic2019/ISIC_2019_Training_Input/ISIC_0060421.jpg
PHASH_000315,2,False,4,False,ISIC_0055740,train,SYN_MSK_like,MSK_like,very_low,301336733c4b457f,data/raw/isic2019/ISIC_2019_Training_Input/ISIC_0055740.jpg
PHASH_000315,2,False,4,False,ISIC_0071325,train,SYN_MSK_like,MSK_like,very_low,31133653ac4b457f,data/raw/isic2019/ISIC_2019_Training_Input/ISIC_0071325.jpg
PHASH_000316,2,False,4,False,ISIC_0055806,train,SYN_MSK_like,MSK_like,moderate,a6a696165b5ee1a1,data/raw/isic2019/ISIC_2019_Training_Input/ISIC_0055806.jpg
PHASH_000316,2,False,4,False,ISIC_0061313,train,SYN_MSK_like,MSK_like,moderate,26a686165b7ee5a1,data/raw/isic2019/ISIC_2019_Training_Input/ISIC_0061313.jpg
PHASH_000317,2,False,4,False,ISIC_0055814,train,SYN_RURAL_like,RURAL_like,moderate,6f19e9390fa19057,data/raw/isic2019/ISIC_2019_Training_Input/ISIC_0055814.jpg
PHASH_000317,2,False,4,False,ISIC_0062262,train,SYN_RURAL_like,RURAL_like,moderate,6d19e9390fa1d057,data/raw/isic2019/ISIC_2019_Training_Input/ISIC_0062262.jpg
PHASH_000318,2,False,4,False,ISIC_0055856,val,SYN_BCN_like,BCN_like,very_low,a3d15eac34c30b3d,data/raw/isic2019/ISIC_2019_Training_Input/ISIC_0055856.jpg
PHASH_000318,2,False,4,False,ISIC_0066255,val,SYN_BCN_like,BCN_like,very_low,a3d16eac34c30b3d,data/raw/isic2019/ISIC_2019_Training_Input/ISIC_0066255.jpg
PHASH_000319,2,False,4,False,ISIC_0055922,train,SYN_MSK_like,MSK_like,very_low,101eb9e8c3073e7d,data/raw/isic2019/ISIC_2019_Training_Input/ISIC_0055922.jpg
PHASH_000319,2,False,4,False,ISIC_0062396,train,SYN_MSK_like,MSK_like,very_low,101fb9e0c3077e79,data/raw/isic2019/ISIC_2019_Training_Input/ISIC_0062396.jpg
PHASH_000320,2,False,4,False,ISIC_0055925,train,SYN_RURAL_like,RURAL_like,high,7b82ee28ba2b4987,data/raw/isic2019/ISIC_2019_Training_Input/ISIC_0055925.jpg
PHASH_000320,2,False,4,False,ISIC_0069446,train,SYN_RURAL_like,RURAL_like,high,7b82ee289a23c9a7,data/raw/isic2019/ISIC_2019_Training_Input/ISIC_0069446.jpg
PHASH_000321,2,False,4,True,ISIC_0055961,train,SYN_BCN_like,BCN_like,moderate,be58b650dc0ad8ab,data/raw/isic2019/ISIC_2019_Training_Input/ISIC_0055961.jpg
PHASH_000321,2,False,4,True,ISIC_0061587,train,SYN_BCN_like,BCN_like,moderate,be58b650dc0ad8ab,data/raw/isic2019/ISIC_2019_Training_Input/ISIC_0061587.jpg
PHASH_000322,2,False,4,False,ISIC_0056024,train,SYN_HAM_like,HAM_like,moderate,a4f413d456523eab,data/raw/isic2019/ISIC_2019_Training_Input/ISIC_0056024.jpg
PHASH_000322,2,False,4,False,ISIC_0072102,train,SYN_BCN_like,BCN_like,very_low,e4f611d456523aab,data/raw/isic2019/ISIC_2019_Training_Input/ISIC_0072102.jpg
PHASH_000323,2,False,4,False,ISIC_0056038,val,SYN_MSK_like,MSK_like,very_low,e0b30e393cc3638f,data/raw/isic2019/ISIC_2019_Training_Input/ISIC_0056038.jpg
PHASH_000323,2,False,4,False,ISIC_0063150,val,SYN_MSK_like,MSK_like,very_low,e1b30e393cc3e30d,data/raw/isic2019/ISIC_2019_Training_Input/ISIC_0063150.jpg
PHASH_000324,2,False,4,False,ISIC_0056040,train,SYN_RURAL_like,RURAL_like,very_low,d967490cadf63609,data/raw/isic2019/ISIC_2019_Training_Input/ISIC_0056040.jpg
PHASH_000324,2,False,4,False,ISIC_0057513,train,SYN_RURAL_like,RURAL_like,very_low,d967498ca5f63609,data/raw/isic2019/ISIC_2019_Training_Input/ISIC_0057513.jpg
PHASH_000325,2,False,4,True,ISIC_0056067,test,SYN_RURAL_like,RURAL_like,very_low,9bc3643c92f3690d,data/raw/isic2019/ISIC_2019_Training_Input/ISIC_0056067.jpg
PHASH_000325,2,False,4,True,ISIC_0067320,test,SYN_RURAL_like,RURAL_like,very_low,9bc3643c92f3690d,data/raw/isic2019/ISIC_2019_Training_Input/ISIC_0067320.jpg
PHASH_000326,2,False,4,False,ISIC_0056100,val,SYN_MSK_like,MSK_like,moderate,7e7ca9c4a1f2d203,data/raw/isic2019/ISIC_2019_Training_Input/ISIC_0056100.jpg
PHASH_000326,2,False,4,False,ISIC_0072365,val,SYN_MSK_like,MSK_like,moderate,787ce9d4a1f2d203,data/raw/isic2019/ISIC_2019_Training_Input/ISIC_0072365.jpg
PHASH_000327,2,False,4,False,ISIC_0056144,train,SYN_RURAL_like,RURAL_like,moderate,25694dc0b4b3c9dd,data/raw/isic2019/ISIC_2019_Training_Input/ISIC_0056144.jpg
PHASH_000327,2,False,4,False,ISIC_0070541,train,SYN_RURAL_like,RURAL_like,moderate,25e84dc8b4b389dd,data/raw/isic2019/ISIC_2019_Training_Input/ISIC_0070541.jpg
PHASH_000328,2,False,4,False,ISIC_0056247,train,SYN_RURAL_like,RURAL_like,high,5dea77886ea09a23,data/raw/isic2019/ISIC_2019_Training_Input/ISIC_0056247.jpg
PHASH_000328,2,False,4,False,ISIC_0061580,train,SYN_RURAL_like,RURAL_like,high,5ce8778a6ea29a23,data/raw/isic2019/ISIC_2019_Training_Input/ISIC_0061580.jpg
PHASH_000329,2,False,4,False,ISIC_0056301,train,SYN_RURAL_like,RURAL_like,very_low,33c3fc2c8283d36d,data/raw/isic2019/ISIC_2019_Training_Input/ISIC_0056301.jpg
PHASH_000329,2,False,4,False,ISIC_0066104,train,SYN_RURAL_like,RURAL_like,very_low,31c3fc2c8383d36d,data/raw/isic2019/ISIC_2019_Training_Input/ISIC_0066104.jpg
PHASH_000330,2,False,4,False,ISIC_0056319,train,SYN_BCN_like,BCN_like,high,b6f4a4d016427eab,data/raw/isic2019/ISIC_2019_Training_Input/ISIC_0056319.jpg
PHASH_000330,2,False,4,False,ISIC_0061154,train,SYN_RURAL_like,RURAL_like,moderate,b6f484d017527aab,data/raw/isic2019/ISIC_2019_Training_Input/ISIC_0061154.jpg
PHASH_000331,2,False,4,False,ISIC_0056348,val,SYN_BCN_like,BCN_like,very_low,19997c73e0c313ad,data/raw/isic2019/ISIC_2019_Training_Input/ISIC_0056348.jpg
PHASH_000331,2,False,4,False,ISIC_0069881,val,SYN_BCN_like,BCN_like,very_low,19997cf3e083136d,data/raw/isic2019/ISIC_2019_Training_Input/ISIC_0069881.jpg
PHASH_000332,2,False,4,False,ISIC_0056362,val,SYN_RURAL_like,RURAL_like,moderate,d6879613dc4321d7,data/raw/isic2019/ISIC_2019_Training_Input/ISIC_0056362.jpg
PHASH_000332,2,False,4,False,ISIC_0063091,val,SYN_RURAL_like,RURAL_like,moderate,d6839613dc43a1d7,data/raw/isic2019/ISIC_2019_Training_Input/ISIC_0063091.jpg
PHASH_000333,2,False,4,False,ISIC_0056370,test,SYN_BCN_like,BCN_like,very_low,c79a16686ca19977,data/raw/isic2019/ISIC_2019_Training_Input/ISIC_0056370.jpg
PHASH_000333,2,False,4,False,ISIC_0056583,test,SYN_BCN_like,BCN_like,very_low,e68a16e86ca19977,data/raw/isic2019/ISIC_2019_Training_Input/ISIC_0056583.jpg
PHASH_000334,2,False,4,True,ISIC_0056425,train,SYN_RURAL_like,RURAL_like,high,e6d2cb304ca3b34d,data/raw/isic2019/ISIC_2019_Training_Input/ISIC_0056425.jpg
PHASH_000334,2,False,4,True,ISIC_0071559,train,SYN_RURAL_like,RURAL_like,high,e6d2cb304ca3b34d,data/raw/isic2019/ISIC_2019_Training_Input/ISIC_0071559.jpg
PHASH_000335,2,False,4,False,ISIC_0056470,train,SYN_BCN_like,BCN_like,very_low,7816fb5e62fa8901,data/raw/isic2019/ISIC_2019_Training_Input/ISIC_0056470.jpg
PHASH_000335,2,False,4,False,ISIC_0070519,train,SYN_BCN_like,BCN_like,very_low,7216db5e63fa8901,data/raw/isic2019/ISIC_2019_Training_Input/ISIC_0070519.jpg
PHASH_000336,2,False,4,False,ISIC_0056528,train,SYN_RURAL_like,RURAL_like,very_low,323ab8f9908bbf05,data/raw/isic2019/ISIC_2019_Training_Input/ISIC_0056528.jpg
PHASH_000336,2,False,4,False,ISIC_0072249,train,SYN_RURAL_like,RURAL_like,very_low,3a3ab8f9808bbf05,data/raw/isic2019/ISIC_2019_Training_Input/ISIC_0072249.jpg
PHASH_000337,2,False,4,False,ISIC_0056556,train,SYN_RURAL_like,RURAL_like,moderate,5baa0f8af322bc89,data/raw/isic2019/ISIC_2019_Training_Input/ISIC_0056556.jpg
PHASH_000337,2,False,4,False,ISIC_0059528,train,SYN_RURAL_like,RURAL_like,moderate,5b2ace8af322bc89,data/raw/isic2019/ISIC_2019_Training_Input/ISIC_0059528.jpg
PHASH_000338,2,False,4,False,ISIC_0056630,train,SYN_RURAL_like,RURAL_like,moderate,a328bf83a71c4d63,data/raw/isic2019/ISIC_2019_Training_Input/ISIC_0056630.jpg
PHASH_000338,2,False,4,False,ISIC_0071669,train,SYN_RURAL_like,RURAL_like,moderate,a220bf83a73c4d67,data/raw/isic2019/ISIC_2019_Training_Input/ISIC_0071669.jpg
PHASH_000339,2,False,4,False,ISIC_0056651,test,SYN_BCN_like,BCN_like,very_low,8c33338c8f326b8f,data/raw/isic2019/ISIC_2019_Training_Input/ISIC_0056651.jpg
PHASH_000339,2,False,4,False,ISIC_0071432,test,SYN_BCN_like,BCN_like,very_low,cc33338c8d326bcb,data/raw/isic2019/ISIC_2019_Training_Input/ISIC_0071432.jpg
PHASH_000340,2,False,4,False,ISIC_0056655,test,SYN_BCN_like,BCN_like,high,b1ab432e0cab738d,data/raw/isic2019/ISIC_2019_Training_Input/ISIC_0056655.jpg
PHASH_000340,2,False,4,False,ISIC_0068576,test,SYN_BCN_like,BCN_like,high,b18b432e8cab738d,data/raw/isic2019/ISIC_2019_Training_Input/ISIC_0068576.jpg
PHASH_000341,2,False,4,False,ISIC_0056705,train,SYN_RURAL_like,RURAL_like,very_low,cee2f38accaa3829,data/raw/isic2019/ISIC_2019_Training_Input/ISIC_0056705.jpg
PHASH_000341,2,False,4,False,ISIC_0067178,train,SYN_RURAL_like,RURAL_like,very_low,cfe2b38acc2a38a9,data/raw/isic2019/ISIC_2019_Training_Input/ISIC_0067178.jpg
PHASH_000342,2,False,4,True,ISIC_0056728,train,SYN_RURAL_like,RURAL_like,high,9f2065aafba2de01,data/raw/isic2019/ISIC_2019_Training_Input/ISIC_0056728.jpg
PHASH_000342,2,False,4,True,ISIC_0068343,train,SYN_RURAL_like,RURAL_like,high,9f2065aafba2de01,data/raw/isic2019/ISIC_2019_Training_Input/ISIC_0068343.jpg
PHASH_000343,2,False,4,False,ISIC_0056751,train,SYN_RURAL_like,RURAL_like,high,9c6373a4e3168ce9,data/raw/isic2019/ISIC_2019_Training_Input/ISIC_0056751.jpg
PHASH_000343,2,False,4,False,ISIC_0065407,train,SYN_RURAL_like,RURAL_like,moderate,1c6373ace3169c69,data/raw/isic2019/ISIC_2019_Training_Input/ISIC_0065407.jpg
PHASH_000344,2,True,4,False,ISIC_0056767,test,SYN_RURAL_like,RURAL_like,moderate,93c3f90c23b4de43,data/raw/isic2019/ISIC_2019_Training_Input/ISIC_0056767.jpg
PHASH_000344,2,True,4,False,ISIC_0059096,train,SYN_RURAL_like,RURAL_like,moderate,93cbd90c2bb4ce43,data/raw/isic2019/ISIC_2019_Training_Input/ISIC_0059096.jpg
PHASH_000345,2,False,4,False,ISIC_0056805,test,SYN_RURAL_like,RURAL_like,very_low,cc464c32a3f19acf,data/raw/isic2019/ISIC_2019_Training_Input/ISIC_0056805.jpg
PHASH_000345,2,False,4,False,ISIC_0062456,test,SYN_RURAL_like,RURAL_like,very_low,cc444c36a3f19acf,data/raw/isic2019/ISIC_2019_Training_Input/ISIC_0062456.jpg
PHASH_000346,2,False,4,False,ISIC_0056845,train,SYN_RURAL_like,RURAL_like,very_low,84f615d457521eab,data/raw/isic2019/ISIC_2019_Training_Input/ISIC_0056845.jpg
PHASH_000346,2,False,4,False,ISIC_0058188,train,SYN_RURAL_like,RURAL_like,moderate,81f634d457521eab,data/raw/isic2019/ISIC_2019_Training_Input/ISIC_0058188.jpg
PHASH_000347,2,False,4,True,ISIC_0056850,train,SYN_BCN_like,BCN_like,very_low,c2c1677916838d5f,data/raw/isic2019/ISIC_2019_Training_Input/ISIC_0056850.jpg
PHASH_000347,2,False,4,True,ISIC_0067024,train,SYN_BCN_like,BCN_like,very_low,c2c1677916838d5f,data/raw/isic2019/ISIC_2019_Training_Input/ISIC_0067024.jpg
PHASH_000348,2,False,4,False,ISIC_0056939,test,SYN_RURAL_like,RURAL_like,very_low,2723b403d24b4bfd,data/raw/isic2019/ISIC_2019_Training_Input/ISIC_0056939.jpg
PHASH_000348,2,False,4,False,ISIC_0072488,test,SYN_RURAL_like,RURAL_like,very_low,2e63b403d2434bfd,data/raw/isic2019/ISIC_2019_Training_Input/ISIC_0072488.jpg
PHASH_000349,2,False,4,False,ISIC_0056991,train,SYN_MSK_like,MSK_like,high,dcf84cf234a1d90d,data/raw/isic2019/ISIC_2019_Training_Input/ISIC_0056991.jpg
PHASH_000349,2,False,4,False,ISIC_0071778,train,SYN_MSK_like,MSK_like,high,d4f84ef234a1d90d,data/raw/isic2019/ISIC_2019_Training_Input/ISIC_0071778.jpg
PHASH_000350,2,True,4,False,ISIC_0057005,test,SYN_BCN_like,BCN_like,very_low,9c7371ccc5361cc9,data/raw/isic2019/ISIC_2019_Training_Input/ISIC_0057005.jpg
PHASH_000350,2,True,4,False,ISIC_0073156,train,SYN_HAM_like,HAM_like,high,9c7371ccc53634c9,data/raw/isic2019/ISIC_2019_Training_Input/ISIC_0073156.jpg
PHASH_000351,2,False,4,True,ISIC_0057051,test,SYN_RURAL_like,RURAL_like,moderate,a63cd6f4135229ab,data/raw/isic2019/ISIC_2019_Training_Input/ISIC_0057051.jpg
PHASH_000351,2,False,4,True,ISIC_0066220,test,SYN_RURAL_like,RURAL_like,moderate,a63cd6f4135229ab,data/raw/isic2019/ISIC_2019_Training_Input/ISIC_0066220.jpg
PHASH_000352,2,False,4,False,ISIC_0057076,val,SYN_MSK_like,MSK_like,very_low,2f4c733243d31e2d,data/raw/isic2019/ISIC_2019_Training_Input/ISIC_0057076.jpg
PHASH_000352,2,False,4,False,ISIC_0069641,val,SYN_MSK_like,MSK_like,very_low,6f4c73b243c31c2d,data/raw/isic2019/ISIC_2019_Training_Input/ISIC_0069641.jpg
PHASH_000353,2,False,4,False,ISIC_0057153,test,SYN_MSK_like,MSK_like,very_low,7c6cb403d22b0bf5,data/raw/isic2019/ISIC_2019_Training_Input/ISIC_0057153.jpg
PHASH_000353,2,False,4,False,ISIC_0067282,test,SYN_MSK_like,MSK_like,very_low,6c69b403d22b8bf5,data/raw/isic2019/ISIC_2019_Training_Input/ISIC_0067282.jpg
PHASH_000354,2,True,4,False,ISIC_0057234,train,SYN_BCN_like,BCN_like,high,e3968d5e04f2f609,data/raw/isic2019/ISIC_2019_Training_Input/ISIC_0057234.jpg
PHASH_000354,2,True,4,False,ISIC_0062960,test,SYN_BCN_like,BCN_like,very_low,e3968d5e24f2d289,data/raw/isic2019/ISIC_2019_Training_Input/ISIC_0062960.jpg
PHASH_000355,2,False,4,False,ISIC_0057252,train,SYN_HAM_like,HAM_like,high,7343cb2c6cb69349,data/raw/isic2019/ISIC_2019_Training_Input/ISIC_0057252.jpg
PHASH_000355,2,False,4,False,ISIC_0066066,train,SYN_RURAL_like,RURAL_like,high,7343c72c2cb6b349,data/raw/isic2019/ISIC_2019_Training_Input/ISIC_0066066.jpg
PHASH_000356,2,True,4,False,ISIC_0057269,val,SYN_BCN_like,BCN_like,very_low,3386cc16337aeca9,data/raw/isic2019/ISIC_2019_Training_Input/ISIC_0057269.jpg
PHASH_000356,2,True,4,False,ISIC_0067582,train,SYN_BCN_like,BCN_like,low,33a6ce16335acca9,data/raw/isic2019/ISIC_2019_Training_Input/ISIC_0067582.jpg
PHASH_000357,2,False,4,True,ISIC_0057272,train,SYN_RURAL_like,RURAL_like,low,ac6d728e937c4c43,data/raw/isic2019/ISIC_2019_Training_Input/ISIC_0057272.jpg
PHASH_000357,2,False,4,True,ISIC_0072042,train,SYN_RURAL_like,RURAL_like,low,ac6d728e937c4c43,data/raw/isic2019/ISIC_2019_Training_Input/ISIC_0072042.jpg
PHASH_000358,2,False,4,False,ISIC_0057292,train,SYN_MSK_like,MSK_like,moderate,c32c0fbca5527c2b,data/raw/isic2019/ISIC_2019_Training_Input/ISIC_0057292.jpg
PHASH_000358,2,False,4,False,ISIC_0067040,train,SYN_BCN_like,BCN_like,very_low,c32c0dbcadd25c2b,data/raw/isic2019/ISIC_2019_Training_Input/ISIC_0067040.jpg
PHASH_000359,2,False,4,False,ISIC_0057313,val,SYN_MSK_like,MSK_like,high,f34cd8368cd3232d,data/raw/isic2019/ISIC_2019_Training_Input/ISIC_0057313.jpg
PHASH_000359,2,False,4,False,ISIC_0060586,val,SYN_MSK_like,MSK_like,high,f34cd8368cd3330d,data/raw/isic2019/ISIC_2019_Training_Input/ISIC_0060586.jpg
PHASH_000360,2,False,4,False,ISIC_0057355,train,SYN_RURAL_like,RURAL_like,moderate,e65293f8d982e629,data/raw/isic2019/ISIC_2019_Training_Input/ISIC_0057355.jpg
PHASH_000360,2,False,4,False,ISIC_0064899,train,SYN_RURAL_like,RURAL_like,moderate,e6529778d982e629,data/raw/isic2019/ISIC_2019_Training_Input/ISIC_0064899.jpg
PHASH_000361,2,False,4,False,ISIC_0057359,train,SYN_HAM_like,HAM_like,moderate,5392e86e1e83699d,data/raw/isic2019/ISIC_2019_Training_Input/ISIC_0057359.jpg
PHASH_000361,2,False,4,False,ISIC_0066121,train,SYN_HAM_like,HAM_like,moderate,7312e06e3e83699d,data/raw/isic2019/ISIC_2019_Training_Input/ISIC_0066121.jpg
PHASH_000362,2,True,4,False,ISIC_0057361,train,SYN_HAM_like,HAM_like,high,0cb6bcd4f6509ca3,data/raw/isic2019/ISIC_2019_Training_Input/ISIC_0057361.jpg
PHASH_000362,2,True,4,False,ISIC_0072574,test,SYN_RURAL_like,RURAL_like,high,0cb62cdcf6509cab,data/raw/isic2019/ISIC_2019_Training_Input/ISIC_0072574.jpg
PHASH_000363,2,False,4,False,ISIC_0057375,val,SYN_RURAL_like,RURAL_like,very_low,dab212d3026dccbd,data/raw/isic2019/ISIC_2019_Training_Input/ISIC_0057375.jpg
PHASH_000363,2,False,4,False,ISIC_0070633,val,SYN_RURAL_like,RURAL_like,very_low,dab2125b226d4cbd,data/raw/isic2019/ISIC_2019_Training_Input/ISIC_0070633.jpg
PHASH_000364,2,False,4,False,ISIC_0057453,test,SYN_BCN_like,BCN_like,very_low,f628a6a313a1b99d,data/raw/isic2019/ISIC_2019_Training_Input/ISIC_0057453.jpg
PHASH_000364,2,False,4,False,ISIC_0058442,test,SYN_BCN_like,BCN_like,very_low,f609b2a313a1b99d,data/raw/isic2019/ISIC_2019_Training_Input/ISIC_0058442.jpg
PHASH_000365,2,False,4,True,ISIC_0057477,test,SYN_RURAL_like,RURAL_like,moderate,08bc03f4e752dcab,data/raw/isic2019/ISIC_2019_Training_Input/ISIC_0057477.jpg
PHASH_000365,2,False,4,True,ISIC_0061307,test,SYN_RURAL_like,RURAL_like,moderate,08bc03f4e752dcab,data/raw/isic2019/ISIC_2019_Training_Input/ISIC_0061307.jpg
PHASH_000366,2,False,4,False,ISIC_0057556,train,SYN_RURAL_like,RURAL_like,high,3132d3f953832c5d,data/raw/isic2019/ISIC_2019_Training_Input/ISIC_0057556.jpg
PHASH_000366,2,False,4,False,ISIC_0062160,train,SYN_RURAL_like,RURAL_like,high,b172d3e943832c5d,data/raw/isic2019/ISIC_2019_Training_Input/ISIC_0062160.jpg
PHASH_000367,2,False,4,False,ISIC_0057600,train,SYN_BCN_like,BCN_like,very_low,96b1b4c1e703163f,data/raw/isic2019/ISIC_2019_Training_Input/ISIC_0057600.jpg
PHASH_000367,2,False,4,False,ISIC_0066843,train,SYN_BCN_like,BCN_like,very_low,9eb1b4c16703165f,data/raw/isic2019/ISIC_2019_Training_Input/ISIC_0066843.jpg
PHASH_000368,2,False,4,False,ISIC_0057607,train,SYN_MSK_like,MSK_like,very_low,1962e38c64db9967,data/raw/isic2019/ISIC_2019_Training_Input/ISIC_0057607.jpg
PHASH_000368,2,False,4,False,ISIC_0070857,train,SYN_MSK_like,MSK_like,very_low,3960e38c24dbd967,data/raw/isic2019/ISIC_2019_Training_Input/ISIC_0070857.jpg
PHASH_000369,2,False,4,False,ISIC_0057636,train,SYN_RURAL_like,RURAL_like,low,38a87b8aceb3a40f,data/raw/isic2019/ISIC_2019_Training_Input/ISIC_0057636.jpg
PHASH_000369,2,False,4,False,ISIC_0061536,train,SYN_RURAL_like,RURAL_like,low,98ac798aceb3a40f,data/raw/isic2019/ISIC_2019_Training_Input/ISIC_0061536.jpg
PHASH_000370,2,False,4,False,ISIC_0057713,train,SYN_BCN_like,BCN_like,very_low,f0767976d3580989,data/raw/isic2019/ISIC_2019_Training_Input/ISIC_0057713.jpg
PHASH_000370,2,False,4,False,ISIC_0059419,train,SYN_BCN_like,BCN_like,very_low,f4567876d3780989,data/raw/isic2019/ISIC_2019_Training_Input/ISIC_0059419.jpg
PHASH_000371,2,True,4,False,ISIC_0057857,train,SYN_BCN_like,BCN_like,very_low,b1b684d417525eab,data/raw/isic2019/ISIC_2019_Training_Input/ISIC_0057857.jpg
PHASH_000371,2,True,4,False,ISIC_0073169,val,SYN_BCN_like,BCN_like,very_low,a1b686d41752ceab,data/raw/isic2019/ISIC_2019_Training_Input/ISIC_0073169.jpg
PHASH_000372,2,False,4,False,ISIC_0057870,train,SYN_RURAL_like,RURAL_like,high,ad8087f1e5aaaca9,data/raw/isic2019/ISIC_2019_Training_Input/ISIC_0057870.jpg
PHASH_000372,2,False,4,False,ISIC_0066359,train,SYN_RURAL_like,RURAL_like,high,ad8007f1e5aaada9,data/raw/isic2019/ISIC_2019_Training_Input/ISIC_0066359.jpg
PHASH_000373,2,False,4,False,ISIC_0057881,train,SYN_RURAL_like,RURAL_like,high,83827c3acee3398d,data/raw/isic2019/ISIC_2019_Training_Input/ISIC_0057881.jpg
PHASH_000373,2,False,4,False,ISIC_0063046,train,SYN_RURAL_like,RURAL_like,high,838a7c3a8ee3338d,data/raw/isic2019/ISIC_2019_Training_Input/ISIC_0063046.jpg
PHASH_000374,2,True,4,False,ISIC_0057896,val,SYN_RURAL_like,RURAL_like,high,ebfaa3ea83a88d01,data/raw/isic2019/ISIC_2019_Training_Input/ISIC_0057896.jpg
PHASH_000374,2,True,4,False,ISIC_0063909,train,SYN_HAM_like,HAM_like,very_low,ebfa89ea83a8cd01,data/raw/isic2019/ISIC_2019_Training_Input/ISIC_0063909.jpg
PHASH_000375,2,False,4,False,ISIC_0057924,train,SYN_HAM_like,HAM_like,very_low,b35246425b0afeab,data/raw/isic2019/ISIC_2019_Training_Input/ISIC_0057924.jpg
PHASH_000375,2,False,4,False,ISIC_0065630,train,SYN_HAM_like,HAM_like,very_low,b350c6425b0afeab,data/raw/isic2019/ISIC_2019_Training_Input/ISIC_0065630.jpg
PHASH_000376,2,False,4,False,ISIC_0057975,train,SYN_RURAL_like,RURAL_like,very_low,3118d1794ee39c1f,data/raw/isic2019/ISIC_2019_Training_Input/ISIC_0057975.jpg
PHASH_000376,2,False,4,False,ISIC_0065907,train,SYN_RURAL_like,RURAL_like,very_low,3318d1714ee3b81f,data/raw/isic2019/ISIC_2019_Training_Input/ISIC_0065907.jpg
PHASH_000377,2,False,4,False,ISIC_0057988,train,SYN_MSK_like,MSK_like,very_low,8fd693703f40788b,data/raw/isic2019/ISIC_2019_Training_Input/ISIC_0057988.jpg
PHASH_000377,2,False,4,False,ISIC_0067459,train,SYN_MSK_like,MSK_like,very_low,87d6d3f02f40788b,data/raw/isic2019/ISIC_2019_Training_Input/ISIC_0067459.jpg
PHASH_000378,2,False,4,False,ISIC_0057996,train,SYN_RURAL_like,RURAL_like,high,f38cc93c03767c89,data/raw/isic2019/ISIC_2019_Training_Input/ISIC_0057996.jpg
PHASH_000378,2,False,4,False,ISIC_0071776,train,SYN_RURAL_like,RURAL_like,high,f30cc9b40376fc89,data/raw/isic2019/ISIC_2019_Training_Input/ISIC_0071776.jpg
PHASH_000379,2,False,4,False,ISIC_0058006,train,SYN_RURAL_like,RURAL_like,moderate,1c12e33bc9c3b68d,data/raw/isic2019/ISIC_2019_Training_Input/ISIC_0058006.jpg
PHASH_000379,2,False,4,False,ISIC_0065990,train,SYN_RURAL_like,RURAL_like,moderate,1c32e37349c3b68d,data/raw/isic2019/ISIC_2019_Training_Input/ISIC_0065990.jpg
PHASH_000380,2,False,4,False,ISIC_0058061,train,SYN_MSK_like,MSK_like,moderate,6c1eccf9b0c3c12d,data/raw/isic2019/ISIC_2019_Training_Input/ISIC_0058061.jpg
PHASH_000380,2,False,4,False,ISIC_0069744,train,SYN_MSK_like,MSK_like,moderate,6c1eccf932c3c12d,data/raw/isic2019/ISIC_2019_Training_Input/ISIC_0069744.jpg
PHASH_000381,2,True,4,False,ISIC_0058130,val,SYN_RURAL_like,RURAL_like,moderate,0ff47ed0b84264ab,data/raw/isic2019/ISIC_2019_Training_Input/ISIC_0058130.jpg
PHASH_000381,2,True,4,False,ISIC_0066608,train,SYN_HAM_like,HAM_like,moderate,0ff4fed0bc4220ab,data/raw/isic2019/ISIC_2019_Training_Input/ISIC_0066608.jpg
PHASH_000382,2,False,4,False,ISIC_0058147,train,SYN_BCN_like,BCN_like,very_low,1c0ee33c16c3ec3d,data/raw/isic2019/ISIC_2019_Training_Input/ISIC_0058147.jpg
PHASH_000382,2,False,4,False,ISIC_0066342,train,SYN_BCN_like,BCN_like,very_low,9c0ee33c16c3e91d,data/raw/isic2019/ISIC_2019_Training_Input/ISIC_0066342.jpg
PHASH_000383,2,False,4,False,ISIC_0058197,test,SYN_BCN_like,BCN_like,very_low,71f09c62e88b72ad,data/raw/isic2019/ISIC_2019_Training_Input/ISIC_0058197.jpg
PHASH_000383,2,False,4,False,ISIC_0069698,test,SYN_BCN_like,BCN_like,very_low,76f09c62e88b62ad,data/raw/isic2019/ISIC_2019_Training_Input/ISIC_0069698.jpg
PHASH_000384,2,True,4,False,ISIC_0058420,train,SYN_RURAL_like,RURAL_like,moderate,1c73d94ce3341ccb,data/raw/isic2019/ISIC_2019_Training_Input/ISIC_0058420.jpg
PHASH_000384,2,True,4,False,ISIC_0062103,val,SYN_RURAL_like,RURAL_like,high,1c63d98ce3361ccb,data/raw/isic2019/ISIC_2019_Training_Input/ISIC_0062103.jpg
PHASH_000385,2,False,4,False,ISIC_0058431,test,SYN_RURAL_like,RURAL_like,moderate,36d0cb507e0a79ab,data/raw/isic2019/ISIC_2019_Training_Input/ISIC_0058431.jpg
PHASH_000385,2,False,4,False,ISIC_0062104,test,SYN_RURAL_like,RURAL_like,moderate,36d0d9507e0a79ab,data/raw/isic2019/ISIC_2019_Training_Input/ISIC_0062104.jpg
PHASH_000386,2,False,4,True,ISIC_0058534,test,SYN_RURAL_like,RURAL_like,very_low,123649f1ad03d6d7,data/raw/isic2019/ISIC_2019_Training_Input/ISIC_0058534.jpg
PHASH_000386,2,False,4,True,ISIC_0065290,test,SYN_RURAL_like,RURAL_like,very_low,123649f1ad03d6d7,data/raw/isic2019/ISIC_2019_Training_Input/ISIC_0065290.jpg
PHASH_000387,2,False,4,False,ISIC_0058552,train,SYN_RURAL_like,RURAL_like,moderate,e9864f16b65ad8a1,data/raw/isic2019/ISIC_2019_Training_Input/ISIC_0058552.jpg
PHASH_000387,2,False,4,False,ISIC_0067554,train,SYN_RURAL_like,RURAL_like,moderate,ed864b16b67a58a1,data/raw/isic2019/ISIC_2019_Training_Input/ISIC_0067554.jpg
PHASH_000388,2,False,4,False,ISIC_0058710,train,SYN_BCN_like,BCN_like,very_low,5329a6f07603a95f,data/raw/isic2019/ISIC_2019_Training_Input/ISIC_0058710.jpg
PHASH_000388,2,False,4,False,ISIC_0062911,train,SYN_BCN_like,BCN_like,very_low,530da6f07603a95f,data/raw/isic2019/ISIC_2019_Training_Input/ISIC_0062911.jpg
PHASH_000389,2,False,4,False,ISIC_0058751,test,SYN_RURAL_like,RURAL_like,moderate,55fada22da807a8b,data/raw/isic2019/ISIC_2019_Training_Input/ISIC_0058751.jpg
PHASH_000389,2,False,4,False,ISIC_0071555,test,SYN_RURAL_like,RURAL_like,moderate,55dafa22da887a83,data/raw/isic2019/ISIC_2019_Training_Input/ISIC_0071555.jpg
PHASH_000390,2,False,4,False,ISIC_0058761,train,SYN_MSK_like,MSK_like,very_low,b0c9f37b2128e693,data/raw/isic2019/ISIC_2019_Training_Input/ISIC_0058761.jpg
PHASH_000390,2,False,4,False,ISIC_0067966,train,SYN_MSK_like,MSK_like,very_low,b8c9f36b2328c693,data/raw/isic2019/ISIC_2019_Training_Input/ISIC_0067966.jpg
PHASH_000391,2,False,4,True,ISIC_0058767,val,SYN_BCN_like,BCN_like,moderate,7652d54a7a8ac8ab,data/raw/isic2019/ISIC_2019_Training_Input/ISIC_0058767.jpg
PHASH_000391,2,False,4,True,ISIC_0060120,val,SYN_BCN_like,BCN_like,moderate,7652d54a7a8ac8ab,data/raw/isic2019/ISIC_2019_Training_Input/ISIC_0060120.jpg
PHASH_000392,2,False,4,True,ISIC_0058770,val,SYN_BCN_like,BCN_like,high,949e4b74c65a3ca9,data/raw/isic2019/ISIC_2019_Training_Input/ISIC_0058770.jpg
PHASH_000392,2,False,4,True,ISIC_0073173,val,SYN_BCN_like,BCN_like,high,949e4b74c65a3ca9,data/raw/isic2019/ISIC_2019_Training_Input/ISIC_0073173.jpg
PHASH_000393,2,False,4,True,ISIC_0058826,train,SYN_RURAL_like,RURAL_like,moderate,e4882d82bc2bcdaf,data/raw/isic2019/ISIC_2019_Training_Input/ISIC_0058826.jpg
PHASH_000393,2,False,4,True,ISIC_0065665,train,SYN_RURAL_like,RURAL_like,moderate,e4882d82bc2bcdaf,data/raw/isic2019/ISIC_2019_Training_Input/ISIC_0065665.jpg
PHASH_000394,2,False,4,True,ISIC_0058897,val,SYN_HAM_like,HAM_like,moderate,df4a7222cb8abc29,data/raw/isic2019/ISIC_2019_Training_Input/ISIC_0058897.jpg
PHASH_000394,2,False,4,True,ISIC_0066549,val,SYN_HAM_like,HAM_like,moderate,df4a7222cb8abc29,data/raw/isic2019/ISIC_2019_Training_Input/ISIC_0066549.jpg
PHASH_000395,2,False,4,False,ISIC_0058946,train,SYN_BCN_like,BCN_like,very_low,cb229b2e679a1d29,data/raw/isic2019/ISIC_2019_Training_Input/ISIC_0058946.jpg
PHASH_000395,2,False,4,False,ISIC_0060793,train,SYN_BCN_like,BCN_like,very_low,cb229b26a79a1f29,data/raw/isic2019/ISIC_2019_Training_Input/ISIC_0060793.jpg
PHASH_000396,2,False,4,False,ISIC_0058950,train,SYN_RURAL_like,RURAL_like,very_low,b3eed1ac48d3412d,data/raw/isic2019/ISIC_2019_Training_Input/ISIC_0058950.jpg
PHASH_000396,2,False,4,False,ISIC_0069033,train,SYN_RURAL_like,RURAL_like,very_low,b36ed13c48d3492d,data/raw/isic2019/ISIC_2019_Training_Input/ISIC_0069033.jpg
PHASH_000397,2,False,4,False,ISIC_0058964,val,SYN_MSK_like,MSK_like,moderate,e81093599e097df5,data/raw/isic2019/ISIC_2019_Training_Input/ISIC_0058964.jpg
PHASH_000397,2,False,4,False,ISIC_0061290,val,SYN_MSK_like,MSK_like,moderate,e81093599e0b79f5,data/raw/isic2019/ISIC_2019_Training_Input/ISIC_0061290.jpg
PHASH_000398,2,False,4,False,ISIC_0058967,train,SYN_RURAL_like,RURAL_like,moderate,3965f386835e1ce1,data/raw/isic2019/ISIC_2019_Training_Input/ISIC_0058967.jpg
PHASH_000398,2,False,4,False,ISIC_0061593,train,SYN_RURAL_like,RURAL_like,moderate,1965f386635e1ce1,data/raw/isic2019/ISIC_2019_Training_Input/ISIC_0061593.jpg
PHASH_000399,2,True,4,False,ISIC_0058983,test,SYN_RURAL_like,RURAL_like,moderate,16865916fa7aa9a9,data/raw/isic2019/ISIC_2019_Training_Input/ISIC_0058983.jpg
PHASH_000399,2,True,4,False,ISIC_0059027,train,SYN_MSK_like,MSK_like,high,96867916fa78a9a1,data/raw/isic2019/ISIC_2019_Training_Input/ISIC_0059027.jpg
PHASH_000400,2,False,4,True,ISIC_0059011,val,SYN_RURAL_like,RURAL_like,low,bdc8f108dea2f309,data/raw/isic2019/ISIC_2019_Training_Input/ISIC_0059011.jpg
PHASH_000400,2,False,4,True,ISIC_0060857,val,SYN_RURAL_like,RURAL_like,low,bdc8f108dea2f309,data/raw/isic2019/ISIC_2019_Training_Input/ISIC_0060857.jpg
PHASH_000401,2,False,4,False,ISIC_0059039,train,SYN_RURAL_like,RURAL_like,very_low,26997259b63349c7,data/raw/isic2019/ISIC_2019_Training_Input/ISIC_0059039.jpg
PHASH_000401,2,False,4,False,ISIC_0063932,train,SYN_RURAL_like,RURAL_like,very_low,26997259963949e7,data/raw/isic2019/ISIC_2019_Training_Input/ISIC_0063932.jpg
PHASH_000402,2,False,4,False,ISIC_0059070,val,SYN_RURAL_like,RURAL_like,moderate,f1320ec07c23a3fd,data/raw/isic2019/ISIC_2019_Training_Input/ISIC_0059070.jpg
PHASH_000402,2,False,4,False,ISIC_0060642,val,SYN_RURAL_like,RURAL_like,moderate,f1320ec0f823a3fd,data/raw/isic2019/ISIC_2019_Training_Input/ISIC_0060642.jpg
PHASH_000403,2,False,4,False,ISIC_0059080,val,SYN_RURAL_like,RURAL_like,moderate,b73144031b9b2cbf,data/raw/isic2019/ISIC_2019_Training_Input/ISIC_0059080.jpg
PHASH_000403,2,False,4,False,ISIC_0070204,val,SYN_RURAL_like,RURAL_like,moderate,b73544131b992cb7,data/raw/isic2019/ISIC_2019_Training_Input/ISIC_0070204.jpg
PHASH_000404,2,False,4,False,ISIC_0059167,train,SYN_RURAL_like,RURAL_like,very_low,7362e6b2cce9b301,data/raw/isic2019/ISIC_2019_Training_Input/ISIC_0059167.jpg
PHASH_000404,2,False,4,False,ISIC_0064198,train,SYN_RURAL_like,RURAL_like,very_low,3362e7b2cce9b301,data/raw/isic2019/ISIC_2019_Training_Input/ISIC_0064198.jpg
PHASH_000405,2,False,4,False,ISIC_0059231,train,SYN_RURAL_like,RURAL_like,moderate,856ffc19300f13f1,data/raw/isic2019/ISIC_2019_Training_Input/ISIC_0059231.jpg
PHASH_000405,2,False,4,False,ISIC_0059950,train,SYN_RURAL_like,RURAL_like,moderate,253ffc19300f13f1,data/raw/isic2019/ISIC_2019_Training_Input/ISIC_0059950.jpg
PHASH_000406,2,False,4,False,ISIC_0059285,train,SYN_RURAL_like,RURAL_like,very_low,fc090cd3a64913fd,data/raw/isic2019/ISIC_2019_Training_Input/ISIC_0059285.jpg
PHASH_000406,2,False,4,False,ISIC_0067569,train,SYN_RURAL_like,RURAL_like,very_low,7c898cd3a60913fd,data/raw/isic2019/ISIC_2019_Training_Input/ISIC_0067569.jpg
PHASH_000407,2,False,4,False,ISIC_0059308,val,SYN_RURAL_like,RURAL_like,very_low,889c66db6c4bd325,data/raw/isic2019/ISIC_2019_Training_Input/ISIC_0059308.jpg
PHASH_000407,2,False,4,False,ISIC_0061072,val,SYN_RURAL_like,RURAL_like,very_low,889c267b6c4bd327,data/raw/isic2019/ISIC_2019_Training_Input/ISIC_0061072.jpg
PHASH_000408,2,False,4,True,ISIC_0059354,val,SYN_HAM_like,HAM_like,very_low,4e99b36e0cb3124f,data/raw/isic2019/ISIC_2019_Training_Input/ISIC_0059354.jpg
PHASH_000408,2,False,4,True,ISIC_0071855,val,SYN_HAM_like,HAM_like,very_low,4e99b36e0cb3124f,data/raw/isic2019/ISIC_2019_Training_Input/ISIC_0071855.jpg
PHASH_000409,2,True,4,False,ISIC_0059363,val,SYN_HAM_like,HAM_like,low,bc0c32bcd6f4a90b,data/raw/isic2019/ISIC_2019_Training_Input/ISIC_0059363.jpg
PHASH_000409,2,True,4,False,ISIC_0068072,train,SYN_RURAL_like,RURAL_like,moderate,bc0cb6bcd2f4890b,data/raw/isic2019/ISIC_2019_Training_Input/ISIC_0068072.jpg
PHASH_000410,2,False,4,False,ISIC_0059373,train,SYN_BCN_like,BCN_like,very_low,f650f8423b0ac7ab,data/raw/isic2019/ISIC_2019_Training_Input/ISIC_0059373.jpg
PHASH_000410,2,False,4,False,ISIC_0063977,train,SYN_BCN_like,BCN_like,very_low,e750f8421b0ae7ab,data/raw/isic2019/ISIC_2019_Training_Input/ISIC_0063977.jpg
PHASH_000411,2,False,4,False,ISIC_0059403,train,SYN_BCN_like,BCN_like,high,9da646fac8ebc025,data/raw/isic2019/ISIC_2019_Training_Input/ISIC_0059403.jpg
PHASH_000411,2,False,4,False,ISIC_0066787,train,SYN_BCN_like,BCN_like,high,99a6c6fac9eb8025,data/raw/isic2019/ISIC_2019_Training_Input/ISIC_0066787.jpg
PHASH_000412,2,False,4,False,ISIC_0059432,test,SYN_BCN_like,BCN_like,very_low,d3f84322fc8a93a9,data/raw/isic2019/ISIC_2019_Training_Input/ISIC_0059432.jpg
PHASH_000412,2,False,4,False,ISIC_0061330,test,SYN_BCN_like,BCN_like,very_low,d6f84322fc8a93a9,data/raw/isic2019/ISIC_2019_Training_Input/ISIC_0061330.jpg
PHASH_000413,2,False,4,False,ISIC_0059442,train,SYN_RURAL_like,RURAL_like,very_low,d7c6096843a93f87,data/raw/isic2019/ISIC_2019_Training_Input/ISIC_0059442.jpg
PHASH_000413,2,False,4,False,ISIC_0070723,train,SYN_RURAL_like,RURAL_like,very_low,97c6096843a97f87,data/raw/isic2019/ISIC_2019_Training_Input/ISIC_0070723.jpg
PHASH_000414,2,False,4,False,ISIC_0059457,train,SYN_RURAL_like,RURAL_like,very_low,cbae0c13f44b0abd,data/raw/isic2019/ISIC_2019_Training_Input/ISIC_0059457.jpg
PHASH_000414,2,False,4,False,ISIC_0071341,train,SYN_RURAL_like,RURAL_like,very_low,cb2e1c11f44b0ebd,data/raw/isic2019/ISIC_2019_Training_Input/ISIC_0071341.jpg
PHASH_000415,2,False,4,False,ISIC_0059498,train,SYN_RURAL_like,RURAL_like,very_low,cccd323cd3d32c0d,data/raw/isic2019/ISIC_2019_Training_Input/ISIC_0059498.jpg
PHASH_000415,2,False,4,False,ISIC_0072957,train,SYN_BCN_like,BCN_like,very_low,ccdc3236d3d32c0d,data/raw/isic2019/ISIC_2019_Training_Input/ISIC_0072957.jpg
PHASH_000416,2,False,4,False,ISIC_0059525,train,SYN_BCN_like,BCN_like,high,e386871e247afe81,data/raw/isic2019/ISIC_2019_Training_Input/ISIC_0059525.jpg
PHASH_000416,2,False,4,False,ISIC_0071422,train,SYN_RURAL_like,RURAL_like,moderate,e38687162cfade81,data/raw/isic2019/ISIC_2019_Training_Input/ISIC_0071422.jpg
PHASH_000417,2,False,4,False,ISIC_0059628,train,SYN_RURAL_like,RURAL_like,high,f6c2dc42f92a06ab,data/raw/isic2019/ISIC_2019_Training_Input/ISIC_0059628.jpg
PHASH_000417,2,False,4,False,ISIC_0067210,train,SYN_RURAL_like,RURAL_like,high,f6c2dc42792a86ab,data/raw/isic2019/ISIC_2019_Training_Input/ISIC_0067210.jpg
PHASH_000418,2,False,4,False,ISIC_0059642,train,SYN_RURAL_like,RURAL_like,moderate,f2a9698a82ab98cf,data/raw/isic2019/ISIC_2019_Training_Input/ISIC_0059642.jpg
PHASH_000418,2,False,4,False,ISIC_0063562,train,SYN_RURAL_like,RURAL_like,moderate,f2b9698ac2a988cf,data/raw/isic2019/ISIC_2019_Training_Input/ISIC_0063562.jpg
PHASH_000419,2,False,4,True,ISIC_0059661,val,SYN_HAM_like,HAM_like,very_low,9bb34e4c913342cf,data/raw/isic2019/ISIC_2019_Training_Input/ISIC_0059661.jpg
PHASH_000419,2,False,4,True,ISIC_0066326,val,SYN_HAM_like,HAM_like,very_low,9bb34e4c913342cf,data/raw/isic2019/ISIC_2019_Training_Input/ISIC_0066326.jpg
PHASH_000420,2,False,4,False,ISIC_0059670,train,SYN_RURAL_like,RURAL_like,moderate,3cf0dc505c4af2ab,data/raw/isic2019/ISIC_2019_Training_Input/ISIC_0059670.jpg
PHASH_000420,2,False,4,False,ISIC_0067130,train,SYN_RURAL_like,RURAL_like,moderate,bcf0dc501c4af2ab,data/raw/isic2019/ISIC_2019_Training_Input/ISIC_0067130.jpg
PHASH_000421,2,False,4,False,ISIC_0059719,train,SYN_MSK_like,MSK_like,very_low,d30c49bc8cf4f60b,data/raw/isic2019/ISIC_2019_Training_Input/ISIC_0059719.jpg
PHASH_000421,2,False,4,False,ISIC_0061499,train,SYN_RURAL_like,RURAL_like,moderate,d30c49bc2ef4f40b,data/raw/isic2019/ISIC_2019_Training_Input/ISIC_0061499.jpg
PHASH_000422,2,False,4,False,ISIC_0059748,train,SYN_RURAL_like,RURAL_like,moderate,9d5a5eeae20272a9,data/raw/isic2019/ISIC_2019_Training_Input/ISIC_0059748.jpg
PHASH_000422,2,False,4,False,ISIC_0070843,train,SYN_RURAL_like,RURAL_like,moderate,b5da5eeae20262a9,data/raw/isic2019/ISIC_2019_Training_Input/ISIC_0070843.jpg
PHASH_000423,2,False,4,False,ISIC_0059771,train,SYN_RURAL_like,RURAL_like,moderate,9c254b923ca183ff,data/raw/isic2019/ISIC_2019_Training_Input/ISIC_0059771.jpg
PHASH_000423,2,False,4,False,ISIC_0068639,train,SYN_RURAL_like,RURAL_like,moderate,9c654b9238a183ff,data/raw/isic2019/ISIC_2019_Training_Input/ISIC_0068639.jpg
PHASH_000424,2,False,4,False,ISIC_0059772,train,SYN_BCN_like,BCN_like,very_low,998c26f879039b3d,data/raw/isic2019/ISIC_2019_Training_Input/ISIC_0059772.jpg
PHASH_000424,2,False,4,False,ISIC_0060668,train,SYN_BCN_like,BCN_like,very_low,998c26f079039b7d,data/raw/isic2019/ISIC_2019_Training_Input/ISIC_0060668.jpg
PHASH_000425,2,False,4,False,ISIC_0059919,train,SYN_RURAL_like,RURAL_like,high,0cea1ca92b3173d7,data/raw/isic2019/ISIC_2019_Training_Input/ISIC_0059919.jpg
PHASH_000425,2,False,4,False,ISIC_0063470,train,SYN_RURAL_like,RURAL_like,high,5caa0ca92b3173d7,data/raw/isic2019/ISIC_2019_Training_Input/ISIC_0063470.jpg
PHASH_000426,2,False,4,False,ISIC_0060045,val,SYN_MSK_like,MSK_like,moderate,ffa29f803123cc8d,data/raw/isic2019/ISIC_2019_Training_Input/ISIC_0060045.jpg
PHASH_000426,2,False,4,False,ISIC_0071266,val,SYN_MSK_like,MSK_like,moderate,ffa297823123cc8d,data/raw/isic2019/ISIC_2019_Training_Input/ISIC_0071266.jpg
PHASH_000427,2,False,4,False,ISIC_0060078,test,SYN_RURAL_like,RURAL_like,moderate,8cccf3268639d387,data/raw/isic2019/ISIC_2019_Training_Input/ISIC_0060078.jpg
PHASH_000427,2,False,4,False,ISIC_0071772,test,SYN_RURAL_like,RURAL_like,moderate,9cccf2268638d3a7,data/raw/isic2019/ISIC_2019_Training_Input/ISIC_0071772.jpg
PHASH_000428,2,False,4,True,ISIC_0060116,test,SYN_RURAL_like,RURAL_like,moderate,f116737ca9f24309,data/raw/isic2019/ISIC_2019_Training_Input/ISIC_0060116.jpg
PHASH_000428,2,False,4,True,ISIC_0068354,test,SYN_RURAL_like,RURAL_like,moderate,f116737ca9f24309,data/raw/isic2019/ISIC_2019_Training_Input/ISIC_0068354.jpg
PHASH_000429,2,False,4,False,ISIC_0060122,train,SYN_RURAL_like,RURAL_like,moderate,06bc8ef4be50d88b,data/raw/isic2019/ISIC_2019_Training_Input/ISIC_0060122.jpg
PHASH_000429,2,False,4,False,ISIC_0071902,train,SYN_RURAL_like,RURAL_like,low,07bc8ef43650dc8b,data/raw/isic2019/ISIC_2019_Training_Input/ISIC_0071902.jpg
PHASH_000430,2,False,4,False,ISIC_0060171,val,SYN_RURAL_like,RURAL_like,very_low,86382c5b69e3d31d,data/raw/isic2019/ISIC_2019_Training_Input/ISIC_0060171.jpg
PHASH_000430,2,False,4,False,ISIC_0069687,val,SYN_RURAL_like,RURAL_like,very_low,86386c5b29e3d38d,data/raw/isic2019/ISIC_2019_Training_Input/ISIC_0069687.jpg
PHASH_000431,2,False,4,False,ISIC_0060279,train,SYN_RURAL_like,RURAL_like,very_low,cc6a33c8ce227b8b,data/raw/isic2019/ISIC_2019_Training_Input/ISIC_0060279.jpg
PHASH_000431,2,False,4,False,ISIC_0072848,train,SYN_RURAL_like,RURAL_like,very_low,ccea33c8cc227b8b,data/raw/isic2019/ISIC_2019_Training_Input/ISIC_0072848.jpg
PHASH_000432,2,False,4,False,ISIC_0060332,train,SYN_RURAL_like,RURAL_like,moderate,263fe6c84a0318ff,data/raw/isic2019/ISIC_2019_Training_Input/ISIC_0060332.jpg
PHASH_000432,2,False,4,False,ISIC_0073019,train,SYN_RURAL_like,RURAL_like,moderate,26bfe6c84a0118ff,data/raw/isic2019/ISIC_2019_Training_Input/ISIC_0073019.jpg
PHASH_000433,2,False,4,True,ISIC_0060343,val,SYN_HAM_like,HAM_like,moderate,8716265e5efaec01,data/raw/isic2019/ISIC_2019_Training_Input/ISIC_0060343.jpg
PHASH_000433,2,False,4,True,ISIC_0065721,val,SYN_HAM_like,HAM_like,moderate,8716265e5efaec01,data/raw/isic2019/ISIC_2019_Training_Input/ISIC_0065721.jpg
PHASH_000434,2,True,4,False,ISIC_0060353,train,SYN_RURAL_like,RURAL_like,high,3c2cf0bcd3f02b0b,data/raw/isic2019/ISIC_2019_Training_Input/ISIC_0060353.jpg
PHASH_000434,2,True,4,False,ISIC_0071347,val,SYN_MSK_like,MSK_like,moderate,bc2cf2bcd3f0090b,data/raw/isic2019/ISIC_2019_Training_Input/ISIC_0071347.jpg
PHASH_000435,2,False,4,False,ISIC_0060380,test,SYN_RURAL_like,RURAL_like,high,466b23d942e99957,data/raw/isic2019/ISIC_2019_Training_Input/ISIC_0060380.jpg
PHASH_000435,2,False,4,False,ISIC_0071289,test,SYN_RURAL_like,RURAL_like,high,c64b639942e99957,data/raw/isic2019/ISIC_2019_Training_Input/ISIC_0071289.jpg
PHASH_000436,2,False,4,False,ISIC_0060388,train,SYN_BCN_like,BCN_like,very_low,b6f0fcc0f422d28b,data/raw/isic2019/ISIC_2019_Training_Input/ISIC_0060388.jpg
PHASH_000436,2,False,4,False,ISIC_0060700,train,SYN_RURAL_like,RURAL_like,high,bef0fcd0f402528b,data/raw/isic2019/ISIC_2019_Training_Input/ISIC_0060700.jpg
PHASH_000437,2,False,4,False,ISIC_0060473,test,SYN_BCN_like,BCN_like,very_low,172eecf0c80b33ad,data/raw/isic2019/ISIC_2019_Training_Input/ISIC_0060473.jpg
PHASH_000437,2,False,4,False,ISIC_0071697,test,SYN_BCN_like,BCN_like,very_low,176eccf0c80b33ad,data/raw/isic2019/ISIC_2019_Training_Input/ISIC_0071697.jpg
PHASH_000438,2,False,4,True,ISIC_0060482,val,SYN_RURAL_like,RURAL_like,low,7eeaf1281ca2e30b,data/raw/isic2019/ISIC_2019_Training_Input/ISIC_0060482.jpg
PHASH_000438,2,False,4,True,ISIC_0062371,val,SYN_RURAL_like,RURAL_like,low,7eeaf1281ca2e30b,data/raw/isic2019/ISIC_2019_Training_Input/ISIC_0062371.jpg
PHASH_000439,2,False,4,False,ISIC_0060605,val,SYN_MSK_like,MSK_like,very_low,633b86a619197667,data/raw/isic2019/ISIC_2019_Training_Input/ISIC_0060605.jpg
PHASH_000439,2,False,4,False,ISIC_0070679,val,SYN_MSK_like,MSK_like,very_low,7139a6a619197667,data/raw/isic2019/ISIC_2019_Training_Input/ISIC_0070679.jpg
PHASH_000440,2,False,4,True,ISIC_0060606,val,SYN_RURAL_like,RURAL_like,low,d1c8f18a3a28f7a3,data/raw/isic2019/ISIC_2019_Training_Input/ISIC_0060606.jpg
PHASH_000440,2,False,4,True,ISIC_0062094,val,SYN_RURAL_like,RURAL_like,low,d1c8f18a3a28f7a3,data/raw/isic2019/ISIC_2019_Training_Input/ISIC_0062094.jpg
PHASH_000441,2,False,4,False,ISIC_0060622,test,SYN_RURAL_like,RURAL_like,moderate,97527c62ce8a33a9,data/raw/isic2019/ISIC_2019_Training_Input/ISIC_0060622.jpg
PHASH_000441,2,False,4,False,ISIC_0068856,test,SYN_RURAL_like,RURAL_like,moderate,95527c62ce8a3ba9,data/raw/isic2019/ISIC_2019_Training_Input/ISIC_0068856.jpg
PHASH_000442,2,False,4,False,ISIC_0060717,val,SYN_RURAL_like,RURAL_like,high,7449e9639315435f,data/raw/isic2019/ISIC_2019_Training_Input/ISIC_0060717.jpg
PHASH_000442,2,False,4,False,ISIC_0069459,val,SYN_RURAL_like,RURAL_like,high,7449e9639311635f,data/raw/isic2019/ISIC_2019_Training_Input/ISIC_0069459.jpg
PHASH_000443,2,False,4,True,ISIC_0060874,train,SYN_RURAL_like,RURAL_like,moderate,386943218dc7d65f,data/raw/isic2019/ISIC_2019_Training_Input/ISIC_0060874.jpg
PHASH_000443,2,False,4,True,ISIC_0072581,train,SYN_RURAL_like,RURAL_like,moderate,386943218dc7d65f,data/raw/isic2019/ISIC_2019_Training_Input/ISIC_0072581.jpg
PHASH_000444,2,False,4,True,ISIC_0060997,train,SYN_BCN_like,BCN_like,very_low,f2bafc82eca88147,data/raw/isic2019/ISIC_2019_Training_Input/ISIC_0060997.jpg
PHASH_000444,2,False,4,True,ISIC_0072076,train,SYN_MSK_like,MSK_like,very_low,f2bafc82eca88147,data/raw/isic2019/ISIC_2019_Training_Input/ISIC_0072076.jpg
PHASH_000445,2,False,4,True,ISIC_0061089,val,SYN_RURAL_like,RURAL_like,low,bef0fdd2540252a3,data/raw/isic2019/ISIC_2019_Training_Input/ISIC_0061089.jpg
PHASH_000445,2,False,4,True,ISIC_0068249,val,SYN_RURAL_like,RURAL_like,low,bef0fdd2540252a3,data/raw/isic2019/ISIC_2019_Training_Input/ISIC_0068249.jpg
PHASH_000446,2,False,4,True,ISIC_0061121,test,SYN_RURAL_like,RURAL_like,moderate,b3bcf0f44352892b,data/raw/isic2019/ISIC_2019_Training_Input/ISIC_0061121.jpg
PHASH_000446,2,False,4,True,ISIC_0062609,test,SYN_RURAL_like,RURAL_like,moderate,b3bcf0f44352892b,data/raw/isic2019/ISIC_2019_Training_Input/ISIC_0062609.jpg
PHASH_000447,2,False,4,False,ISIC_0061180,train,SYN_RURAL_like,RURAL_like,very_low,66729bd86622b98b,data/raw/isic2019/ISIC_2019_Training_Input/ISIC_0061180.jpg
PHASH_000447,2,False,4,False,ISIC_0068174,train,SYN_BCN_like,BCN_like,very_low,66729bc86622fc8b,data/raw/isic2019/ISIC_2019_Training_Input/ISIC_0068174.jpg
PHASH_000448,2,False,4,False,ISIC_0061300,train,SYN_RURAL_like,RURAL_like,high,a30a56a629e9b697,data/raw/isic2019/ISIC_2019_Training_Input/ISIC_0061300.jpg
PHASH_000448,2,False,4,False,ISIC_0072375,train,SYN_RURAL_like,RURAL_like,high,a30ad62629e9b697,data/raw/isic2019/ISIC_2019_Training_Input/ISIC_0072375.jpg
PHASH_000449,2,False,4,False,ISIC_0061328,train,SYN_RURAL_like,RURAL_like,moderate,fed2de40f002e8ab,data/raw/isic2019/ISIC_2019_Training_Input/ISIC_0061328.jpg
PHASH_000449,2,False,4,False,ISIC_0066178,train,SYN_MSK_like,MSK_like,low,fcd2fe40f00ac8ab,data/raw/isic2019/ISIC_2019_Training_Input/ISIC_0066178.jpg
PHASH_000450,2,False,4,False,ISIC_0061361,val,SYN_RURAL_like,RURAL_like,low,d98e4e7c33c38c0d,data/raw/isic2019/ISIC_2019_Training_Input/ISIC_0061361.jpg
PHASH_000450,2,False,4,False,ISIC_0065335,val,SYN_RURAL_like,RURAL_like,low,d98e6e3cb3c30c0d,data/raw/isic2019/ISIC_2019_Training_Input/ISIC_0065335.jpg
PHASH_000451,2,False,4,False,ISIC_0061362,val,SYN_RURAL_like,RURAL_like,high,39a6b386c67e4c89,data/raw/isic2019/ISIC_2019_Training_Input/ISIC_0061362.jpg
PHASH_000451,2,False,4,False,ISIC_0068614,val,SYN_RURAL_like,RURAL_like,high,39a4b396c67e8c89,data/raw/isic2019/ISIC_2019_Training_Input/ISIC_0068614.jpg
PHASH_000452,2,False,4,True,ISIC_0061391,val,SYN_RURAL_like,RURAL_like,low,f30dc3ac0cd4e663,data/raw/isic2019/ISIC_2019_Training_Input/ISIC_0061391.jpg
PHASH_000452,2,False,4,True,ISIC_0069118,val,SYN_RURAL_like,RURAL_like,low,f30dc3ac0cd4e663,data/raw/isic2019/ISIC_2019_Training_Input/ISIC_0069118.jpg
PHASH_000453,2,False,4,False,ISIC_0061402,val,SYN_RURAL_like,RURAL_like,moderate,e8c25fb2e48b4ba1,data/raw/isic2019/ISIC_2019_Training_Input/ISIC_0061402.jpg
PHASH_000453,2,False,4,False,ISIC_0062843,val,SYN_RURAL_like,RURAL_like,moderate,ec425fb8e48b4ba1,data/raw/isic2019/ISIC_2019_Training_Input/ISIC_0062843.jpg
PHASH_000454,2,False,4,False,ISIC_0061423,test,SYN_HAM_like,HAM_like,low,3386cc1e2dfad681,data/raw/isic2019/ISIC_2019_Training_Input/ISIC_0061423.jpg
PHASH_000454,2,False,4,False,ISIC_0066195,test,SYN_HAM_like,HAM_like,low,3386cd1e29fad681,data/raw/isic2019/ISIC_2019_Training_Input/ISIC_0066195.jpg
PHASH_000455,2,False,4,True,ISIC_0061437,train,SYN_RURAL_like,RURAL_like,moderate,ffc8e9c2f201891d,data/raw/isic2019/ISIC_2019_Training_Input/ISIC_0061437.jpg
PHASH_000455,2,False,4,True,ISIC_0063677,train,SYN_RURAL_like,RURAL_like,moderate,ffc8e9c2f201891d,data/raw/isic2019/ISIC_2019_Training_Input/ISIC_0063677.jpg
PHASH_000456,2,False,4,False,ISIC_0061481,train,SYN_HAM_like,HAM_like,moderate,2cd43fd0fc48f02b,data/raw/isic2019/ISIC_2019_Training_Input/ISIC_0061481.jpg
PHASH_000456,2,False,4,False,ISIC_0063419,train,SYN_HAM_like,HAM_like,moderate,2cdc3e54fc48f02b,data/raw/isic2019/ISIC_2019_Training_Input/ISIC_0063419.jpg
PHASH_000457,2,False,4,False,ISIC_0061530,train,SYN_RURAL_like,RURAL_like,very_low,d3b30c4ee3b32c0d,data/raw/isic2019/ISIC_2019_Training_Input/ISIC_0061530.jpg
PHASH_000457,2,False,4,False,ISIC_0072202,train,SYN_RURAL_like,RURAL_like,very_low,d3130c4ef3b3ac0d,data/raw/isic2019/ISIC_2019_Training_Input/ISIC_0072202.jpg
PHASH_000458,2,False,4,False,ISIC_0061557,train,SYN_RURAL_like,RURAL_like,very_low,16f19402dc797b87,data/raw/isic2019/ISIC_2019_Training_Input/ISIC_0061557.jpg
PHASH_000458,2,False,4,False,ISIC_0067166,train,SYN_RURAL_like,RURAL_like,very_low,16719403bc797b87,data/raw/isic2019/ISIC_2019_Training_Input/ISIC_0067166.jpg
PHASH_000459,2,False,4,False,ISIC_0061563,test,SYN_BCN_like,BCN_like,very_low,8cd3e56112c3d93d,data/raw/isic2019/ISIC_2019_Training_Input/ISIC_0061563.jpg
PHASH_000459,2,False,4,False,ISIC_0071748,test,SYN_BCN_like,BCN_like,very_low,8ed3e56112c3c93d,data/raw/isic2019/ISIC_2019_Training_Input/ISIC_0071748.jpg
PHASH_000460,2,False,4,False,ISIC_0061567,train,SYN_RURAL_like,RURAL_like,very_low,1bf863824cb3e38d,data/raw/isic2019/ISIC_2019_Training_Input/ISIC_0061567.jpg
PHASH_000460,2,False,4,False,ISIC_0062292,train,SYN_RURAL_like,RURAL_like,very_low,1bf863825cb3638d,data/raw/isic2019/ISIC_2019_Training_Input/ISIC_0062292.jpg
PHASH_000461,2,False,4,False,ISIC_0061599,train,SYN_HAM_like,HAM_like,high,db427c0a72aacea9,data/raw/isic2019/ISIC_2019_Training_Input/ISIC_0061599.jpg
PHASH_000461,2,False,4,False,ISIC_0067544,train,SYN_HAM_like,HAM_like,high,db627c0a738a8ea9,data/raw/isic2019/ISIC_2019_Training_Input/ISIC_0067544.jpg
PHASH_000462,2,False,4,False,ISIC_0061701,train,SYN_RURAL_like,RURAL_like,high,4db4bcd6d45a06a9,data/raw/isic2019/ISIC_2019_Training_Input/ISIC_0061701.jpg
PHASH_000462,2,False,4,False,ISIC_0062948,train,SYN_RURAL_like,RURAL_like,high,0cb4bcd6d65a46a9,data/raw/isic2019/ISIC_2019_Training_Input/ISIC_0062948.jpg
PHASH_000463,2,False,4,True,ISIC_0061710,train,SYN_RURAL_like,RURAL_like,high,2f839cda986301f7,data/raw/isic2019/ISIC_2019_Training_Input/ISIC_0061710.jpg
PHASH_000463,2,False,4,True,ISIC_0073018,train,SYN_RURAL_like,RURAL_like,high,2f839cda986301f7,data/raw/isic2019/ISIC_2019_Training_Input/ISIC_0073018.jpg
PHASH_000464,2,False,4,False,ISIC_0061738,test,SYN_RURAL_like,RURAL_like,moderate,7cfadea878aac201,data/raw/isic2019/ISIC_2019_Training_Input/ISIC_0061738.jpg
PHASH_000464,2,False,4,False,ISIC_0072698,test,SYN_RURAL_like,RURAL_like,moderate,7cfad6e8788ac281,data/raw/isic2019/ISIC_2019_Training_Input/ISIC_0072698.jpg
PHASH_000465,2,False,4,True,ISIC_0061802,val,SYN_RURAL_like,RURAL_like,low,8b8983aaeeaaf129,data/raw/isic2019/ISIC_2019_Training_Input/ISIC_0061802.jpg
PHASH_000465,2,False,4,True,ISIC_0073100,val,SYN_RURAL_like,RURAL_like,low,8b8983aaeeaaf129,data/raw/isic2019/ISIC_2019_Training_Input/ISIC_0073100.jpg
PHASH_000466,2,False,4,False,ISIC_0061843,train,SYN_RURAL_like,RURAL_like,very_low,cc2231a2f3bb0caf,data/raw/isic2019/ISIC_2019_Training_Input/ISIC_0061843.jpg
PHASH_000466,2,False,4,False,ISIC_0062801,train,SYN_RURAL_like,RURAL_like,very_low,cc2231a2f3794caf,data/raw/isic2019/ISIC_2019_Training_Input/ISIC_0062801.jpg
PHASH_000467,2,False,4,False,ISIC_0061872,train,SYN_RURAL_like,RURAL_like,very_low,bed2f458dc22d289,data/raw/isic2019/ISIC_2019_Training_Input/ISIC_0061872.jpg
PHASH_000467,2,False,4,False,ISIC_0068583,train,SYN_RURAL_like,RURAL_like,high,3ed2b558dc22f289,data/raw/isic2019/ISIC_2019_Training_Input/ISIC_0068583.jpg
PHASH_000468,2,False,4,True,ISIC_0061902,val,SYN_RURAL_like,RURAL_like,low,1b2b53aece32b189,data/raw/isic2019/ISIC_2019_Training_Input/ISIC_0061902.jpg
PHASH_000468,2,False,4,True,ISIC_0069588,val,SYN_RURAL_like,RURAL_like,low,1b2b53aece32b189,data/raw/isic2019/ISIC_2019_Training_Input/ISIC_0069588.jpg
PHASH_000469,2,False,4,False,ISIC_0061926,train,SYN_RURAL_like,RURAL_like,high,63b60cfc77521c0b,data/raw/isic2019/ISIC_2019_Training_Input/ISIC_0061926.jpg
PHASH_000469,2,False,4,False,ISIC_0067005,train,SYN_BCN_like,BCN_like,high,65b60cfc77d21c09,data/raw/isic2019/ISIC_2019_Training_Input/ISIC_0067005.jpg
PHASH_000470,2,False,4,False,ISIC_0062025,test,SYN_BCN_like,BCN_like,very_low,994b3126cc9b336d,data/raw/isic2019/ISIC_2019_Training_Input/ISIC_0062025.jpg
PHASH_000470,2,False,4,False,ISIC_0068058,test,SYN_BCN_like,BCN_like,very_low,994b30a6cc9b336d,data/raw/isic2019/ISIC_2019_Training_Input/ISIC_0068058.jpg
PHASH_000471,2,True,4,False,ISIC_0062077,train,SYN_BCN_like,BCN_like,high,145e9c7a7ee8da01,data/raw/isic2019/ISIC_2019_Training_Input/ISIC_0062077.jpg
PHASH_000471,2,True,4,False,ISIC_0070616,test,SYN_HAM_like,HAM_like,very_low,1c5e1cfa7ee8d201,data/raw/isic2019/ISIC_2019_Training_Input/ISIC_0070616.jpg
PHASH_000472,2,False,4,False,ISIC_0062116,train,SYN_MSK_like,MSK_like,moderate,6cc9930669bcd663,data/raw/isic2019/ISIC_2019_Training_Input/ISIC_0062116.jpg
PHASH_000472,2,False,4,False,ISIC_0067177,train,SYN_MSK_like,MSK_like,moderate,6cc3930e699cd663,data/raw/isic2019/ISIC_2019_Training_Input/ISIC_0067177.jpg
PHASH_000473,2,False,4,False,ISIC_0062119,train,SYN_RURAL_like,RURAL_like,low,53bcdbd0a15a4ea1,data/raw/isic2019/ISIC_2019_Training_Input/ISIC_0062119.jpg
PHASH_000473,2,False,4,False,ISIC_0067491,train,SYN_RURAL_like,RURAL_like,low,53bcdbd0a15a0ea9,data/raw/isic2019/ISIC_2019_Training_Input/ISIC_0067491.jpg
PHASH_000474,2,False,4,False,ISIC_0062120,train,SYN_BCN_like,BCN_like,very_low,9d07245bb6b49b49,data/raw/isic2019/ISIC_2019_Training_Input/ISIC_0062120.jpg
PHASH_000474,2,False,4,False,ISIC_0063834,train,SYN_BCN_like,BCN_like,very_low,bd05245bb6b49b49,data/raw/isic2019/ISIC_2019_Training_Input/ISIC_0063834.jpg
PHASH_000475,2,False,4,False,ISIC_0062193,test,SYN_HAM_like,HAM_like,very_low,d982cc137cdb832d,data/raw/isic2019/ISIC_2019_Training_Input/ISIC_0062193.jpg
PHASH_000475,2,False,4,False,ISIC_0065357,test,SYN_HAM_like,HAM_like,very_low,d986cc037cdb832d,data/raw/isic2019/ISIC_2019_Training_Input/ISIC_0065357.jpg
PHASH_000476,2,False,4,False,ISIC_0062221,train,SYN_RURAL_like,RURAL_like,very_low,8d3163cc983366cf,data/raw/isic2019/ISIC_2019_Training_Input/ISIC_0062221.jpg
PHASH_000476,2,False,4,False,ISIC_0069816,train,SYN_RURAL_like,RURAL_like,very_low,993163cc9c3366cd,data/raw/isic2019/ISIC_2019_Training_Input/ISIC_0069816.jpg
PHASH_000477,2,False,4,False,ISIC_0062240,train,SYN_RURAL_like,RURAL_like,moderate,930a668a6eabb82f,data/raw/isic2019/ISIC_2019_Training_Input/ISIC_0062240.jpg
PHASH_000477,2,False,4,False,ISIC_0070472,train,SYN_RURAL_like,RURAL_like,moderate,934a668a6f8b982f,data/raw/isic2019/ISIC_2019_Training_Input/ISIC_0070472.jpg
PHASH_000478,2,False,4,True,ISIC_0062259,train,SYN_RURAL_like,RURAL_like,very_low,d3a9c2a98aa9aba5,data/raw/isic2019/ISIC_2019_Training_Input/ISIC_0062259.jpg
PHASH_000478,2,False,4,True,ISIC_0063226,train,SYN_BCN_like,BCN_like,very_low,d3a9c2a98aa9aba5,data/raw/isic2019/ISIC_2019_Training_Input/ISIC_0063226.jpg
PHASH_000479,2,False,4,True,ISIC_0062361,test,SYN_RURAL_like,RURAL_like,low,0af2acc8d229ae3f,data/raw/isic2019/ISIC_2019_Training_Input/ISIC_0062361.jpg
PHASH_000479,2,False,4,True,ISIC_0069849,test,SYN_RURAL_like,RURAL_like,low,0af2acc8d229ae3f,data/raw/isic2019/ISIC_2019_Training_Input/ISIC_0069849.jpg
PHASH_000480,2,False,4,False,ISIC_0062400,train,SYN_RURAL_like,RURAL_like,very_low,8941a2b187856eff,data/raw/isic2019/ISIC_2019_Training_Input/ISIC_0062400.jpg
PHASH_000480,2,False,4,False,ISIC_0063465,train,SYN_RURAL_like,RURAL_like,very_low,894182b58f056eff,data/raw/isic2019/ISIC_2019_Training_Input/ISIC_0063465.jpg
PHASH_000481,2,False,4,False,ISIC_0062454,val,SYN_RURAL_like,RURAL_like,high,63268fbcbc587283,data/raw/isic2019/ISIC_2019_Training_Input/ISIC_0062454.jpg
PHASH_000481,2,False,4,False,ISIC_0063133,val,SYN_RURAL_like,RURAL_like,high,63268fbe9c587483,data/raw/isic2019/ISIC_2019_Training_Input/ISIC_0063133.jpg
PHASH_000482,2,False,4,False,ISIC_0062550,val,SYN_RURAL_like,RURAL_like,very_low,931e0b032da9f4f5,data/raw/isic2019/ISIC_2019_Training_Input/ISIC_0062550.jpg
PHASH_000482,2,False,4,False,ISIC_0064861,val,SYN_RURAL_like,RURAL_like,very_low,93161b0b2d29f4f5,data/raw/isic2019/ISIC_2019_Training_Input/ISIC_0064861.jpg
PHASH_000483,2,False,4,False,ISIC_0062622,train,SYN_RURAL_like,RURAL_like,moderate,ffa0fa08fb80e981,data/raw/isic2019/ISIC_2019_Training_Input/ISIC_0062622.jpg
PHASH_000483,2,False,4,False,ISIC_0069904,train,SYN_RURAL_like,RURAL_like,moderate,ffa2ea28fa80e981,data/raw/isic2019/ISIC_2019_Training_Input/ISIC_0069904.jpg
PHASH_000484,2,False,4,True,ISIC_0062648,val,SYN_RURAL_like,RURAL_like,very_low,14d8ce25d62399f5,data/raw/isic2019/ISIC_2019_Training_Input/ISIC_0062648.jpg
PHASH_000484,2,False,4,True,ISIC_0063402,val,SYN_RURAL_like,RURAL_like,very_low,14d8ce25d62399f5,data/raw/isic2019/ISIC_2019_Training_Input/ISIC_0063402.jpg
PHASH_000485,2,False,4,False,ISIC_0062684,train,SYN_RURAL_like,RURAL_like,high,9ea65a16795e23a1,data/raw/isic2019/ISIC_2019_Training_Input/ISIC_0062684.jpg
PHASH_000485,2,False,4,False,ISIC_0072193,train,SYN_BCN_like,BCN_like,very_low,96a65296795ea3a1,data/raw/isic2019/ISIC_2019_Training_Input/ISIC_0072193.jpg
PHASH_000486,2,False,4,False,ISIC_0062918,train,SYN_RURAL_like,RURAL_like,moderate,e6692c8d9836e3c9,data/raw/isic2019/ISIC_2019_Training_Input/ISIC_0062918.jpg
PHASH_000486,2,False,4,False,ISIC_0064747,train,SYN_MSK_like,MSK_like,moderate,e6632c8cd836e3c9,data/raw/isic2019/ISIC_2019_Training_Input/ISIC_0064747.jpg
PHASH_000487,2,False,4,False,ISIC_0062951,test,SYN_RURAL_like,RURAL_like,high,9a28eea2a60bf92d,data/raw/isic2019/ISIC_2019_Training_Input/ISIC_0062951.jpg
PHASH_000487,2,False,4,False,ISIC_0068496,test,SYN_RURAL_like,RURAL_like,high,9aa8cea2262bf92d,data/raw/isic2019/ISIC_2019_Training_Input/ISIC_0068496.jpg
PHASH_000488,2,True,4,False,ISIC_0062980,test,SYN_MSK_like,MSK_like,high,c3732cac2696d969,data/raw/isic2019/ISIC_2019_Training_Input/ISIC_0062980.jpg
PHASH_000488,2,True,4,False,ISIC_0066206,train,SYN_RURAL_like,RURAL_like,moderate,c3632c2cb696d969,data/raw/isic2019/ISIC_2019_Training_Input/ISIC_0066206.jpg
PHASH_000489,2,False,4,True,ISIC_0062983,train,SYN_RURAL_like,RURAL_like,high,256cdf72466c096b,data/raw/isic2019/ISIC_2019_Training_Input/ISIC_0062983.jpg
PHASH_000489,2,False,4,True,ISIC_0064339,train,SYN_RURAL_like,RURAL_like,high,256cdf72466c096b,data/raw/isic2019/ISIC_2019_Training_Input/ISIC_0064339.jpg
PHASH_000490,2,True,4,False,ISIC_0063025,val,SYN_RURAL_like,RURAL_like,moderate,93c1790ec7bc1cc3,data/raw/isic2019/ISIC_2019_Training_Input/ISIC_0063025.jpg
PHASH_000490,2,True,4,False,ISIC_0068373,train,SYN_HAM_like,HAM_like,moderate,1bc3790ec7bc1c43,data/raw/isic2019/ISIC_2019_Training_Input/ISIC_0068373.jpg
PHASH_000491,2,False,4,False,ISIC_0063174,train,SYN_RURAL_like,RURAL_like,high,86bc3ed4f85283a9,data/raw/isic2019/ISIC_2019_Training_Input/ISIC_0063174.jpg
PHASH_000491,2,False,4,False,ISIC_0073143,train,SYN_RURAL_like,RURAL_like,high,06bc3ef4f85283a9,data/raw/isic2019/ISIC_2019_Training_Input/ISIC_0073143.jpg
PHASH_000492,2,False,4,False,ISIC_0063268,test,SYN_HAM_like,HAM_like,high,19f226e859a2bea3,data/raw/isic2019/ISIC_2019_Training_Input/ISIC_0063268.jpg
PHASH_000492,2,False,4,False,ISIC_0065253,test,SYN_HAM_like,HAM_like,high,1df266e85980bea3,data/raw/isic2019/ISIC_2019_Training_Input/ISIC_0065253.jpg
PHASH_000493,2,False,4,False,ISIC_0063278,train,SYN_RURAL_like,RURAL_like,high,b34b6c2c93966c69,data/raw/isic2019/ISIC_2019_Training_Input/ISIC_0063278.jpg
PHASH_000493,2,False,4,False,ISIC_0070772,train,SYN_RURAL_like,RURAL_like,high,93536c2c93966e69,data/raw/isic2019/ISIC_2019_Training_Input/ISIC_0070772.jpg
PHASH_000494,2,False,4,True,ISIC_0063304,train,SYN_RURAL_like,RURAL_like,low,a5bc43f40752f8a9,data/raw/isic2019/ISIC_2019_Training_Input/ISIC_0063304.jpg
PHASH_000494,2,False,4,True,ISIC_0064285,train,SYN_RURAL_like,RURAL_like,low,a5bc43f40752f8a9,data/raw/isic2019/ISIC_2019_Training_Input/ISIC_0064285.jpg
PHASH_000495,2,True,4,False,ISIC_0063361,val,SYN_RURAL_like,RURAL_like,moderate,e986a516877adc89,data/raw/isic2019/ISIC_2019_Training_Input/ISIC_0063361.jpg
PHASH_000495,2,True,4,False,ISIC_0066759,train,SYN_MSK_like,MSK_like,moderate,e386a516875adca9,data/raw/isic2019/ISIC_2019_Training_Input/ISIC_0066759.jpg
PHASH_000496,2,False,4,False,ISIC_0063455,train,SYN_RURAL_like,RURAL_like,very_low,1ef4bc5642e8bd03,data/raw/isic2019/ISIC_2019_Training_Input/ISIC_0063455.jpg
PHASH_000496,2,False,4,False,ISIC_0066383,train,SYN_RURAL_like,RURAL_like,very_low,9af4b45643e8bd03,data/raw/isic2019/ISIC_2019_Training_Input/ISIC_0066383.jpg
PHASH_000497,2,False,4,False,ISIC_0063462,train,SYN_RURAL_like,RURAL_like,moderate,f660ec88f921f607,data/raw/isic2019/ISIC_2019_Training_Input/ISIC_0063462.jpg
PHASH_000497,2,False,4,False,ISIC_0071792,train,SYN_RURAL_like,RURAL_like,moderate,f768cc88b921f607,data/raw/isic2019/ISIC_2019_Training_Input/ISIC_0071792.jpg
PHASH_000498,2,False,4,False,ISIC_0063467,train,SYN_MSK_like,MSK_like,high,c3fc3d506c429b8b,data/raw/isic2019/ISIC_2019_Training_Input/ISIC_0063467.jpg
PHASH_000498,2,False,4,False,ISIC_0068188,train,SYN_MSK_like,MSK_like,high,c3fc39d06c429b8b,data/raw/isic2019/ISIC_2019_Training_Input/ISIC_0068188.jpg
PHASH_000499,2,False,4,False,ISIC_0063515,train,SYN_MSK_like,MSK_like,moderate,fe50fa40fa28f903,data/raw/isic2019/ISIC_2019_Training_Input/ISIC_0063515.jpg
PHASH_000499,2,False,4,False,ISIC_0072548,train,SYN_MSK_like,MSK_like,moderate,fe52f240fa2ae903,data/raw/isic2019/ISIC_2019_Training_Input/ISIC_0072548.jpg
PHASH_000500,2,False,4,False,ISIC_0063572,train,SYN_BCN_like,BCN_like,moderate,2ff48cd076429aab,data/raw/isic2019/ISIC_2019_Training_Input/ISIC_0063572.jpg
PHASH_000500,2,False,4,False,ISIC_0066282,train,SYN_BCN_like,BCN_like,moderate,3ff484d076429aab,data/raw/isic2019/ISIC_2019_Training_Input/ISIC_0066282.jpg
PHASH_000501,2,False,4,False,ISIC_0063581,train,SYN_BCN_like,BCN_like,very_low,3968c3a68c8bb9ad,data/raw/isic2019/ISIC_2019_Training_Input/ISIC_0063581.jpg
PHASH_000501,2,False,4,False,ISIC_0064528,train,SYN_BCN_like,BCN_like,very_low,396883ae0cabb9ad,data/raw/isic2019/ISIC_2019_Training_Input/ISIC_0064528.jpg
PHASH_000502,2,False,4,False,ISIC_0063599,train,SYN_MSK_like,MSK_like,moderate,997966a69c167169,data/raw/isic2019/ISIC_2019_Training_Input/ISIC_0063599.jpg
PHASH_000502,2,False,4,False,ISIC_0073086,train,SYN_RURAL_like,RURAL_like,very_low,997966e61c166369,data/raw/isic2019/ISIC_2019_Training_Input/ISIC_0073086.jpg
PHASH_000503,2,False,4,True,ISIC_0063659,train,SYN_RURAL_like,RURAL_like,very_low,7be0f2a1e2a14a8f,data/raw/isic2019/ISIC_2019_Training_Input/ISIC_0063659.jpg
PHASH_000503,2,False,4,True,ISIC_0071073,train,SYN_MSK_like,MSK_like,very_low,7be0f2a1e2a14a8f,data/raw/isic2019/ISIC_2019_Training_Input/ISIC_0071073.jpg
PHASH_000504,2,False,4,False,ISIC_0063720,train,SYN_RURAL_like,RURAL_like,moderate,e3d38c4cb6b64949,data/raw/isic2019/ISIC_2019_Training_Input/ISIC_0063720.jpg
PHASH_000504,2,False,4,False,ISIC_0069506,train,SYN_RURAL_like,RURAL_like,moderate,e3d38c4cb6b4494b,data/raw/isic2019/ISIC_2019_Training_Input/ISIC_0069506.jpg
PHASH_000505,2,False,4,False,ISIC_0063723,train,SYN_MSK_like,MSK_like,high,5ee233aac3a31e0d,data/raw/isic2019/ISIC_2019_Training_Input/ISIC_0063723.jpg
PHASH_000505,2,False,4,False,ISIC_0067443,train,SYN_MSK_like,MSK_like,high,57e233aacba31c0d,data/raw/isic2019/ISIC_2019_Training_Input/ISIC_0067443.jpg
PHASH_000506,2,False,4,False,ISIC_0063742,train,SYN_MSK_like,MSK_like,high,8c9313e46c9b3acd,data/raw/isic2019/ISIC_2019_Training_Input/ISIC_0063742.jpg
PHASH_000506,2,False,4,False,ISIC_0068048,train,SYN_MSK_like,MSK_like,high,84b31b646c9b3acd,data/raw/isic2019/ISIC_2019_Training_Input/ISIC_0068048.jpg
PHASH_000507,2,False,4,True,ISIC_0063744,train,SYN_HAM_like,HAM_like,very_low,4b2b31e64f99c925,data/raw/isic2019/ISIC_2019_Training_Input/ISIC_0063744.jpg
PHASH_000507,2,False,4,True,ISIC_0067883,train,SYN_HAM_like,HAM_like,very_low,4b2b31e64f99c925,data/raw/isic2019/ISIC_2019_Training_Input/ISIC_0067883.jpg
PHASH_000508,2,False,4,True,ISIC_0063803,train,SYN_MSK_like,MSK_like,moderate,36c3d143b3434d3d,data/raw/isic2019/ISIC_2019_Training_Input/ISIC_0063803.jpg
PHASH_000508,2,False,4,True,ISIC_0069249,train,SYN_MSK_like,MSK_like,moderate,36c3d143b3434d3d,data/raw/isic2019/ISIC_2019_Training_Input/ISIC_0069249.jpg
PHASH_000509,2,False,4,False,ISIC_0063822,train,SYN_RURAL_like,RURAL_like,moderate,f750fd40d602d8ab,data/raw/isic2019/ISIC_2019_Training_Input/ISIC_0063822.jpg
PHASH_000509,2,False,4,False,ISIC_0064841,train,SYN_RURAL_like,RURAL_like,moderate,f650fd42d602d8ab,data/raw/isic2019/ISIC_2019_Training_Input/ISIC_0064841.jpg
PHASH_000510,2,False,4,False,ISIC_0063965,train,SYN_BCN_like,BCN_like,very_low,9a695ba6e9960669,data/raw/isic2019/ISIC_2019_Training_Input/ISIC_0063965.jpg
PHASH_000510,2,False,4,False,ISIC_0071031,train,SYN_BCN_like,BCN_like,very_low,93695ba4e9968669,data/raw/isic2019/ISIC_2019_Training_Input/ISIC_0071031.jpg
PHASH_000511,2,False,4,True,ISIC_0064007,train,SYN_BCN_like,BCN_like,very_low,a583c5ab1f013e2f,data/raw/isic2019/ISIC_2019_Training_Input/ISIC_0064007.jpg
PHASH_000511,2,False,4,True,ISIC_0071850,train,SYN_HAM_like,HAM_like,very_low,a583c5ab1f013e2f,data/raw/isic2019/ISIC_2019_Training_Input/ISIC_0071850.jpg
PHASH_000512,2,False,4,False,ISIC_0064009,test,SYN_RURAL_like,RURAL_like,very_low,6ed0f6401e22f9ab,data/raw/isic2019/ISIC_2019_Training_Input/ISIC_0064009.jpg
PHASH_000512,2,False,4,False,ISIC_0071374,test,SYN_RURAL_like,RURAL_like,very_low,7ed0f6401e02f9ab,data/raw/isic2019/ISIC_2019_Training_Input/ISIC_0071374.jpg
PHASH_000513,2,False,4,False,ISIC_0064042,train,SYN_BCN_like,BCN_like,very_low,d30c0fbcf44383ad,data/raw/isic2019/ISIC_2019_Training_Input/ISIC_0064042.jpg
PHASH_000513,2,False,4,False,ISIC_0073001,train,SYN_BCN_like,BCN_like,very_low,d30c0facf4c30bad,data/raw/isic2019/ISIC_2019_Training_Input/ISIC_0073001.jpg
PHASH_000514,2,False,4,False,ISIC_0064096,train,SYN_RURAL_like,RURAL_like,moderate,4b2cc6b43fd07c0b,data/raw/isic2019/ISIC_2019_Training_Input/ISIC_0064096.jpg
PHASH_000514,2,False,4,False,ISIC_0068957,train,SYN_RURAL_like,RURAL_like,moderate,492cc6b43fd07c8b,data/raw/isic2019/ISIC_2019_Training_Input/ISIC_0068957.jpg
PHASH_000515,2,False,4,False,ISIC_0064097,train,SYN_MSK_like,MSK_like,very_low,339c89664e93713d,data/raw/isic2019/ISIC_2019_Training_Input/ISIC_0064097.jpg
PHASH_000515,2,False,4,False,ISIC_0068858,train,SYN_MSK_like,MSK_like,very_low,731c89664e83717d,data/raw/isic2019/ISIC_2019_Training_Input/ISIC_0068858.jpg
PHASH_000516,2,False,4,False,ISIC_0064127,train,SYN_RURAL_like,RURAL_like,low,599243c30f0b7eb5,data/raw/isic2019/ISIC_2019_Training_Input/ISIC_0064127.jpg
PHASH_000516,2,False,4,False,ISIC_0071962,train,SYN_RURAL_like,RURAL_like,low,5b9243430f0b7eb5,data/raw/isic2019/ISIC_2019_Training_Input/ISIC_0071962.jpg
PHASH_000517,2,False,4,False,ISIC_0064167,test,SYN_HAM_like,HAM_like,high,b94c605643ab9d5d,data/raw/isic2019/ISIC_2019_Training_Input/ISIC_0064167.jpg
PHASH_000517,2,False,4,False,ISIC_0066378,test,SYN_HAM_like,HAM_like,high,bd4ca05603ab9d5d,data/raw/isic2019/ISIC_2019_Training_Input/ISIC_0066378.jpg
PHASH_000518,2,False,4,False,ISIC_0064195,train,SYN_RURAL_like,RURAL_like,high,0db68cd6f452c3a9,data/raw/isic2019/ISIC_2019_Training_Input/ISIC_0064195.jpg
PHASH_000518,2,False,4,False,ISIC_0064693,train,SYN_RURAL_like,RURAL_like,high,0cb68cf67c52c3a9,data/raw/isic2019/ISIC_2019_Training_Input/ISIC_0064693.jpg
PHASH_000519,2,False,4,False,ISIC_0064266,train,SYN_HAM_like,HAM_like,high,59c3f30e263c5cc3,data/raw/isic2019/ISIC_2019_Training_Input/ISIC_0064266.jpg
PHASH_000519,2,False,4,False,ISIC_0067756,train,SYN_HAM_like,HAM_like,high,59e3b30e263c9cc3,data/raw/isic2019/ISIC_2019_Training_Input/ISIC_0067756.jpg
PHASH_000520,2,False,4,True,ISIC_0064289,test,SYN_RURAL_like,RURAL_like,very_low,8945d996d6b9aa85,data/raw/isic2019/ISIC_2019_Training_Input/ISIC_0064289.jpg
PHASH_000520,2,False,4,True,ISIC_0067718,test,SYN_RURAL_like,RURAL_like,very_low,8945d996d6b9aa85,data/raw/isic2019/ISIC_2019_Training_Input/ISIC_0067718.jpg
PHASH_000521,2,False,4,True,ISIC_0064300,test,SYN_BCN_like,BCN_like,moderate,6baa8e82e3aa0e2f,data/raw/isic2019/ISIC_2019_Training_Input/ISIC_0064300.jpg
PHASH_000521,2,False,4,True,ISIC_0066115,test,SYN_BCN_like,BCN_like,moderate,6baa8e82e3aa0e2f,data/raw/isic2019/ISIC_2019_Training_Input/ISIC_0066115.jpg
PHASH_000522,2,False,4,False,ISIC_0064343,train,SYN_HAM_like,HAM_like,very_low,31f3cccc3334ccc3,data/raw/isic2019/ISIC_2019_Training_Input/ISIC_0064343.jpg
PHASH_000522,2,False,4,False,ISIC_0072767,train,SYN_RURAL_like,RURAL_like,very_low,39d3cc4c333cccc3,data/raw/isic2019/ISIC_2019_Training_Input/ISIC_0072767.jpg
PHASH_000523,2,False,4,False,ISIC_0064344,val,SYN_RURAL_like,RURAL_like,high,dccc362af3b30c0d,data/raw/isic2019/ISIC_2019_Training_Input/ISIC_0064344.jpg
PHASH_000523,2,False,4,False,ISIC_0067891,val,SYN_RURAL_like,RURAL_like,high,dcc8332af3b34c0d,data/raw/isic2019/ISIC_2019_Training_Input/ISIC_0067891.jpg
PHASH_000524,2,False,4,True,ISIC_0064493,test,SYN_RURAL_like,RURAL_like,very_low,ee82678e91993c2d,data/raw/isic2019/ISIC_2019_Training_Input/ISIC_0064493.jpg
PHASH_000524,2,False,4,True,ISIC_0069439,test,SYN_RURAL_like,RURAL_like,very_low,ee82678e91993c2d,data/raw/isic2019/ISIC_2019_Training_Input/ISIC_0069439.jpg
PHASH_000525,2,False,4,False,ISIC_0064507,train,SYN_HAM_like,HAM_like,high,39c3f30c873c5cc3,data/raw/isic2019/ISIC_2019_Training_Input/ISIC_0064507.jpg
PHASH_000525,2,False,4,False,ISIC_0072495,train,SYN_RURAL_like,RURAL_like,high,19c3f90ca73c5cc3,data/raw/isic2019/ISIC_2019_Training_Input/ISIC_0072495.jpg
PHASH_000526,2,False,4,False,ISIC_0064524,train,SYN_MSK_like,MSK_like,moderate,3cecbca4d45252ab,data/raw/isic2019/ISIC_2019_Training_Input/ISIC_0064524.jpg
PHASH_000526,2,False,4,False,ISIC_0068805,train,SYN_MSK_like,MSK_like,moderate,bcecb4a4d45252ab,data/raw/isic2019/ISIC_2019_Training_Input/ISIC_0068805.jpg
PHASH_000527,2,False,4,False,ISIC_0064657,val,SYN_RURAL_like,RURAL_like,moderate,0f81f12927e453dd,data/raw/isic2019/ISIC_2019_Training_Input/ISIC_0064657.jpg
PHASH_000527,2,False,4,False,ISIC_0067956,val,SYN_RURAL_like,RURAL_like,moderate,1f81f129a76453cd,data/raw/isic2019/ISIC_2019_Training_Input/ISIC_0067956.jpg
PHASH_000528,2,False,4,True,ISIC_0064670,val,SYN_RURAL_like,RURAL_like,low,7b48c9a81e61eb87,data/raw/isic2019/ISIC_2019_Training_Input/ISIC_0064670.jpg
PHASH_000528,2,False,4,True,ISIC_0072410,val,SYN_RURAL_like,RURAL_like,low,7b48c9a81e61eb87,data/raw/isic2019/ISIC_2019_Training_Input/ISIC_0072410.jpg
PHASH_000529,2,False,4,False,ISIC_0064671,train,SYN_RURAL_like,RURAL_like,very_low,ae0fd45b50a38b55,data/raw/isic2019/ISIC_2019_Training_Input/ISIC_0064671.jpg
PHASH_000529,2,False,4,False,ISIC_0068372,train,SYN_RURAL_like,RURAL_like,very_low,ac0fb47b50a38b55,data/raw/isic2019/ISIC_2019_Training_Input/ISIC_0068372.jpg
PHASH_000530,2,False,4,False,ISIC_0064836,train,SYN_RURAL_like,RURAL_like,high,1d2b77ce633088cd,data/raw/isic2019/ISIC_2019_Training_Input/ISIC_0064836.jpg
PHASH_000530,2,False,4,False,ISIC_0072983,train,SYN_RURAL_like,RURAL_like,high,1d2b73ce633088ed,data/raw/isic2019/ISIC_2019_Training_Input/ISIC_0072983.jpg
PHASH_000531,2,False,4,True,ISIC_0064952,train,SYN_RURAL_like,RURAL_like,very_low,ce2a738ace22fa89,data/raw/isic2019/ISIC_2019_Training_Input/ISIC_0064952.jpg
PHASH_000531,2,False,4,True,ISIC_0069565,train,SYN_RURAL_like,RURAL_like,very_low,ce2a738ace22fa89,data/raw/isic2019/ISIC_2019_Training_Input/ISIC_0069565.jpg
PHASH_000532,2,False,4,False,ISIC_0064977,train,SYN_RURAL_like,RURAL_like,high,e2cb86831a07d8fd,data/raw/isic2019/ISIC_2019_Training_Input/ISIC_0064977.jpg
PHASH_000532,2,False,4,False,ISIC_0067115,train,SYN_RURAL_like,RURAL_like,high,e2cb86831a87d8ed,data/raw/isic2019/ISIC_2019_Training_Input/ISIC_0067115.jpg
PHASH_000533,2,False,4,False,ISIC_0065024,train,SYN_MSK_like,MSK_like,moderate,4abae3262eabe02d,data/raw/isic2019/ISIC_2019_Training_Input/ISIC_0065024.jpg
PHASH_000533,2,False,4,False,ISIC_0069524,train,SYN_MSK_like,MSK_like,moderate,4abae3263eabe00d,data/raw/isic2019/ISIC_2019_Training_Input/ISIC_0069524.jpg
PHASH_000534,2,False,4,False,ISIC_0065072,train,SYN_BCN_like,BCN_like,very_low,56fa5e627ea86881,data/raw/isic2019/ISIC_2019_Training_Input/ISIC_0065072.jpg
PHASH_000534,2,False,4,False,ISIC_0073101,train,SYN_BCN_like,BCN_like,very_low,56fa5e62fea86801,data/raw/isic2019/ISIC_2019_Training_Input/ISIC_0073101.jpg
PHASH_000535,2,False,4,False,ISIC_0065098,train,SYN_RURAL_like,RURAL_like,moderate,d96171a6e51616e9,data/raw/isic2019/ISIC_2019_Training_Input/ISIC_0065098.jpg
PHASH_000535,2,False,4,False,ISIC_0068746,train,SYN_RURAL_like,RURAL_like,moderate,996173a6e51616e9,data/raw/isic2019/ISIC_2019_Training_Input/ISIC_0068746.jpg
PHASH_000536,2,False,4,True,ISIC_0065140,test,SYN_BCN_like,BCN_like,moderate,4b61b7de5ea9a005,data/raw/isic2019/ISIC_2019_Training_Input/ISIC_0065140.jpg
PHASH_000536,2,False,4,True,ISIC_0072994,test,SYN_BCN_like,BCN_like,moderate,4b61b7de5ea9a005,data/raw/isic2019/ISIC_2019_Training_Input/ISIC_0072994.jpg
PHASH_000537,2,False,4,False,ISIC_0065259,train,SYN_BCN_like,BCN_like,low,c91e3161f68b0e75,data/raw/isic2019/ISIC_2019_Training_Input/ISIC_0065259.jpg
PHASH_000537,2,False,4,False,ISIC_0066737,train,SYN_BCN_like,BCN_like,low,891e3161f6ab0677,data/raw/isic2019/ISIC_2019_Training_Input/ISIC_0066737.jpg
PHASH_000538,2,False,4,False,ISIC_0065283,train,SYN_MSK_like,MSK_like,high,ce3333ce4c322ccb,data/raw/isic2019/ISIC_2019_Training_Input/ISIC_0065283.jpg
PHASH_000538,2,False,4,False,ISIC_0067160,train,SYN_MSK_like,MSK_like,high,ce3333ce0c332ccb,data/raw/isic2019/ISIC_2019_Training_Input/ISIC_0067160.jpg
PHASH_000539,2,False,4,True,ISIC_0065588,train,SYN_RURAL_like,RURAL_like,low,9ef40d52b740dc8b,data/raw/isic2019/ISIC_2019_Training_Input/ISIC_0065588.jpg
PHASH_000539,2,False,4,True,ISIC_0065639,train,SYN_RURAL_like,RURAL_like,low,9ef40d52b740dc8b,data/raw/isic2019/ISIC_2019_Training_Input/ISIC_0065639.jpg
PHASH_000540,2,False,4,False,ISIC_0065645,test,SYN_RURAL_like,RURAL_like,very_low,76d85962768ada23,data/raw/isic2019/ISIC_2019_Training_Input/ISIC_0065645.jpg
PHASH_000540,2,False,4,False,ISIC_0065854,test,SYN_BCN_like,BCN_like,very_low,56d85b627688db23,data/raw/isic2019/ISIC_2019_Training_Input/ISIC_0065854.jpg
PHASH_000541,2,False,4,False,ISIC_0065658,train,SYN_BCN_like,BCN_like,high,45a41f59f90306fd,data/raw/isic2019/ISIC_2019_Training_Input/ISIC_0065658.jpg
PHASH_000541,2,False,4,False,ISIC_0066483,train,SYN_BCN_like,BCN_like,high,45841f53f90307fd,data/raw/isic2019/ISIC_2019_Training_Input/ISIC_0066483.jpg
PHASH_000542,2,False,4,False,ISIC_0065795,train,SYN_BCN_like,BCN_like,very_low,439f68f823159957,data/raw/isic2019/ISIC_2019_Training_Input/ISIC_0065795.jpg
PHASH_000542,2,False,4,False,ISIC_0072170,train,SYN_BCN_like,BCN_like,very_low,439f68f823558957,data/raw/isic2019/ISIC_2019_Training_Input/ISIC_0072170.jpg
PHASH_000543,2,False,4,False,ISIC_0065830,train,SYN_MSK_like,MSK_like,moderate,19e9d1a6631c9ce3,data/raw/isic2019/ISIC_2019_Training_Input/ISIC_0065830.jpg
PHASH_000543,2,False,4,False,ISIC_0069649,train,SYN_MSK_like,MSK_like,moderate,39c9f126631c9ce3,data/raw/isic2019/ISIC_2019_Training_Input/ISIC_0069649.jpg
PHASH_000544,2,False,4,False,ISIC_0065832,train,SYN_RURAL_like,RURAL_like,moderate,004c6d23669bbbed,data/raw/isic2019/ISIC_2019_Training_Input/ISIC_0065832.jpg
PHASH_000544,2,False,4,False,ISIC_0069265,train,SYN_RURAL_like,RURAL_like,moderate,10c46c23669bbbed,data/raw/isic2019/ISIC_2019_Training_Input/ISIC_0069265.jpg
PHASH_000545,2,True,4,False,ISIC_0065968,train,SYN_RURAL_like,RURAL_like,very_low,33c3db0ce9b61649,data/raw/isic2019/ISIC_2019_Training_Input/ISIC_0065968.jpg
PHASH_000545,2,True,4,False,ISIC_0066050,val,SYN_BCN_like,BCN_like,very_low,33e3d90c69b69649,data/raw/isic2019/ISIC_2019_Training_Input/ISIC_0066050.jpg
PHASH_000546,2,False,4,False,ISIC_0066020,val,SYN_RURAL_like,RURAL_like,moderate,aef65650525a2da9,data/raw/isic2019/ISIC_2019_Training_Input/ISIC_0066020.jpg
PHASH_000546,2,False,4,False,ISIC_0071085,val,SYN_RURAL_like,RURAL_like,moderate,aef67650525a2ca9,data/raw/isic2019/ISIC_2019_Training_Input/ISIC_0071085.jpg
PHASH_000547,2,False,4,False,ISIC_0066056,train,SYN_HAM_like,HAM_like,moderate,8cf61ef0fc4243a9,data/raw/isic2019/ISIC_2019_Training_Input/ISIC_0066056.jpg
PHASH_000547,2,False,4,False,ISIC_0071256,train,SYN_HAM_like,HAM_like,moderate,8cf61ef0fc4252a9,data/raw/isic2019/ISIC_2019_Training_Input/ISIC_0071256.jpg
PHASH_000548,2,False,4,True,ISIC_0066143,train,SYN_RURAL_like,RURAL_like,high,d8e24bacde096aa3,data/raw/isic2019/ISIC_2019_Training_Input/ISIC_0066143.jpg
PHASH_000548,2,False,4,True,ISIC_0073147,train,SYN_RURAL_like,RURAL_like,high,d8e24bacde096aa3,data/raw/isic2019/ISIC_2019_Training_Input/ISIC_0073147.jpg
PHASH_000549,2,False,4,False,ISIC_0066389,test,SYN_MSK_like,MSK_like,low,735ee1faa1e80703,data/raw/isic2019/ISIC_2019_Training_Input/ISIC_0066389.jpg
PHASH_000549,2,False,4,False,ISIC_0069085,test,SYN_MSK_like,MSK_like,low,f35ee1f8a1e80703,data/raw/isic2019/ISIC_2019_Training_Input/ISIC_0069085.jpg
PHASH_000550,2,False,4,False,ISIC_0066406,train,SYN_RURAL_like,RURAL_like,moderate,936179a6671c9cc9,data/raw/isic2019/ISIC_2019_Training_Input/ISIC_0066406.jpg
PHASH_000550,2,False,4,False,ISIC_0070656,train,SYN_MSK_like,MSK_like,moderate,93617986e33c9cc9,data/raw/isic2019/ISIC_2019_Training_Input/ISIC_0070656.jpg
PHASH_000551,2,False,4,False,ISIC_0066479,train,SYN_RURAL_like,RURAL_like,very_low,6be18919bc8913b7,data/raw/isic2019/ISIC_2019_Training_Input/ISIC_0066479.jpg
PHASH_000551,2,False,4,False,ISIC_0067321,train,SYN_RURAL_like,RURAL_like,very_low,6361cd19bc8913b7,data/raw/isic2019/ISIC_2019_Training_Input/ISIC_0067321.jpg
PHASH_000552,2,False,4,True,ISIC_0066634,val,SYN_RURAL_like,RURAL_like,low,fda28eae7032e489,data/raw/isic2019/ISIC_2019_Training_Input/ISIC_0066634.jpg
PHASH_000552,2,False,4,True,ISIC_0067608,val,SYN_RURAL_like,RURAL_like,low,fda28eae7032e489,data/raw/isic2019/ISIC_2019_Training_Input/ISIC_0067608.jpg
PHASH_000553,2,False,4,False,ISIC_0066687,train,SYN_BCN_like,BCN_like,very_low,0303af03537baf69,data/raw/isic2019/ISIC_2019_Training_Input/ISIC_0066687.jpg
PHASH_000553,2,False,4,False,ISIC_0068645,train,SYN_BCN_like,BCN_like,very_low,0303af03537b2fe9,data/raw/isic2019/ISIC_2019_Training_Input/ISIC_0068645.jpg
PHASH_000554,2,False,4,False,ISIC_0066818,test,SYN_RURAL_like,RURAL_like,very_low,708cc2731ce3e39d,data/raw/isic2019/ISIC_2019_Training_Input/ISIC_0066818.jpg
PHASH_000554,2,False,4,False,ISIC_0069106,test,SYN_RURAL_like,RURAL_like,very_low,708ce3731c43e39d,data/raw/isic2019/ISIC_2019_Training_Input/ISIC_0069106.jpg
PHASH_000555,2,False,4,False,ISIC_0066856,train,SYN_RURAL_like,RURAL_like,high,9362cc9ab34ae6a9,data/raw/isic2019/ISIC_2019_Training_Input/ISIC_0066856.jpg
PHASH_000555,2,False,4,False,ISIC_0070719,train,SYN_RURAL_like,RURAL_like,high,d362ccbab30ae6a1,data/raw/isic2019/ISIC_2019_Training_Input/ISIC_0070719.jpg
PHASH_000556,2,False,4,False,ISIC_0067015,train,SYN_HAM_like,HAM_like,very_low,632c0eb9b64319bd,data/raw/isic2019/ISIC_2019_Training_Input/ISIC_0067015.jpg
PHASH_000556,2,False,4,False,ISIC_0071286,train,SYN_HAM_like,HAM_like,very_low,436d0eb9364319bd,data/raw/isic2019/ISIC_2019_Training_Input/ISIC_0071286.jpg
PHASH_000557,2,False,4,False,ISIC_0067044,train,SYN_MSK_like,MSK_like,high,3cd6ef50bc4250ab,data/raw/isic2019/ISIC_2019_Training_Input/ISIC_0067044.jpg
PHASH_000557,2,False,4,False,ISIC_0072114,train,SYN_MSK_like,MSK_like,high,7cd4ef50bc4250ab,data/raw/isic2019/ISIC_2019_Training_Input/ISIC_0072114.jpg
PHASH_000558,2,False,4,False,ISIC_0067072,train,SYN_RURAL_like,RURAL_like,moderate,362ef2bcd9d0230b,data/raw/isic2019/ISIC_2019_Training_Input/ISIC_0067072.jpg
PHASH_000558,2,False,4,False,ISIC_0070852,train,SYN_RURAL_like,RURAL_like,high,3e2ef3bcc950230b,data/raw/isic2019/ISIC_2019_Training_Input/ISIC_0070852.jpg
PHASH_000559,2,False,4,False,ISIC_0067305,test,SYN_RURAL_like,RURAL_like,moderate,c64a7a287ba346ad,data/raw/isic2019/ISIC_2019_Training_Input/ISIC_0067305.jpg
PHASH_000559,2,False,4,False,ISIC_0070430,test,SYN_RURAL_like,RURAL_like,moderate,c64a6a287bab46ad,data/raw/isic2019/ISIC_2019_Training_Input/ISIC_0070430.jpg
PHASH_000560,2,False,4,False,ISIC_0067308,train,SYN_RURAL_like,RURAL_like,high,3363d98c67349cc3,data/raw/isic2019/ISIC_2019_Training_Input/ISIC_0067308.jpg
PHASH_000560,2,False,4,False,ISIC_0068724,train,SYN_RURAL_like,RURAL_like,very_low,3363c98c6334bccb,data/raw/isic2019/ISIC_2019_Training_Input/ISIC_0068724.jpg
PHASH_000561,2,False,4,False,ISIC_0067425,train,SYN_RURAL_like,RURAL_like,moderate,0cf4add0f442d6ab,data/raw/isic2019/ISIC_2019_Training_Input/ISIC_0067425.jpg
PHASH_000561,2,False,4,False,ISIC_0068392,train,SYN_HAM_like,HAM_like,moderate,2cf4bcd07442d6ab,data/raw/isic2019/ISIC_2019_Training_Input/ISIC_0068392.jpg
PHASH_000562,2,False,4,True,ISIC_0067502,train,SYN_BCN_like,BCN_like,high,a53e5ce11a23a15f,data/raw/isic2019/ISIC_2019_Training_Input/ISIC_0067502.jpg
PHASH_000562,2,False,4,True,ISIC_0067980,train,SYN_RURAL_like,RURAL_like,very_low,a53e5ce11a23a15f,data/raw/isic2019/ISIC_2019_Training_Input/ISIC_0067980.jpg
PHASH_000563,2,False,4,False,ISIC_0067546,val,SYN_RURAL_like,RURAL_like,low,7eeafae0f9802303,data/raw/isic2019/ISIC_2019_Training_Input/ISIC_0067546.jpg
PHASH_000563,2,False,4,False,ISIC_0073108,val,SYN_RURAL_like,RURAL_like,low,7eeaf8e0f9806303,data/raw/isic2019/ISIC_2019_Training_Input/ISIC_0073108.jpg
PHASH_000564,2,False,4,False,ISIC_0067551,train,SYN_RURAL_like,RURAL_like,very_low,26a6bc16d65e69a1,data/raw/isic2019/ISIC_2019_Training_Input/ISIC_0067551.jpg
PHASH_000564,2,False,4,False,ISIC_0068508,train,SYN_RURAL_like,RURAL_like,very_low,26a69c16d67e69a1,data/raw/isic2019/ISIC_2019_Training_Input/ISIC_0068508.jpg
PHASH_000565,2,True,4,False,ISIC_0067557,train,SYN_BCN_like,BCN_like,low,66798ca6d61633c9,data/raw/isic2019/ISIC_2019_Training_Input/ISIC_0067557.jpg
PHASH_000565,2,True,4,False,ISIC_0071682,test,SYN_RURAL_like,RURAL_like,moderate,66698ca6d61639e9,data/raw/isic2019/ISIC_2019_Training_Input/ISIC_0071682.jpg
PHASH_000566,2,False,4,False,ISIC_0067598,train,SYN_RURAL_like,RURAL_like,high,f652d9627c8ad823,data/raw/isic2019/ISIC_2019_Training_Input/ISIC_0067598.jpg
PHASH_000566,2,False,4,False,ISIC_0072715,train,SYN_HAM_like,HAM_like,very_low,f652d9627688da23,data/raw/isic2019/ISIC_2019_Training_Input/ISIC_0072715.jpg
PHASH_000567,2,False,4,False,ISIC_0067692,train,SYN_RURAL_like,RURAL_like,low,fcda59a0db8146a3,data/raw/isic2019/ISIC_2019_Training_Input/ISIC_0067692.jpg
PHASH_000567,2,False,4,False,ISIC_0070854,train,SYN_RURAL_like,RURAL_like,low,fcda5ba0db814623,data/raw/isic2019/ISIC_2019_Training_Input/ISIC_0070854.jpg
PHASH_000568,2,False,4,False,ISIC_0067709,train,SYN_HAM_like,HAM_like,high,85a669da8da13637,data/raw/isic2019/ISIC_2019_Training_Input/ISIC_0067709.jpg
PHASH_000568,2,False,4,False,ISIC_0069201,train,SYN_HAM_like,HAM_like,high,89a661da8da13677,data/raw/isic2019/ISIC_2019_Training_Input/ISIC_0069201.jpg
PHASH_000569,2,False,4,False,ISIC_0067733,train,SYN_RURAL_like,RURAL_like,high,b4b652fe895074a3,data/raw/isic2019/ISIC_2019_Training_Input/ISIC_0067733.jpg
PHASH_000569,2,False,4,False,ISIC_0072473,train,SYN_RURAL_like,RURAL_like,high,bcb642fc895074ab,data/raw/isic2019/ISIC_2019_Training_Input/ISIC_0072473.jpg
PHASH_000570,2,True,4,False,ISIC_0067752,train,SYN_RURAL_like,RURAL_like,very_low,f6f09c54f602d88b,data/raw/isic2019/ISIC_2019_Training_Input/ISIC_0067752.jpg
PHASH_000570,2,True,4,False,ISIC_0070392,test,SYN_BCN_like,BCN_like,very_low,f6f09c50f422da8b,data/raw/isic2019/ISIC_2019_Training_Input/ISIC_0070392.jpg
PHASH_000571,2,False,4,False,ISIC_0067776,train,SYN_RURAL_like,RURAL_like,high,6c63b38c199ce663,data/raw/isic2019/ISIC_2019_Training_Input/ISIC_0067776.jpg
PHASH_000571,2,False,4,False,ISIC_0069514,train,SYN_RURAL_like,RURAL_like,high,7c63b38c099ce663,data/raw/isic2019/ISIC_2019_Training_Input/ISIC_0069514.jpg
PHASH_000572,2,False,4,True,ISIC_0067799,test,SYN_RURAL_like,RURAL_like,moderate,5a3479dca97a43a1,data/raw/isic2019/ISIC_2019_Training_Input/ISIC_0067799.jpg
PHASH_000572,2,False,4,True,ISIC_0071186,test,SYN_RURAL_like,RURAL_like,moderate,5a3479dca97a43a1,data/raw/isic2019/ISIC_2019_Training_Input/ISIC_0071186.jpg
PHASH_000573,2,False,4,False,ISIC_0067808,train,SYN_MSK_like,MSK_like,high,e7f206e23321ce87,data/raw/isic2019/ISIC_2019_Training_Input/ISIC_0067808.jpg
PHASH_000573,2,False,4,False,ISIC_0068106,train,SYN_MSK_like,MSK_like,high,c7f206e273a1ce85,data/raw/isic2019/ISIC_2019_Training_Input/ISIC_0068106.jpg
PHASH_000574,2,False,4,False,ISIC_0067971,train,SYN_RURAL_like,RURAL_like,high,792a26e38a83f8ad,data/raw/isic2019/ISIC_2019_Training_Input/ISIC_0067971.jpg
PHASH_000574,2,False,4,False,ISIC_0071631,train,SYN_RURAL_like,RURAL_like,high,792a66e30a83f8ad,data/raw/isic2019/ISIC_2019_Training_Input/ISIC_0071631.jpg
PHASH_000575,2,False,4,False,ISIC_0068482,train,SYN_MSK_like,MSK_like,high,ccdc767adae24809,data/raw/isic2019/ISIC_2019_Training_Input/ISIC_0068482.jpg
PHASH_000575,2,False,4,False,ISIC_0070213,train,SYN_MSK_like,MSK_like,high,ccdc7672dae24889,data/raw/isic2019/ISIC_2019_Training_Input/ISIC_0070213.jpg
PHASH_000576,2,False,4,False,ISIC_0068594,train,SYN_RURAL_like,RURAL_like,very_low,98637186a63b93a7,data/raw/isic2019/ISIC_2019_Training_Input/ISIC_0068594.jpg
PHASH_000576,2,False,4,False,ISIC_0072727,train,SYN_RURAL_like,RURAL_like,very_low,9c637186a63993a7,data/raw/isic2019/ISIC_2019_Training_Input/ISIC_0072727.jpg
PHASH_000577,2,False,4,False,ISIC_0068652,train,SYN_BCN_like,BCN_like,very_low,6ee28c0e13d931cf,data/raw/isic2019/ISIC_2019_Training_Input/ISIC_0068652.jpg
PHASH_000577,2,False,4,False,ISIC_0068948,train,SYN_BCN_like,BCN_like,very_low,eee28c0e139931cf,data/raw/isic2019/ISIC_2019_Training_Input/ISIC_0068948.jpg
PHASH_000578,2,False,4,False,ISIC_0068895,train,SYN_MSK_like,MSK_like,high,43e38d9bb80b6695,data/raw/isic2019/ISIC_2019_Training_Input/ISIC_0068895.jpg
PHASH_000578,2,False,4,False,ISIC_0070137,train,SYN_MSK_like,MSK_like,high,43e38d9bbc0b22d5,data/raw/isic2019/ISIC_2019_Training_Input/ISIC_0070137.jpg
PHASH_000579,2,False,4,True,ISIC_0069013,train,SYN_RURAL_like,RURAL_like,very_low,d1425b0a56eb4aaf,data/raw/isic2019/ISIC_2019_Training_Input/ISIC_0069013.jpg
PHASH_000579,2,False,4,True,ISIC_0071017,train,SYN_BCN_like,BCN_like,high,d1425b0a56eb4aaf,data/raw/isic2019/ISIC_2019_Training_Input/ISIC_0071017.jpg
PHASH_000580,2,False,4,False,ISIC_0069052,val,SYN_RURAL_like,RURAL_like,moderate,e82ad28aadaed8a9,data/raw/isic2019/ISIC_2019_Training_Input/ISIC_0069052.jpg
PHASH_000580,2,False,4,False,ISIC_0070718,val,SYN_RURAL_like,RURAL_like,moderate,e82af28aadaad8a9,data/raw/isic2019/ISIC_2019_Training_Input/ISIC_0070718.jpg
PHASH_000581,2,False,4,False,ISIC_0069121,train,SYN_RURAL_like,RURAL_like,very_low,bca8588ce6a3b82f,data/raw/isic2019/ISIC_2019_Training_Input/ISIC_0069121.jpg
PHASH_000581,2,False,4,False,ISIC_0070186,train,SYN_RURAL_like,RURAL_like,very_low,b8a858ace6a3b82f,data/raw/isic2019/ISIC_2019_Training_Input/ISIC_0070186.jpg
PHASH_000582,2,False,4,False,ISIC_0069177,val,SYN_MSK_like,MSK_like,very_low,f658f9484ca2b2ab,data/raw/isic2019/ISIC_2019_Training_Input/ISIC_0069177.jpg
PHASH_000582,2,False,4,False,ISIC_0070617,val,SYN_MSK_like,MSK_like,very_low,fe50f9485c22b2ab,data/raw/isic2019/ISIC_2019_Training_Input/ISIC_0070617.jpg
PHASH_000583,2,False,4,False,ISIC_0069228,train,SYN_RURAL_like,RURAL_like,moderate,798afa2ae48ab82b,data/raw/isic2019/ISIC_2019_Training_Input/ISIC_0069228.jpg
PHASH_000583,2,False,4,False,ISIC_0069794,train,SYN_RURAL_like,RURAL_like,moderate,798ad82ae4aab8ab,data/raw/isic2019/ISIC_2019_Training_Input/ISIC_0069794.jpg
PHASH_000584,2,False,4,False,ISIC_0069229,train,SYN_RURAL_like,RURAL_like,very_low,dcf25262f9a98287,data/raw/isic2019/ISIC_2019_Training_Input/ISIC_0069229.jpg
PHASH_000584,2,False,4,False,ISIC_0069676,train,SYN_RURAL_like,RURAL_like,very_low,de725262e9a9c287,data/raw/isic2019/ISIC_2019_Training_Input/ISIC_0069676.jpg
PHASH_000585,2,False,4,False,ISIC_0069306,test,SYN_RURAL_like,RURAL_like,moderate,36fad92836887c27,data/raw/isic2019/ISIC_2019_Training_Input/ISIC_0069306.jpg
PHASH_000585,2,False,4,False,ISIC_0070534,test,SYN_RURAL_like,RURAL_like,moderate,36fad92036887ca7,data/raw/isic2019/ISIC_2019_Training_Input/ISIC_0070534.jpg
PHASH_000586,2,False,4,False,ISIC_0069494,train,SYN_RURAL_like,RURAL_like,very_low,7c39d6c30a1321fd,data/raw/isic2019/ISIC_2019_Training_Input/ISIC_0069494.jpg
PHASH_000586,2,False,4,False,ISIC_0069569,train,SYN_RURAL_like,RURAL_like,very_low,7c39d4c30a1361fd,data/raw/isic2019/ISIC_2019_Training_Input/ISIC_0069569.jpg
PHASH_000587,2,False,4,False,ISIC_0069774,train,SYN_RURAL_like,RURAL_like,very_low,39c9e30e8e3c59c3,data/raw/isic2019/ISIC_2019_Training_Input/ISIC_0069774.jpg
PHASH_000587,2,False,4,False,ISIC_0070422,train,SYN_RURAL_like,RURAL_like,high,39c3e30c8e3cd9c3,data/raw/isic2019/ISIC_2019_Training_Input/ISIC_0070422.jpg
PHASH_000588,2,False,4,False,ISIC_0070566,train,SYN_RURAL_like,RURAL_like,high,a6ac96965958a7a3,data/raw/isic2019/ISIC_2019_Training_Input/ISIC_0070566.jpg
PHASH_000588,2,False,4,False,ISIC_0071693,train,SYN_MSK_like,MSK_like,high,a6a6d6965958a7a1,data/raw/isic2019/ISIC_2019_Training_Input/ISIC_0071693.jpg
PHASH_000589,2,False,4,False,ISIC_0070688,train,SYN_RURAL_like,RURAL_like,low,d30e2c31e34b31bd,data/raw/isic2019/ISIC_2019_Training_Input/ISIC_0070688.jpg
PHASH_000589,2,False,4,False,ISIC_0071831,train,SYN_RURAL_like,RURAL_like,low,d30e2c33c34335bd,data/raw/isic2019/ISIC_2019_Training_Input/ISIC_0071831.jpg
PHASH_000590,2,False,4,True,ISIC_0070713,test,SYN_RURAL_like,RURAL_like,moderate,cebc33f48c506c2b,data/raw/isic2019/ISIC_2019_Training_Input/ISIC_0070713.jpg
PHASH_000590,2,False,4,True,ISIC_0071606,test,SYN_RURAL_like,RURAL_like,moderate,cebc33f48c506c2b,data/raw/isic2019/ISIC_2019_Training_Input/ISIC_0071606.jpg
PHASH_000591,2,False,4,False,ISIC_0071099,val,SYN_RURAL_like,RURAL_like,moderate,49a6b5433a89c57d,data/raw/isic2019/ISIC_2019_Training_Input/ISIC_0071099.jpg
PHASH_000591,2,False,4,False,ISIC_0072807,val,SYN_RURAL_like,RURAL_like,moderate,49a6b7433a89c575,data/raw/isic2019/ISIC_2019_Training_Input/ISIC_0072807.jpg
PHASH_000592,2,False,4,False,ISIC_0072158,train,SYN_MSK_like,MSK_like,high,6489d32e2e93b8ad,data/raw/isic2019/ISIC_2019_Training_Input/ISIC_0072158.jpg
PHASH_000592,2,False,4,False,ISIC_0072869,train,SYN_MSK_like,MSK_like,high,6c89f32e2693b8a5,data/raw/isic2019/ISIC_2019_Training_Input/ISIC_0072869.jpg
PHASH_000593,2,False,4,False,ISIC_0072714,train,SYN_RURAL_like,RURAL_like,high,6dd8b358a5a25e83,data/raw/isic2019/ISIC_2019_Training_Input/ISIC_0072714.jpg
PHASH_000593,2,False,4,False,ISIC_0072923,train,SYN_RURAL_like,RURAL_like,high,65f8b358a5a25e83,data/raw/isic2019/ISIC_2019_Training_Input/ISIC_0072923.jpg
PHASH_000594,2,False,4,False,ISIC_0072726,train,SYN_MSK_like,MSK_like,low,d3c629268e377391,data/raw/isic2019/ISIC_2019_Training_Input/ISIC_0072726.jpg
PHASH_000594,2,False,4,False,ISIC_0072898,train,SYN_MSK_like,MSK_like,low,d3862b268e375791,data/raw/isic2019/ISIC_2019_Training_Input/ISIC_0072898.jpg
